"external_id","source_id","subject","subject_slug","chapter_num","chapter_slug","chapter_title","node_kind","statement","option_a","option_b","option_c","option_d","correct_option","explanation","difficulty","flag_for_review","source","tests"
"maths-ch1-q1","ch1-q1","Mathematics","maths","1","number-systems","Number Systems","chapter","Modulus of iota (i) is equal to:","0","1","-1","i","b","Modulus of a complex number = sqrt(x^2 + y^2), where x is the real part and y is the imaginary part. For iota, the real part is 0 and the imaginary part is 1, so modulus = sqrt(0^2 + 1^2) = 1.","easy","","oetp","net:past_paper"
"maths-ch1-q2","ch1-q2","Mathematics","maths","1","number-systems","Number Systems","chapter","Additive inverse of a complex number (a, b) is written as:","(-a, b)","(a, -b)","(-a, -b)","(1/a, 1/b)","c","Every complex number (a, b) has the additive inverse (-a, -b), since (a, b) + (-a, -b) = (0, 0).","easy","","oetp","net:past_paper"
"maths-ch1-q3","ch1-q3","Mathematics","maths","1","number-systems","Number Systems","chapter","If a > b, then according to the addition property of inequalities, a + c ___ c + b:",">","<","=","None of these","a","Adding the same quantity to both sides of an inequality preserves its direction. Since a > b, adding c (and b respectively) keeps a + c > c + b.","medium","","oetp","net:past_paper"
"maths-ch1-q4","ch1-q4","Mathematics","maths","1","number-systems","Number Systems","chapter","What is the area of a rectangular room with length 5 - 3i and width 2i?","6 + 10i","5 - 1","16","8","a","Area = Length x Width = (5 - 3i)(2i) = 10i - 6i^2 = 10i + 6 = 6 + 10i.","medium","","oetp","net:past_paper"
"maths-ch1-q5","ch1-q5","Mathematics","maths","1","number-systems","Number Systems","chapter","Real component of (4 - i)^2 is:","8","15","23","7","b","(4 - i)^2 = 16 + i^2 - 8i = 16 - 1 - 8i = 15 - 8i. The real part is 15 and the imaginary part is -8i.","medium","","oetp","net:past_paper"
"maths-ch1-q6","ch1-q6","Mathematics","maths","1","number-systems","Number Systems","chapter","Real part of (2 - 3i)^6 is:","-2035","2035","828","132","b","(2 - 3i)^6 = ((2 - 3i)^2)^3. (2 - 3i)^2 = 4 + 9i^2 - 12i = -5 - 12i. Cubing -(5 + 12i) gives 2035 + 828i, so the real part is 2035.","hard","","oetp","net:past_paper"
"maths-ch1-q7","ch1-q7","Mathematics","maths","1","number-systems","Number Systems","chapter","Additive inverse of 2 + sqrt(3) i is:","2 - sqrt(3) i","-2 + sqrt(3) i","-2 - sqrt(3) i","-0.5 - sqrt(3) i","c","The additive inverse of a + bi is -a - bi. For 2 + sqrt(3) i, the additive inverse is -2 - sqrt(3) i, since their sum is 0.","easy","","oetp","net:past_paper"
"maths-ch1-q8","ch1-q8","Mathematics","maths","1","number-systems","Number Systems","chapter","What is the real component of the complex number (4 - i)^2?","-8","17","15","None of these","c","(4 - i)^2 = 16 + i^2 - 8i = 15 - 8i. The real component is 15.","medium","","oetp","net:past_paper"
"maths-ch1-q9","ch1-q9","Mathematics","maths","1","number-systems","Number Systems","chapter","Iota (i) expressed in the form of coordinates is:","(0, 1)","(1, 0)","(0, 0)","It is impossible to express a complex number in the form of coordinates","a","A complex number x + iy is written as the ordered pair (x, y). Iota = 0 + 1i, so it is (0, 1).","easy","","oetp","net:past_paper"
"maths-ch1-q10","ch1-q10","Mathematics","maths","1","number-systems","Number Systems","chapter","Which one of the following is the real part of the complex number 6(2 - 3i)?","2","12","-3","6","b","6(2 - 3i) = 12 - 18i. The real part is 12.","easy","","oetp","net:past_paper"
"maths-ch1-q11","ch1-q11","Mathematics","maths","1","number-systems","Number Systems","chapter","Simplify the expression (1 + i)^8:","-16","16","4","8","b","(1 + i)^8 = ((1 + i)^2)^4. Since (1 + i)^2 = 1 + 2i + i^2 = 2i, we get (2i)^4 = 16 i^4 = 16(1) = 16.","hard","","oetp","net:past_paper"
"maths-ch1-q12","ch1-q12","Mathematics","maths","1","number-systems","Number Systems","chapter","Additive identity of a complex number is:","(1, 0)","(0, 1)","(0, 0)","All of these","c","The additive identity of complex numbers is (0, 0). Adding it to any complex number leaves the number unchanged. (Note: (1, 0) is the multiplicative identity.)","easy","","oetp","net:past_paper"
"maths-ch1-q13","ch1-q13","Mathematics","maths","1","number-systems","Number Systems","chapter","Find the imaginary part of (2 + 3i)^3:","44i","9i","-46","-27i","b","Using (a + b)^3 = a^3 + b^3 + 3ab(a + b): (2 + 3i)^3 = 8 + 27i^3 + 18i(2 + 3i) = -46 + 9i. The imaginary part is 9i.","hard","","oetp","net:past_paper"
"maths-ch1-q14","ch1-q14","Mathematics","maths","1","number-systems","Number Systems","chapter","If a > b, then ax > bx when x is:","< 1","= 0","> 0","< 0","c","Multiplying an inequality by a positive number preserves its direction. For ax > bx to remain true (same direction as a > b), x must be positive (x > 0). Multiplying by a negative number would flip the sign.","medium","","oetp","net:past_paper"
"maths-ch1-q15","ch1-q15","Mathematics","maths","1","number-systems","Number Systems","chapter","If a and b are two non-negative numbers such that a < b, then 1/a - 1/b is:","> 0","< 0","= 0","None of these","a","1/a - 1/b = (b - a)/(ab). Since a < b, the numerator (b - a) is positive, and the denominator (ab, a product of two positive numbers) is positive. A positive divided by a positive is positive, so the expression is greater than 0.","medium","","oetp","net:past_paper"
"maths-ch1-q16","ch1-q16","Mathematics","maths","1","number-systems","Number Systems","chapter","If a and b are two non-negative numbers such that a > b, then 1/a - 1/b is:","> 0","< 0","= 0","None of these","b","1/a - 1/b = (b - a)/(ab). Since a > b, the numerator (b - a) is negative, while the denominator (ab) is positive. A negative divided by a positive is negative, so the expression is less than 0.","medium","","oetp","net:past_paper"
"maths-ch1-q17","ch1-q17","Mathematics","maths","1","number-systems","Number Systems","chapter","Associative property of multiplication is applicable on:","2 x 2 matrices","Rational numbers","Complex numbers","All of these","d","The associative property A x (B x C) = (A x B) x C holds for matrices, rational numbers and complex numbers. (Do not confuse it with the commutative property, which does NOT hold for matrix multiplication.)","medium","","oetp","net:past_paper"
"maths-ch1-q18","ch1-q18","Mathematics","maths","1","number-systems","Number Systems","chapter","Find the multiplicative inverse of the complex number z = 5 + i:","(5/26) - (1/26)i","5 - i","1 - 5i","5 + i","a","The multiplicative inverse of a complex number (a, b) is (a/(a^2 + b^2), -b/(a^2 + b^2)). For 5 + i: a = 5, b = 1, a^2 + b^2 = 26, so the inverse is 5/26 - (1/26)i.","hard","","oetp","net:past_paper"
"maths-ch1-q19","ch1-q19","Mathematics","maths","1","number-systems","Number Systems","chapter","The absolute value of z = (1 + i)/(3 - i) is:","sqrt(1/10)","sqrt(5)/5","sqrt(5)","sqrt(10)","b","Rationalize: (1 + i)/(3 - i) x (3 + i)/(3 + i) = (2 + 4i)/10 = 1/5 + (2/5)i. Then |z| = sqrt((1/5)^2 + (2/5)^2) = sqrt(5/25) = sqrt(5)/5.","hard","","oetp","net:past_paper"
"maths-ch1-q20","ch1-q20","Mathematics","maths","1","number-systems","Number Systems","chapter","For De Moivre's Theorem, n belongs to which of the following sets?","Z (Integers)","Q (Rationals)","R (Reals)","N (Naturals)","a","De Moivre's Theorem (cos@ + i sin@)^n = cos n@ + i sin n@ holds for integer exponents. It does not hold for all fractions or complex exponents, so the best possible answer is Z, the set of integers.","easy","","oetp","net:past_paper"
"maths-ch1-q21","ch1-q21","Mathematics","maths","1","number-systems","Number Systems","chapter","Find the real part in (cos@ - i sin@)^2, for @ = 45 degrees:","0","1","-1","90","a","By De Moivre's Theorem, (cos@ - i sin@)^2 = cos 2@ - i sin 2@. For @ = 45 degrees: cos 90 - i sin 90 = 0 - i = -i. The real part is 0.","medium","","oetp","net:past_paper"
"maths-ch1-q22","ch1-q22","Mathematics","maths","1","number-systems","Number Systems","chapter","Find (z-bar)^2 if z = 2 + sqrt(3) i:","4 - 3i","4 + 3i","1 - 4 sqrt(3) i","1 + 4 sqrt(3) i","c","The conjugate of z = 2 + sqrt(3) i is z-bar = 2 - sqrt(3) i. Squaring: (2 - sqrt(3) i)^2 = 4 - 4 sqrt(3) i + 3i^2 = 4 - 4 sqrt(3) i - 3 = 1 - 4 sqrt(3) i.","hard","","oetp","net:past_paper"
"maths-ch1-q23","ch1-q23","Mathematics","maths","1","number-systems","Number Systems","chapter","If a : b = c : d, then (a + b) : (a - b) = (c + d) : (c - d) represents which property?","Convertendo","Componendo-Dividendo","Componendo","Dividendo","b","The Componendo-Dividendo property states: if a : b = c : d, then (a + b) : (a - b) = (c + d) : (c - d), which is exactly the expression shown. (Note: the OCR'd source's written explanation mistakenly concluded 'Alternendo', but the source's own marked answer key is Componendo-Dividendo, which is the mathematically correct match.)","hard","","oetp","net:past_paper"
"maths-ch2-q1","ch2-q1","Mathematics","maths","2","sets-functions-and-groups","Sets, Functions and Groups","chapter","Which of the following is the associative law for sets?","A u (B u C) = (A u B) n C","A u (B u C) = A n (B u C)","A u (B u C) = (A u B) u C","None of these","c","The associative law for union of sets is A u (B u C) = (A u B) u C; grouping does not affect the result.","easy","","oetp","net:past_paper"
"maths-ch2-q2","ch2-q2","Mathematics","maths","2","sets-functions-and-groups","Sets, Functions and Groups","chapter","If A and B, B and C are overlapping sets while A and C are disjoint sets, which of the following can represent the sets A, B and C?","A = Natural Numbers, B = Even Integers, C = Odd Integers","A = Squares of natural numbers, B = Even Natural Numbers, C = Rational Numbers","A = Rational Numbers, B = Real Numbers, C = Irrational Numbers","None of these","c","Rational (A) and Real (B) overlap; Real (B) and Irrational (C) overlap; Rational (A) and Irrational (C) are disjoint. This matches the required conditions.","hard","","oetp","net:past_paper"
"maths-ch2-q3","ch2-q3","Mathematics","maths","2","sets-functions-and-groups","Sets, Functions and Groups","chapter","If A n B = A u B, what can you say about sets A and B?","A and B are disjoint sets","A and B are overlapping sets","A is a subset of B","A and B are equal sets","d","The intersection and union of two sets are equal only when the two sets contain exactly the same elements, i.e., the sets are equal.","easy","","oetp","net:past_paper"
"maths-ch2-q4","ch2-q4","Mathematics","maths","2","sets-functions-and-groups","Sets, Functions and Groups","chapter","Which of the following shows that {A} is a subset of the other set?","A = [0, A, B]","A = [0, B]","A = [A, B]","None of these","d","None of these correctly shows {A} as a subset. There is a difference between A (an element) and {A} (a set). The correct relation would be {A} subset-of {Other Set}.","hard","","oetp","net:past_paper"
"maths-ch2-q5","ch2-q5","Mathematics","maths","2","sets-functions-and-groups","Sets, Functions and Groups","chapter","If A is a subset of B then B is a superset of A. This condition holds true for which option?","A = B","A subset-of B","B subset-or-equal A","None of these","b","If A is a (proper) subset of B (A subset-of B), then B is a superset of A.","medium","","oetp","net:past_paper"
"maths-ch2-q6","ch2-q6","Mathematics","maths","2","sets-functions-and-groups","Sets, Functions and Groups","chapter","Which one of the following properties of sets is the commutative property?","A u B = B u A","A = B","A u (B u C) = (A u B) u C","A' = U - A","a","The commutative property states that order does not matter for union: A u B = B u A (similarly for intersection).","easy","","oetp","net:past_paper"
"maths-ch2-q7","ch2-q7","Mathematics","maths","2","sets-functions-and-groups","Sets, Functions and Groups","chapter","If A = {a, b, c}, the number of subsets of set A will be:","4","6","8","12","c","Number of subsets = 2^n, where n is the number of elements. A has 3 elements, so 2^3 = 8 subsets.","easy","","oetp","net:past_paper"
"maths-ch2-q8","ch2-q8","Mathematics","maths","2","sets-functions-and-groups","Sets, Functions and Groups","chapter","If A = {1, 2, 3}, B = {0, 4, 5}, find the number of subsets of A u B.","64","8","6","32","a","A u B = {0, 1, 2, 3, 4, 5} has 6 elements, so the number of subsets = 2^6 = 64.","medium","","oetp","net:past_paper"
"maths-ch2-q9","ch2-q9","Mathematics","maths","2","sets-functions-and-groups","Sets, Functions and Groups","chapter","A statement which is always false is termed as:","Contingency","Tautology","Absurdity","Negation","c","A statement always false is an absurdity (contradiction). Always true = tautology; sometimes true/false = contingency.","easy","","oetp","net:past_paper"
"maths-ch2-q10","ch2-q10","Mathematics","maths","2","sets-functions-and-groups","Sets, Functions and Groups","chapter","A n B = A n C will always be true if:","B = C","B subset-of C","C subset-of B","All of these","a","Only B = C guarantees A n B = A n C for all values of A, B and C. The subset cases hold only in some cases, not all.","hard","","oetp","net:past_paper"
"maths-ch2-q11","ch2-q11","Mathematics","maths","2","sets-functions-and-groups","Sets, Functions and Groups","chapter","If A and B are non-empty sets, then which of the following must be incorrect?","A n B = A","A u B = empty set","A subset-of B","B subset-of A","b","The union of two non-empty sets contains all their elements and can never be empty, so A u B = empty set must be incorrect. The other options can be true depending on A and B.","hard","","oetp","net:past_paper"
"maths-ch2-q12","ch2-q12","Mathematics","maths","2","sets-functions-and-groups","Sets, Functions and Groups","chapter","If x = {1, 2, 3, 4} and y = {a, b, c, d} and f(x, y) = {(1, a), (2, b), (3, c), (4, d)}, the relation between x and y is:","Onto","Into","(1-1) and Into","(1-1) and Onto","d","Each element of x is paired with exactly one distinct element of y, with every element of y used. This is a bijective (one-to-one and onto) function.","medium","","oetp","net:past_paper"
"maths-ch2-q13","ch2-q13","Mathematics","maths","2","sets-functions-and-groups","Sets, Functions and Groups","chapter","Which of the following is equal to the universal set?","A u A","A n U","A u U","None of these","c","A u U = U (union with the universal set gives the universal set). Note A u A = A and A n U = A.","easy","","oetp","net:past_paper"
"maths-ch2-q14","ch2-q14","Mathematics","maths","2","sets-functions-and-groups","Sets, Functions and Groups","chapter","If A = {1, 3, 9, 2}, B = {2, 8, 5}, then A n B = ?","{2}","2","{1, 5}","None of these","a","The intersection returns elements common to both sets. The only common element is 2, and the intersection is itself a set, so A n B = {2}.","easy","","oetp","net:past_paper"
"maths-ch3-q1","y1-ch3-q1","Mathematics","maths","3","matrices-and-determinants","Matrices and Determinants","chapter","Find the value(s) of x if the given 3x3 determinant equals -30:","-2, 3","3, -4","2, -3","4, -3","a","Expanding the determinant and equating to -30 reduces to x^2 - x - 6 = 0, i.e. (x-3)(x+2)=0, so x = 3 or x = -2.","hard","Determinant entries partly garbled by OCR; answer verified from worked solution.","oetp","net:past_paper"
"maths-ch3-q2","y1-ch3-q2","Mathematics","maths","3","matrices-and-determinants","Matrices and Determinants","chapter","Determinant of the given 3x3 matrix (its 1st and 3rd rows are identical) is:","24","12","-44","None of these","d","If two rows of a matrix are identical, the determinant is 0. Since 0 is not listed, the answer is None of these.","medium","","oetp","net:past_paper"
"maths-ch3-q3","y1-ch3-q3","Mathematics","maths","3","matrices-and-determinants","Matrices and Determinants","chapter","Inverse of A = [[a, b], [c, d]] is:","(1/(ad-bc)) [[-a, b],[c, d]]","(1/(ad-bc)) [[a, b],[c, d]]","[[d, -b],[-c, a]] (no 1/det factor)","None of these","d","The correct inverse is (1/(ad-bc)) [[d, -b], [-c, a]]. None of the printed options matched exactly, so the key marks None of these.","hard","","oetp","net:past_paper"
"maths-ch3-q4","y1-ch3-q4","Mathematics","maths","3","matrices-and-determinants","Matrices and Determinants","chapter","Inverse of the given 2x2 matrix A is:","see scan","see scan","see scan","None of these","","Question matrix and options were too corrupted by OCR to recover reliably.","medium","UNRECOVERABLE: Q4 matrix/options garbled. Needs manual entry from scan; answer not assigned.","oetp","net:past_paper"
"maths-ch3-q5","y1-ch3-q5","Mathematics","maths","3","matrices-and-determinants","Matrices and Determinants","chapter","Null matrix of order 1 x 2 is:","(0  0)","(0; 0) column form","[[0,0],[0,0]]","Both a and b","a","A null matrix of order 1 x 2 has 1 row and 2 columns of zeros: (0  0).","easy","","oetp","net:past_paper"
"maths-ch3-q6","y1-ch3-q6","Mathematics","maths","3","matrices-and-determinants","Matrices and Determinants","chapter","Orders of some matrices are given below. Which one of them cannot be multiplied?","m x n, n x p","a x b, b x c","1 x 2, 2 x 6","3 x 5, 4 x 1","d","Multiplication needs columns of the first = rows of the second. For 3 x 5 and 4 x 1, 5 != 4, so they cannot be multiplied.","medium","","oetp","net:past_paper"
"maths-ch3-q7","y1-ch3-q7","Mathematics","maths","3","matrices-and-determinants","Matrices and Determinants","chapter","Find the cofactor of the element 1 in the given matrix A (minor of 1 is 4, at position (1,1)):","1","-1","4","-4","c","Cofactor = (-1)^(i+j) x minor. For position (1,1): (-1)^2 x 4 = +4.","medium","","oetp","net:past_paper"
"maths-ch3-q8","y1-ch3-q8","Mathematics","maths","3","matrices-and-determinants","Matrices and Determinants","chapter","If A is the given 2x2 matrix, find |A^-1| (determinant of its inverse):","60","0","120","None of these","d","The key computes |A| = 4(15) - 12(5) = 60 - 60 = 0, so A is singular; its inverse does not exist. Hence None of these.","hard","Matrix entries garbled; conclusion (singular -> None of these) from key.","oetp","net:past_paper"
"maths-ch3-q9","y1-ch3-q9","Mathematics","maths","3","matrices-and-determinants","Matrices and Determinants","chapter","What is the determinant of a Null matrix?","1","0","infinity","None of these","b","A null matrix has all entries 0, so its determinant is always 0.","easy","","oetp","net:past_paper"
"maths-ch3-q10","y1-ch3-q10","Mathematics","maths","3","matrices-and-determinants","Matrices and Determinants","chapter","If A is symmetric, then A - A^t =","2A","A","0","None of these","c","For a symmetric matrix A^t = A, so A - A^t = A - A = 0.","easy","","oetp","net:past_paper"
"maths-ch3-q11","y1-ch3-q11","Mathematics","maths","3","matrices-and-determinants","Matrices and Determinants","chapter","Find the product BA for the given 2x2 matrices A and B:","see scan","see scan","see scan","None of these","","Both matrices and all options were too corrupted by OCR to recover reliably.","medium","UNRECOVERABLE: Q11 matrices/options garbled. Needs manual entry from scan; answer not assigned.","oetp","net:past_paper"
"maths-ch3-q12","y1-ch3-q12","Mathematics","maths","3","matrices-and-determinants","Matrices and Determinants","chapter","Find the inverse of the diagonal matrix diag(-3, 9, 5):","diag(-1/3, 1/9, 1/5)","diag(-3, 9, 5)","diag(3, -9, -5)","Inverse does not exist","a","For a diagonal matrix with non-zero diagonal entries, the inverse is the diagonal matrix of reciprocals: diag(-1/3, 1/9, 1/5).","medium","","oetp","net:past_paper"
"maths-ch3-q13","y1-ch3-q13","Mathematics","maths","3","matrices-and-determinants","Matrices and Determinants","chapter","If A and B are two matrices, then adjoint(AB) is equal to:","adjoint(A) adjoint(B)","adjoint(B) adjoint(A)","adjoint(BA)","None of these","b","Adjoint reverses order under multiplication: adjoint(AB) = adjoint(B) adjoint(A).","easy","","oetp","net:past_paper"
"maths-ch3-q14","y1-ch3-q14","Mathematics","maths","3","matrices-and-determinants","Matrices and Determinants","chapter","If A = [[4, a, 3], [7, 3, 6], [2, 3, 1]] is singular, then a =","0","-5","3","7","c","Singular means det = 0. Expanding by column 1: |A| = 4(3-18) - a(7-12) + 3(21-6) = 5a - 15. Set 5a - 15 = 0 -> a = 3.","hard","","oetp","net:past_paper"
"maths-ch3-q15","y1-ch3-q15","Mathematics","maths","3","matrices-and-determinants","Matrices and Determinants","chapter","Which of the following set of matrices can be multiplied?","(1 1)(1 1)","a column with [0 0]","(1 0) with a 2x1 column","All of these","c","Only option c is a 1x2 multiplied by a 2x1, where columns of the first (2) equal rows of the second (2).","medium","Option matrices garbled; answer from key.","oetp","net:past_paper"
"maths-ch3-q16","y1-ch3-q16","Mathematics","maths","3","matrices-and-determinants","Matrices and Determinants","chapter","Find the minor of the element 7 in the given 3x3 matrix (7 is in row 3, column 1):","8","9","5","6","c","The minor of 7 is the 2x2 determinant after deleting its row and column: 32 - 27 = 5.","medium","Matrix entries garbled; answer verified from key.","oetp","net:past_paper"
"maths-ch3-q17","y1-ch3-q17","Mathematics","maths","3","matrices-and-determinants","Matrices and Determinants","chapter","Find the determinant of the given 4x4 matrix A:","28","156","720","None of these","d","After taking 2 common from the 2nd row, the 2nd and 4th rows become identical, so the determinant is 0 = None of these.","hard","","oetp","net:past_paper"
"maths-ch4-q1","y1-ch4-q1","Mathematics","maths","4","quadratic-equations","Quadratic Equations","chapter","ax^2 + bx + c = 0 has only one root if:","a = 0","b = 0","c = 0","a = b","a","When a = 0, the equation reduces to the linear equation bx + c = 0, which has only one root x = -c/b.","medium","","oetp","net:past_paper"
"maths-ch4-q2","y1-ch4-q2","Mathematics","maths","4","quadratic-equations","Quadratic Equations","chapter","If x = 3y and 3x - 2y = 7, which of the following is the value of y that satisfies both?","1","1.5","2.5","3","a","Substitute x = 3y into 3x - 2y = 7: 9y - 2y = 7 -> 7y = 7 -> y = 1.","medium","","oetp","net:past_paper"
"maths-ch4-q3","y1-ch4-q3","Mathematics","maths","4","quadratic-equations","Quadratic Equations","chapter","Sum of reciprocals of the 4th roots of unity is?","0","1","i","2","a","Fourth roots of unity are 1, -1, i, -i. Their reciprocals are 1, -1, 1/i, -1/i, which add up to 0.","easy","","oetp","net:past_paper"
"maths-ch4-q4","y1-ch4-q4","Mathematics","maths","4","quadratic-equations","Quadratic Equations","chapter","Real fourth roots of unity are:","0, 1","1, -1","1, -1, i, -i","0, 1, i","b","The fourth roots of unity are 1, -1, i, -i. The real ones are 1 and -1.","easy","","oetp","net:past_paper"
"maths-ch4-q5","y1-ch4-q5","Mathematics","maths","4","quadratic-equations","Quadratic Equations","chapter","The sum of all fourth roots of unity is:","1","0","-1","i","b","Fourth roots of unity are 1, -1, i, -i; their sum is 0.","easy","","oetp","net:past_paper"
"maths-ch4-q6","y1-ch4-q6","Mathematics","maths","4","quadratic-equations","Quadratic Equations","chapter","What will be the value of 'a' in x^4 + x^2 + ax + 1 if 1 is a root of the expression?","0","1","-3","3","c","If 1 is a root, substituting x = 1 gives 1 + 1 + a + 1 = 0 -> a + 3 = 0 -> a = -3.","hard","","oetp","net:past_paper"
"maths-ch4-q7","y1-ch4-q7","Mathematics","maths","4","quadratic-equations","Quadratic Equations","chapter","Which of the following are the roots of the equation x^2 - 3x - 4 = 0?","1, 4","3, 4","-1, 4","-3, 4","c","x^2 - 3x - 4 = (x + 1)(x - 4) = 0, so x = -1 or x = 4.","medium","","oetp","net:past_paper"
"maths-ch4-q8","y1-ch4-q8","Mathematics","maths","4","quadratic-equations","Quadratic Equations","chapter","Cube roots of unity are?","1, w, w^2","1, -1, i","1, i, -i","0, 1, -1","a","The cube roots of unity are 1, w and w^2 (where w is the complex cube root of unity).","easy","","oetp","net:past_paper"
"maths-ch4-q9","y1-ch4-q9","Mathematics","maths","4","quadratic-equations","Quadratic Equations","chapter","If x^4 - 3x^2 - 4 = 0 then its roots are:","2, -2, i and -i","1, -1, i and -i","i, -i only","None of these","a","Let y = x^2: y^2 - 3y - 4 = 0 -> y = 4 or y = -1. So x^2 = 4 -> x = 2, -2; and x^2 = -1 -> x = i, -i.","medium","","oetp","net:past_paper"
"maths-ch4-q10","y1-ch4-q10","Mathematics","maths","4","quadratic-equations","Quadratic Equations","chapter","Product of cube roots of unity is:","1","0","-1","w","a","The product of the cube roots of unity 1 * w * w^2 = w^3 = 1.","easy","","oetp","net:past_paper"
"maths-ch4-q11","y1-ch4-q11","Mathematics","maths","4","quadratic-equations","Quadratic Equations","chapter","w^28 + w^29 = ?","w^2","0","2w","1","c","Since w^3 = 1: w^28 = w^(27+1) = w and w^29 = w^2... using w^27 = 1, w^28 + w^29 = w + w^2... per the key this evaluates to 2w.","hard","OCR exponents ambiguous; answer (2w) taken from key. Verify exponents against scan.","oetp","net:past_paper"
"maths-ch4-q12","y1-ch4-q12","Mathematics","maths","4","quadratic-equations","Quadratic Equations","chapter","The equation which does not change by replacing x with 1/x is known as:","Linear","Quadratic","Proportional","Reciprocal equation","d","An equation that remains unchanged when x is replaced by 1/x is called a reciprocal equation.","medium","","oetp","net:past_paper"
"maths-ch4-q13","y1-ch4-q13","Mathematics","maths","4","quadratic-equations","Quadratic Equations","chapter","If n is any real number and w^n = w^2 where w is a cube root of unity, which of the following is a possible value of n?","4","6","-2","-1","d","Since w^3 = 1, w^n cycles every 3. w^(-2) = w^(3-2) = w^1... per the key, w^(-1) = w^2, so the matching value is n = -1; the key marks -1.","hard","","oetp","net:past_paper"
"maths-ch4-q14","y1-ch4-q14","Mathematics","maths","4","quadratic-equations","Quadratic Equations","chapter","If a and b are the roots of ax^2 + bx + c = 0, then the equation with roots 1/a and 1/b is:","x^2/a + x/b + 1/c = 0","ay^2 + by + c = 0","cy^2 + by + a = 0","None of these","c","For roots 1/a and 1/b: sum = (a+b)/(ab) = -b/c, product = 1/(ab) = a/c. The required equation y^2 - (sum)y + product = 0 becomes cy^2 + by + a = 0.","hard","","oetp","net:past_paper"
"maths-ch4-q15","y1-ch4-q15","Mathematics","maths","4","quadratic-equations","Quadratic Equations","chapter","Simplify: cube root of a^3 * cube root of b^3 * cube root of c^3 (product form):","cube root of abc","(abc)^(1/3)","a*b*c","3","c","Each cube root simplifies to the base, so the product is a*b*c (the key gives the simplified value 1 for the specific ratio form; here the product of cube roots equals abc).","hard","","oetp","net:past_paper"
"maths-ch4-q16","y1-ch4-q16","Mathematics","maths","4","quadratic-equations","Quadratic Equations","chapter","Find the square of (-1 - sqrt(3) i)/2:","(-1 - sqrt(3) i)/2","(-1 + sqrt(3) i)/2","1","None of these","b","((-1 - sqrt(3) i)/2)^2 = (1 + 2 sqrt(3) i + 3 i^2)/4 = (1 - 3 + 2 sqrt(3) i)/4 = (-2 + 2 sqrt(3) i)/4 = (-1 + sqrt(3) i)/2.","hard","","oetp","net:past_paper"
"maths-ch4-q17","y1-ch4-q17","Mathematics","maths","4","quadratic-equations","Quadratic Equations","chapter","If a + b = 10 and the equation is x^2 - kx + 1 = 0... find the value of k (sum of roots = 10):","5","-5","20","-20","c","Sum of roots of x^2 - kx + 1 = 0 is k. Per the key, with the given condition the sum equals 20, so k = 20.","hard","OCR garbled equation; answer (20) per key. Verify against scan.","oetp","net:past_paper"
"maths-ch4-q18","y1-ch4-q18","Mathematics","maths","4","quadratic-equations","Quadratic Equations","chapter","w^7 + w^22 can be simplified to:","-1","w^2","w^7 + 1","w","d","Using w^3 = 1: w^7 = w, w^22 = w. So w^7 + w^22 = w + w ... per key it simplifies to w.","hard","OCR exponents ambiguous; answer (w) per key. Verify against scan.","oetp","net:past_paper"
"maths-ch4-q19","y1-ch4-q19","Mathematics","maths","4","quadratic-equations","Quadratic Equations","chapter","Factors of x^2 - 2x + 1 are:","(x - 2)(x + 1)","(x + 2)(x - 1)","(x - 1)(x - 1)","(x + 1)(x - 1)","c","x^2 - 2x + 1 = (x - 1)^2 = (x - 1)(x - 1).","easy","","oetp","net:past_paper"
"maths-ch4-q20","y1-ch4-q20","Mathematics","maths","4","quadratic-equations","Quadratic Equations","chapter","Factors of x^2 + 5x + 6 are:","(x + 6)(x + 1)","(x + 5)(x + 1)","(x + 3)(x + 2)","(x - 6)(x - 1)","c","x^2 + 5x + 6 = (x + 2)(x + 3).","easy","","oetp","net:past_paper"
"maths-ch4-q21","y1-ch4-q21","Mathematics","maths","4","quadratic-equations","Quadratic Equations","chapter","If the diagonal of a square measures 20 units, then the length of its sides is:","10","7","10 sqrt(2)","None of these","c","For a square, diagonal d = sqrt(2) * side. So side = d/sqrt(2) = 20/sqrt(2) = 10 sqrt(2).","medium","","oetp","net:past_paper"
"maths-ch4-q22","y1-ch4-q22","Mathematics","maths","4","quadratic-equations","Quadratic Equations","chapter","Find three consecutive integers such that when twice the second number is subtracted from the sum of first and three times the third, the result is 44:","8, 9, 10","13, 14, 15","13, 14, 16","20, 21, 22","d","Let integers be x, x+1, x+2. Then x + 3(x+2) - 2(x+1) = 44 -> 2x + 4 = 44 -> x = 20. So integers are 20, 21, 22.","hard","","oetp","net:past_paper"
"maths-ch4-q23","y1-ch4-q23","Mathematics","maths","4","quadratic-equations","Quadratic Equations","chapter","If f(x) = x^7 + x^8 + x^9 + x^2 + x + 1 is divided by x + 1, then the remainder is:","6","-6","2","-2","d","By the Remainder Theorem, remainder = f(-1) = -1 + 1 - 1 - 1 - 1 + 1 = -2.","medium","Polynomial terms partly garbled by OCR; answer per worked solution f(-1) = -2.","oetp","net:past_paper"
"maths-ch4-q24","y1-ch4-q24","Mathematics","maths","4","quadratic-equations","Quadratic Equations","chapter","For the equation x^2 - 2x + 16 = 0, the product of roots is:","16","2","3","None of these","a","Product of roots = constant/coefficient of x^2 = 16/1 = 16.","medium","","oetp","net:past_paper"
"maths-ch4-q25","y1-ch4-q25","Mathematics","maths","4","quadratic-equations","Quadratic Equations","chapter","The point of intersection of x + 2y = 8 and 2x + 5y = -9 is:","(2, 3)","(-7, 4)","(-27, 58)","(58, -27)","d","Solving simultaneously: from elimination, y = -27, then x + 2(-27) = 8 -> x = 58. Intersection is (58, -27).","hard","","oetp","net:past_paper"
"maths-ch4-q26","y1-ch4-q26","Mathematics","maths","4","quadratic-equations","Quadratic Equations","chapter","ax^2 + bx + c = 0 has only 1 root when:","a = 0","b = 0","c = 0","All of these","a","When the coefficient of x^2 (a) is 0, the quadratic reduces to a linear equation, which has only one root.","easy","","oetp","net:past_paper"
"maths-ch4-q27","y1-ch4-q27","Mathematics","maths","4","quadratic-equations","Quadratic Equations","chapter","The sum of roots of ax^2 + bx + c = 0 is zero when:","a = c","b = 0","b = 0 (coeff of x)","c = 0","b","Sum of roots = -b/a. This is 0 only when b = 0 (the coefficient of x is zero).","medium","","oetp","net:past_paper"
"maths-ch4-q28","y1-ch4-q28","Mathematics","maths","4","quadratic-equations","Quadratic Equations","chapter","For what value of z will the average of 3, 8 and z be equal to 10?","9","15","19","27","c","Average = (3 + 8 + z)/3 = 10 -> 11 + z = 30 -> z = 19.","medium","","oetp","net:past_paper"
"maths-ch5-q1","y1-ch5-q1","Mathematics","maths","5","partial-fractions","Partial Fractions","chapter","If 1/(x(x+1)) = A/x + B/(x+1), then A + B = ?","2","0","-2","1","b","Multiplying by x(x+1): 1 = A(x+1) + Bx. At x = -1: B = -1. At x = 0: A = 1. So A + B = 1 + (-1) = 0.","medium","","oetp","net:past_paper"
"maths-ch5-q2","y1-ch5-q2","Mathematics","maths","5","partial-fractions","Partial Fractions","chapter","If 4x/((x-1)(x+1)) = A/(x-1) + B/(x+1), then the values of A and B are:","2 and 2","2 and -2","1 and -1","None of these","a","Multiplying by (x-1)(x+1): 4x = A(x+1) + B(x-1). At x = 1: 4 = 2A -> A = 2. At x = -1: -4 = -2B -> B = 2.","medium","","oetp","net:past_paper"
"maths-ch6-q1","y1-ch6-q1","Mathematics","maths","6","sequences-and-series","Sequences and Series","chapter","For an A.P. if t1 = 3 and t10 = 39, then S10 is:","210","212","216","214","a","t10 = a + 9d = 39 -> 3 + 9d = 39 -> d = 4. S10 = (10/2)(2*3 + 9*4) = 5(42) = 210.","medium","","oetp","net:past_paper"
"maths-ch6-q2","y1-ch6-q2","Mathematics","maths","6","sequences-and-series","Sequences and Series","chapter","What is the geometric mean between 9 and 4?","6","6.5","5","13","a","G.M = sqrt(9 * 4) = sqrt(36) = 6.","easy","","oetp","net:past_paper"
"maths-ch6-q3","y1-ch6-q3","Mathematics","maths","6","sequences-and-series","Sequences and Series","chapter","Next number of the series 5, 8, 11, 14, 17... is:","20","19","21","18","a","This is an A.P. with common difference 3, so the next term is 17 + 3 = 20.","easy","","oetp","net:past_paper"
"maths-ch6-q4","y1-ch6-q4","Mathematics","maths","6","sequences-and-series","Sequences and Series","chapter","9th number of the series 1, 4, 8, 13, 19... is?","53","34","43","54","a","Differences are 3, 4, 5, 6, ... The terms continue 26, 34, 43, 53. The 9th term is 53.","medium","","oetp","net:past_paper"
"maths-ch6-q5","y1-ch6-q5","Mathematics","maths","6","sequences-and-series","Sequences and Series","chapter","Two A.Ms between 5 and 11 are:","7, 8","7, 9","6, 8","6.5, 8.5","b","5, A1, A2, 11 form an A.P. 11 = 5 + 3d -> d = 2. So A1 = 7, A2 = 9.","easy","","oetp","net:past_paper"
"maths-ch6-q6","y1-ch6-q6","Mathematics","maths","6","sequences-and-series","Sequences and Series","chapter","Sum to infinity of the G.P. formed by (-e)^(-2n) for n = 1 to infinity:","infinity","0","(e^2 - 1)^(-1)","e^2","c","The series is a G.P. with ratio e^(-2). Sum = a1/(1-r) = (e^-2)/(1 - e^-2) = 1/(e^2 - 1) = (e^2 - 1)^(-1).","hard","","oetp","net:past_paper"
"maths-ch6-q7","y1-ch6-q7","Mathematics","maths","6","sequences-and-series","Sequences and Series","chapter","If 2 and 32 are in G.P., find their geometric mean:","8","-8","16","-16","a","G.M = sqrt(2 * 32) = sqrt(64) = +/-8. We take the positive geometric mean, so 8.","medium","","oetp","net:past_paper"
"maths-ch6-q10","y1-ch6-q10","Mathematics","maths","6","sequences-and-series","Sequences and Series","chapter","For an A.P., if a7 = 19 and a12 = 29, what is the common difference?","2","3","4","5","a","a7 = a + 6d = 19; a12 = a + 11d = 29. Subtracting: 5d = 10 -> d = 2.","medium","","oetp","net:past_paper"
"maths-ch6-q12","y1-ch6-q12","Mathematics","maths","6","sequences-and-series","Sequences and Series","chapter","The series 1, 1/3, 1/2, 1/7... (reciprocals form an A.P.) is:","Geometric","Arithmetic","Harmonic","None of these","c","The reciprocals of the terms form an Arithmetic series, so the given series is a Harmonic series.","medium","","oetp","net:past_paper"
"maths-ch6-q13","y1-ch6-q13","Mathematics","maths","6","sequences-and-series","Sequences and Series","chapter","Calculate the exact value of the repeating decimal 0.4545...:","5/11","4/11","0.5/11","none of these","a","0.4545... = 45/99 = 5/11.","medium","","oetp","net:past_paper"
"maths-ch6-q14","y1-ch6-q14","Mathematics","maths","6","sequences-and-series","Sequences and Series","chapter","Series 2, 2, 2, 2... is:","an arithmetic sequence with common difference 0","common difference 2","common difference 4","Not an arithmetic sequence","a","A constant sequence is an A.P. with common difference 0.","medium","","oetp","net:past_paper"
"maths-ch6-q15","y1-ch6-q15","Mathematics","maths","6","sequences-and-series","Sequences and Series","chapter","Sum of the series 0.2 + 0.02 + 0.002 ... up to infinite terms is:","1/3","1/6","2/9","3/12","c","G.P. with a1 = 0.2, r = 0.1. Sum = 0.2/(1 - 0.1) = 0.2/0.9 = 2/9.","medium","","oetp","net:past_paper"
"maths-ch6-q16","y1-ch6-q16","Mathematics","maths","6","sequences-and-series","Sequences and Series","chapter","If Sn = n^2 for an A.P., then a_n = ?","n^2 - a1","n^2 + a1","2n^2 - a1","n^2 * a1","c","Sn = (n/2)(a1 + an) = n^2 -> a1 + an = 2n -> an = 2n - a1. Per the key the matching option is 2n^2 - a1.","medium","OCR garbled; answer per key (2n^2 - a1). Verify against scan.","oetp","net:past_paper"
"maths-ch6-q17","y1-ch6-q17","Mathematics","maths","6","sequences-and-series","Sequences and Series","chapter","1 + 2 + 3 + 4 + ... + 100 = ?","5050","5000","2550","4500","a","Sum of first n naturals = n(n+1)/2 = 100*101/2 = 5050.","easy","","oetp","net:past_paper"
"maths-ch6-q18","y1-ch6-q18","Mathematics","maths","6","sequences-and-series","Sequences and Series","chapter","2 + 4 + 6 + ... + 100 = ?","2250","2550","1275","1775","b","A.P. with 50 terms, a1 = 2, a50 = 100. Sum = (50/2)(2 + 100) = 25 * 102 = 2550.","medium","","oetp","net:past_paper"
"maths-ch6-q19","y1-ch6-q19","Mathematics","maths","6","sequences-and-series","Sequences and Series","chapter","A.M of 1/4 and 3/8 is:","10/8","5/16","6/16","5/8","b","A.M = (1/4 + 3/8)/2 = (2/8 + 3/8)/2 = (5/8)/2 = 5/16.","easy","","oetp","net:past_paper"
"maths-ch6-q20","y1-ch6-q20","Mathematics","maths","6","sequences-and-series","Sequences and Series","chapter","2 + 4 + 8 + 16 + ... up to n terms = ?","2^n","2^(n+1) - 2","2^n + 2","None of these","b","G.P. with a1 = 2, r = 2. Sum = 2(2^n - 1)/(2 - 1) = 2^(n+1) - 2.","medium","","oetp","net:past_paper"
"maths-ch6-q21","y1-ch6-q21","Mathematics","maths","6","sequences-and-series","Sequences and Series","chapter","If t_n = (-1/3)^n * t_(n-1) and t1 = 1, the series represented by t_n is:","AP","GP","HP","None of these","d","Evaluating successive terms does not produce a constant difference, ratio, or harmonic pattern, so None of these.","hard","","oetp","net:past_paper"
"maths-ch6-q22","y1-ch6-q22","Mathematics","maths","6","sequences-and-series","Sequences and Series","chapter","Which of the following series has r = 0.5?","1, 1.5, 2, 2.5...","2, 4, 8, 16...","256, 128, 64, 32...","All of these","c","Common ratio = term/previous term. Only 256, 128, 64, 32... has r = 128/256 = 0.5.","medium","","oetp","net:past_paper"
"maths-ch6-q23","y1-ch6-q23","Mathematics","maths","6","sequences-and-series","Sequences and Series","chapter","The series 1 + 1 + 1 + 1 + ... is:","Convergent","Divergent","Neither convergent nor divergent","Both","b","The common ratio is 1, and |r| >= 1, so the geometric series diverges.","medium","","oetp","net:past_paper"
"maths-ch6-q24","y1-ch6-q24","Mathematics","maths","6","sequences-and-series","Sequences and Series","chapter","Sum of the series 8 + 4 + 2 + ... + 1/32:","495/32","625/32","511/32","None of these","c","G.P. with a1 = 8, r = 1/2; the term 1/32 is the 9th term. Sum = 8(1 - (1/2)^9)/(1 - 1/2) = 16(511/512) = 511/32.","hard","","oetp","net:past_paper"
"maths-ch6-q25","y1-ch6-q25","Mathematics","maths","6","sequences-and-series","Sequences and Series","chapter","Difference between the arithmetic mean and geometric mean of 5 and 7:","0.8","0.08","0.008","0.0008","b","A.M = 6, G.M = sqrt(35) = 5.92. Difference = 6 - 5.92 = 0.08.","medium","","oetp","net:past_paper"
"maths-ch6-q26","y1-ch6-q26","Mathematics","maths","6","sequences-and-series","Sequences and Series","chapter","What is the nth term of the sequence: 1, 3, 5, ...?","2n - 1","2n + 3","2n","Impossible to find","a","A.P. with a1 = 1, d = 2. nth term = 1 + (n-1)*2 = 2n - 1.","easy","","oetp","net:past_paper"
"maths-ch6-q27","y1-ch6-q27","Mathematics","maths","6","sequences-and-series","Sequences and Series","chapter","What is the sum of the first 50 natural numbers?","500","1275","1200","8900","b","Sum = n(n+1)/2 = 50*51/2 = 1275.","easy","","oetp","net:past_paper"
"maths-ch6-q28","y1-ch6-q28","Mathematics","maths","6","sequences-and-series","Sequences and Series","chapter","What are three A.Ms between -18 and 4?","12.5, 7 and 2.5","Can't be found between negative and positive","-12.5, -7 and -1.5","None of these","c","-18, A1, A2, A3, 4 form an A.P. 4 = -18 + 4d -> d = 5.5. So A1 = -12.5, A2 = -7, A3 = -1.5.","medium","","oetp","net:past_paper"
"maths-ch6-q29","y1-ch6-q29","Mathematics","maths","6","sequences-and-series","Sequences and Series","chapter","Sum the series up to n terms: 1 + 3 + 5 + ...","n^2","n e^2","2n","-45.12","a","Sum of first n odd numbers = (n/2)(2 + (n-1)2) = (n/2)(2n) = n^2.","medium","","oetp","net:past_paper"
"maths-ch6-q30","y1-ch6-q30","Mathematics","maths","6","sequences-and-series","Sequences and Series","chapter","What is the G.M of 32 and 64?","48","45.12","-48","-45.12","b","G.M = sqrt(32 * 64) = sqrt(2048) = 32 sqrt(2) = 45.12 (taking the positive geometric mean).","medium","","oetp","net:past_paper"
"maths-ch6-q31","y1-ch6-q31","Mathematics","maths","6","sequences-and-series","Sequences and Series","chapter","Sum to infinity of the G.P. with a1 = 2, r = 1/2 (sum of 1/2^n type):","1/2","2","4","1","c","Sum = a1/(1 - r) = 2/(1 - 1/2) = 4.","medium","","oetp","net:past_paper"
"maths-ch6-q32","y1-ch6-q32","Mathematics","maths","6","sequences-and-series","Sequences and Series","chapter","The 11th term of the series 2, 5/2, 3...:","11/2","14/2","22/2","17/2","b","A.P. with a1 = 2, d = 0.5. 11th term = 2 + 10(0.5) = 7 = 14/2.","medium","","oetp","net:past_paper"
"maths-ch6-q33","y1-ch6-q33","Mathematics","maths","6","sequences-and-series","Sequences and Series","chapter","Calculate S5 given t1 = 8 and r = -1/2:","-25/2","85/16","55/8","-95/32","b","G.P. sum S5 = 8(1 - (-1/2)^5)/(1 - (-1/2)) = 8(1 + 1/32)/(3/2) = 8(33/32)(2/3) = 85/16.","hard","","oetp","net:past_paper"
"maths-ch6-q34","y1-ch6-q34","Mathematics","maths","6","sequences-and-series","Sequences and Series","chapter","Sum to infinity of the G.P. with a1 = 2 and r = 1/2:","2","4","-2","16","b","Sum = a1/(1 - r) = 2/(1 - 1/2) = 4.","easy","","oetp","net:past_paper"
"maths-ch6-q35","y1-ch6-q35","Mathematics","maths","6","sequences-and-series","Sequences and Series","chapter","Which of the following series converges?","S = -1 -1 -1 -...","S = 1 + 1/2 + 1/4 + ...","S = 1 + 1 + 1 + ...","S = 2 + 4 + 8 + ...","b","A geometric series converges when |r| < 1. Only 1 + 1/2 + 1/4 + ... has |r| = 1/2 < 1.","easy","","oetp","net:past_paper"
"maths-ch6-q36","y1-ch6-q36","Mathematics","maths","6","sequences-and-series","Sequences and Series","chapter","Find the sum of the series 1^2 + 3^2 + 5^2 + ... (n terms):","(n/3)(n+1)(2n+1)","(n/3)(4n^2 - 1)","(n/3)(n+1)","(n/3)(6n^2 + 3n - 1)","b","General term (2k-1)^2 = 4k^2 - 4k + 1. Summing gives (n/3)(4n^2 - 1).","hard","","oetp","net:past_paper"
"maths-ch6-q37","y1-ch6-q37","Mathematics","maths","6","sequences-and-series","Sequences and Series","chapter","The H.M between 1/2 and 1/8 is:","16/5","1/5","5","5/16","b","H.M = 2ab/(a+b) = 2(1/2)(1/8)/(1/2 + 1/8) = (1/8)/(5/8) = 1/5.","easy","","oetp","net:past_paper"
"maths-ch6-q38","y1-ch6-q38","Mathematics","maths","6","sequences-and-series","Sequences and Series","chapter","5, -15, 45, ... What will be the sign of the 84563214th term?","Positive","Negative","Either","Cannot be determined","b","G.P. with r = -3. Terms at even positions are negative. 84563214 is even, so the term is negative.","medium","","oetp","net:past_paper"
"maths-ch6-q39","y1-ch6-q39","Mathematics","maths","6","sequences-and-series","Sequences and Series","chapter","Find the 10th term of the H.P.: 1/8, 1/3, -1/2, -1/7, ...:","37","1/37","-37","-1/37","d","Corresponding A.P. is 8, 3, -2, -7, ... with d = -5. 10th A.P. term = 8 + 9(-5) = -37. So the H.P. term is -1/37.","hard","","oetp","net:past_paper"
"maths-ch7-q1","y1-ch7-q1","Mathematics","maths","7","permutation-combination-and-probability","Permutation, Combination and Probability","chapter","Two dice are thrown simultaneously. What is the probability that the sum of numbers on top is 5?","1/3","4/5","1/7","1/9","d","Total outcomes = 36. Favorable (sum 5): (1,4),(4,1),(2,3),(3,2) = 4. Probability = 4/36 = 1/9.","medium","","oetp","net:past_paper"
"maths-ch7-q2","y1-ch7-q2","Mathematics","maths","7","permutation-combination-and-probability","Permutation, Combination and Probability","chapter","How many diagonals can be formed in a 7-sided polygon?","14","21","19","23","a","Number of diagonals = nC2 - n = 7C2 - 7 = 21 - 7 = 14.","medium","","oetp","net:past_paper"
"maths-ch7-q3","y1-ch7-q3","Mathematics","maths","7","permutation-combination-and-probability","Permutation, Combination and Probability","chapter","Probability of a rotten apple in a box is 1/100. With 6 boxes containing 1200 apples total, how many rotten apples?","2","24","6","12","d","Rate is 1 per 100 apples. For 1200 apples: 1200/100 = 12 rotten apples.","medium","","oetp","net:past_paper"
"maths-ch7-q4","y1-ch7-q4","Mathematics","maths","7","permutation-combination-and-probability","Permutation, Combination and Probability","chapter","If nP2 x nC3 = 96, then n = ?","1","3","4","6","c","For n = 4: 4P2 x 4C3 = 12 x 4 = 48... testing values, n = 4 satisfies the equation per the key (24 x 4 = 96).","hard","OCR garbled the expression; answer (4) per key. Verify exact expression against scan.","oetp","net:past_paper"
"maths-ch7-q5","y1-ch7-q5","Mathematics","maths","7","permutation-combination-and-probability","Permutation, Combination and Probability","chapter","If a die is rolled twice, what is the probability that the numbers add up to 8?","2/36","2/4","4/36","5/36","d","Favorable (sum 8): (2,6),(3,5),(4,4),(5,3),(6,2) = 5. Probability = 5/36.","medium","","oetp","net:past_paper"
"maths-ch7-q6","y1-ch7-q6","Mathematics","maths","7","permutation-combination-and-probability","Permutation, Combination and Probability","chapter","Total number of 5-digit arrangements from 1,2,3,4,5 such that 1 and 5 never come next to each other:","24","48","72","120","c","Total = 5! = 120. Treating (1,5) and (5,1) as a block: 4! + 4! = 48 arrangements have them together. So 120 - 48 = 72.","hard","","oetp","net:past_paper"
"maths-ch7-q7","y1-ch7-q7","Mathematics","maths","7","permutation-combination-and-probability","Permutation, Combination and Probability","chapter","Probability of picking a diamond card from a deck of 52 cards:","1/13","1/4","13/26","12/53","b","There are 13 diamonds in 52 cards. Probability = 13/52 = 1/4.","easy","","oetp","net:past_paper"
"maths-ch7-q8","y1-ch7-q8","Mathematics","maths","7","permutation-combination-and-probability","Permutation, Combination and Probability","chapter","In how many ways can the letters of COCOCOLA be arranged using all letters?","280","40320","1120","6720","c","8 letters with C repeated 3 times and O repeated 3 times: 8!/(3! 3!) = 40320/36 = 1120.","hard","","oetp","net:past_paper"
"maths-ch7-q9","y1-ch7-q9","Mathematics","maths","7","permutation-combination-and-probability","Permutation, Combination and Probability","chapter","Probability of picking a queen or a face card from 52 cards:","14/3","3/13","4/13","1/4","b","Face cards (J, Q, K) total 12 and include the queens. Probability = 12/52 = 3/13.","medium","","oetp","net:past_paper"
"maths-ch7-q10","y1-ch7-q10","Mathematics","maths","7","permutation-combination-and-probability","Permutation, Combination and Probability","chapter","(n+1)!/(n-1)! = ?","n + 1","n/2","n - 1","None of these","d","(n+1)!/(n-1)! = (n+1)(n) = n^2 + n, which is not among options a-c, so None of these.","medium","","oetp","net:past_paper"
"maths-ch7-q11","y1-ch7-q11","Mathematics","maths","7","permutation-combination-and-probability","Permutation, Combination and Probability","chapter","Probability of any event cannot have the value of:","1/5","1/8","1/2","3/2","d","Probability lies between 0 and 1. 3/2 > 1 is impossible.","easy","","oetp","net:past_paper"
"maths-ch7-q12","y1-ch7-q12","Mathematics","maths","7","permutation-combination-and-probability","Permutation, Combination and Probability","chapter","Tickets 1 to 20 are mixed; one is drawn. Probability that it is a multiple of 3 or 5?","1/2","2/5","8/15","9/20","d","Multiples of 3: 6; of 5: 4; of 15: 1. P = (6 + 4 - 1)/20 = 9/20.","hard","","oetp","net:past_paper"
"maths-ch7-q13","y1-ch7-q13","Mathematics","maths","7","permutation-combination-and-probability","Permutation, Combination and Probability","chapter","How many 6-digit numbers can be formed without repeating any digit from 0,1,2,3,4,5?","600","720","96","120","a","First digit cannot be 0: 5 choices; remaining 5 positions: 5! arrangements. Total = 5 x 5! = 5 x 120 = 600.","medium","","oetp","net:past_paper"
"maths-ch7-q14","y1-ch7-q14","Mathematics","maths","7","permutation-combination-and-probability","Permutation, Combination and Probability","chapter","If two dice are thrown, probability that the sum is an odd number?","0.25","0.5","0.75","1","b","Out of 36 outcomes, 18 give an odd sum. Probability = 18/36 = 0.5.","medium","","oetp","net:past_paper"
"maths-ch7-q15","y1-ch7-q15","Mathematics","maths","7","permutation-combination-and-probability","Permutation, Combination and Probability","chapter","Number of arrangements if 6 officers sit at a round table:","720","120","60","6","b","Circular arrangements of n objects = (n-1)! = 5! = 120.","medium","","oetp","net:past_paper"
"maths-ch7-q16","y1-ch7-q16","Mathematics","maths","7","permutation-combination-and-probability","Permutation, Combination and Probability","chapter","If a coin is tossed 4 times in a row, probability that no tail shows up?","1/16","5/16","3/16","0","a","Total outcomes = 2^4 = 16. Only 1 outcome (all heads) has no tail. Probability = 1/16.","medium","","oetp","net:past_paper"
"maths-ch7-q17","y1-ch7-q17","Mathematics","maths","7","permutation-combination-and-probability","Permutation, Combination and Probability","chapter","If a coin is tossed 4 times, probability that at least one tail shows up?","9/16","11/16","13/16","15/16","d","P(at least one tail) = 1 - P(no tail) = 1 - 1/16 = 15/16.","medium","","oetp","net:past_paper"
"maths-ch7-q18","y1-ch7-q18","Mathematics","maths","7","permutation-combination-and-probability","Permutation, Combination and Probability","chapter","From 12 boys and 8 girls, a team of 5 is formed. Probability the team has 3 boys and 2 girls:","12C3 x 8C2 / 20C5","20P5","20C5","12P2 x 8P3","a","Favorable = 12C3 x 8C2; total = 20C5. Probability = (12C3 x 8C2)/20C5.","hard","","oetp","net:past_paper"
"maths-ch7-q19","y1-ch7-q19","Mathematics","maths","7","permutation-combination-and-probability","Permutation, Combination and Probability","chapter","Number of ways of selecting 11 players from 15 in which the captain is always included:","3003","1001","1365","165","b","Captain is fixed, so choose 10 from remaining 14 = 14C10 = 1001.","hard","","oetp","net:past_paper"
"maths-ch7-q20","y1-ch7-q20","Mathematics","maths","7","permutation-combination-and-probability","Permutation, Combination and Probability","chapter","Simplify: n!/(n-1)!  x  (n-1) (i.e., the expression reducing to n^2 - n):","n - 1","n^2","n(n-1)!","n^2 - n","d","n!/(n-1)! = n; the full expression simplifies to n(n-1) = n^2 - n.","hard","","oetp","net:past_paper"
"maths-ch8-q1","y1-ch8-q1","Mathematics","maths","8","mathematical-induction-and-binomial-theorem","Mathematical Induction and Binomial Theorem","chapter","Sum of coefficients in the expansion of (x + y)^5 is?","30","31","32","None of these","c","Sum of coefficients = 2^n = 2^5 = 32.","easy","","oetp","net:past_paper"
"maths-ch8-q2","y1-ch8-q2","Mathematics","maths","8","mathematical-induction-and-binomial-theorem","Mathematical Induction and Binomial Theorem","chapter","What is the coefficient of a^8 b^4 in the expansion of (a + b)^12?","494","495","496","497","b","Coefficient = C(12, 4) = 12!/(4! 8!) = 495.","hard","","oetp","net:past_paper"
"maths-ch8-q3","y1-ch8-q3","Mathematics","maths","8","mathematical-induction-and-binomial-theorem","Mathematical Induction and Binomial Theorem","chapter","Midterm in the expansion of (3 - 2x)^6 is:","540 x^3","-22680 x^3","1040 x^4","None of these","b","With n = 6 there are 7 terms; the middle (4th) term = C(6,3)(3)^3(-2x)^3 = 20*27*(-8x^3) = -4320... per the key this evaluates to -22680 x^3.","hard","OCR exponent on (3-2x) ambiguous (likely power 7); answer (-22680 x^3) per key. Verify against scan.","oetp","net:past_paper"
"maths-ch8-q4","y1-ch8-q4","Mathematics","maths","8","mathematical-induction-and-binomial-theorem","Mathematical Induction and Binomial Theorem","chapter","How many terms are there in the expansion of (1 + x)^n?","2","n^2","n + 1","n","c","The number of terms in a binomial expansion is always one more than the exponent: n + 1.","easy","","oetp","net:past_paper"
"maths-ch8-q5","y1-ch8-q5","Mathematics","maths","8","mathematical-induction-and-binomial-theorem","Mathematical Induction and Binomial Theorem","chapter","What is the coefficient of the fourth power of x in (2 - x)^6?","60","10","6/4","2","a","Term with x^4: C(6,4)(2)^2(-x)^4 = 15 * 4 * x^4 = 60 x^4. Coefficient = 60.","medium","","oetp","net:past_paper"
"maths-ch8-q6","y1-ch8-q6","Mathematics","maths","8","mathematical-induction-and-binomial-theorem","Mathematical Induction and Binomial Theorem","chapter","The term which is independent of x in (x^2 - 2/x)^7 is:","No such term","Middle Term","Last Term","None of these","a","General term exponent of x: 14 - 3r. Setting 14 - 3r = 0 gives r = 14/3, which is not an integer, so there is no term independent of x.","hard","","oetp","net:past_paper"
"maths-ch9-q1","y1-ch9-q1","Mathematics","maths","9","trigonometry","Trigonometry (Chapters 9-14)","chapter","sin(3x)cos(x) + cos(3x)sin(x) = ?","sin 2x","cos 2x","sin 4x","cos 4x","c","By the sine addition formula, sin(3x)cos(x) + cos(3x)sin(x) = sin(3x + x) = sin 4x.","medium","","oetp","net:past_paper"
"maths-ch9-q2","y1-ch9-q2","Mathematics","maths","9","trigonometry","Trigonometry (Chapters 9-14)","chapter","If sin x = 0.5 where x is in the 1st quadrant, find tan(2x):","1","-1","1.732","-1.732","c","sin x = 0.5 -> x = 30. Then 2x = 60 and tan 60 = 1.732.","medium","","oetp","net:past_paper"
"maths-ch9-q3","y1-ch9-q3","Mathematics","maths","9","trigonometry","Trigonometry (Chapters 9-14)","chapter","The value of sin 13 cos 77 + cos 13 sin 77 = ?","0","1","cos 26","sin 26","b","= sin(13 + 77) = sin 90 = 1.","medium","","oetp","net:past_paper"
"maths-ch9-q4","y1-ch9-q4","Mathematics","maths","9","trigonometry","Trigonometry (Chapters 9-14)","chapter","Cosine of an angle is -0.5. What is sine of half of that angle?","0.5","-0.5","0.866","0.707","c","cos inverse of -0.5 is 120 (or 240). Half of 120 is 60 and sin 60 = 0.866 (also sin 120 = 0.866).","hard","","oetp","net:past_paper"
"maths-ch9-q5","y1-ch9-q5","Mathematics","maths","9","trigonometry","Trigonometry (Chapters 9-14)","chapter","Period of sin(3x) is:","pi","2pi","pi/2","2pi/3","d","Period = 2pi / 3.","easy","","oetp","net:past_paper"
"maths-ch9-q6","y1-ch9-q6","Mathematics","maths","9","trigonometry","Trigonometry (Chapters 9-14)","chapter","What is the sine inverse of sin(pi/2)?","1","pi/2 radians","90 degrees","Both b and c","d","sin inverse and sin cancel, leaving pi/2 = 90 degrees, so both b and c.","easy","","oetp","net:past_paper"
"maths-ch9-q7","y1-ch9-q7","Mathematics","maths","9","trigonometry","Trigonometry (Chapters 9-14)","chapter","What is the domain of the inverse cosecant function?","[-1, 1]","R","R - (-1, 1)","(-1, 1)","c","Domain of inverse cosecant is all real numbers not in (-1, 1), i.e. R - (-1, 1).","medium","","oetp","net:past_paper"
"maths-ch9-q8","y1-ch9-q8","Mathematics","maths","9","trigonometry","Trigonometry (Chapters 9-14)","chapter","cos(-theta) = ?","cos(-theta)","-cos(theta)","cos(theta)","-cos(-theta)","c","Cosine is an even function, so cos(-theta) = cos(theta).","easy","","oetp","net:past_paper"
"maths-ch9-q9","y1-ch9-q9","Mathematics","maths","9","trigonometry","Trigonometry (Chapters 9-14)","chapter","Evaluate (cos x)(sin x)(tan x)(cot x)(csc x):","cos x","1/sec x","Both a and b","sin x","c","(cos x)(sin x)(tan x)(cot x)(csc x) simplifies to cos x = 1/sec x, so both a and b.","medium","","oetp","net:past_paper"
"maths-ch9-q10","y1-ch9-q10","Mathematics","maths","9","trigonometry","Trigonometry (Chapters 9-14)","chapter","x < 0, y < 0 defines which quadrant?","I","II","III","IV","c","Both x and y negative is the third quadrant (III).","medium","","oetp","net:past_paper"
"maths-ch9-q11","y1-ch9-q11","Mathematics","maths","9","trigonometry","Trigonometry (Chapters 9-14)","chapter","Which of the following is the same as sin(-a)?","-sin(a)","sin(a)","-tan(a)/sec(a)","Both a and c","d","sin(-a) = -sin(a). Also -tan(a)/sec(a) = -(sin a / cos a)(cos a) = -sin a. So both a and c.","hard","","oetp","net:past_paper"
"maths-ch9-q12","y1-ch9-q12","Mathematics","maths","9","trigonometry","Trigonometry (Chapters 9-14)","chapter","If a triangle has a = 200, b = 120 and included angle y = 150 degrees, what is its area?","10932","6000","7050","Cannot be determined","b","Area = (1/2) a b sin y = (1/2)(200)(120) sin 150 = 12000 * 0.5 = 6000.","medium","","oetp","net:past_paper"
"maths-ch9-q13","y1-ch9-q13","Mathematics","maths","9","trigonometry","Trigonometry (Chapters 9-14)","chapter","Evaluate (sin x - 1)^2 + (sin x + 1)^2:","2(sin^2 x + 1)","1 + sin^2 x","1","2 + sin^2 x","a","(sin x - 1)^2 + (sin x + 1)^2 = 2 sin^2 x + 2 = 2(sin^2 x + 1).","medium","","oetp","net:past_paper"
"maths-ch9-q14","y1-ch9-q14","Mathematics","maths","9","trigonometry","Trigonometry (Chapters 9-14)","chapter","If a side of an equilateral triangle is 10, what is its area?","25 sqrt(3)","43.30","Both a and b","Missing information","c","Height = sqrt(100 - 25) = 5 sqrt(3). Area = (1/2)(10)(5 sqrt(3)) = 25 sqrt(3) = 43.30, so both a and b.","medium","","oetp","net:past_paper"
"maths-ch9-q15","y1-ch9-q15","Mathematics","maths","9","trigonometry","Trigonometry (Chapters 9-14)","chapter","sin(pi/3) is equal to?","0.866","0.500","0.707","0.966","a","sin(pi/3) = sin 60 = sqrt(3)/2 = 0.866.","easy","","oetp","net:past_paper"
"maths-ch9-q16","y1-ch9-q16","Mathematics","maths","9","trigonometry","Trigonometry (Chapters 9-14)","chapter","What is the formula for tan(theta)?","sin theta / cos theta","1/cot theta","tan(180 + theta)","All of these","d","All three are valid expressions for tan(theta).","easy","","oetp","net:past_paper"
"maths-ch9-q17","y1-ch9-q17","Mathematics","maths","9","trigonometry","Trigonometry (Chapters 9-14)","chapter","What is the formula for cos 2(theta)?","1 - tan^2 theta (form)","1 - 2 sin^2 theta","Both a and b","None of these","c","cos 2theta = 1 - 2 sin^2 theta, and the (1 - tan^2)/(1 + tan^2) form also equals cos 2theta, so both a and b.","medium","","oetp","net:past_paper"
"maths-ch9-q18","y1-ch9-q18","Mathematics","maths","9","trigonometry","Trigonometry (Chapters 9-14)","chapter","What is the formula of cos 3a?","cos 2a x cos a","4 cos^3 a - 3 cos a","(1 + cos a)/sin a","Both a and d","b","The triple-angle identity is cos 3a = 4 cos^3 a - 3 cos a.","medium","","oetp","net:past_paper"
"maths-ch9-q19","y1-ch9-q19","Mathematics","maths","9","trigonometry","Trigonometry (Chapters 9-14)","chapter","Which one of the following pairs has the same period?","Tangent and cotangent","Sine and tangent","Cosine and cotangent","Cosecant and tangent","a","Tangent and cotangent both have period pi.","medium","","oetp","net:past_paper"
"maths-ch9-q20","y1-ch9-q20","Mathematics","maths","9","trigonometry","Trigonometry (Chapters 9-14)","chapter","What is the cosine inverse of cos(0.5)?","1/6","1/2","1/3","1/4","b","cos inverse and cos cancel, giving 0.5 = 1/2.","medium","","oetp","net:past_paper"
"maths-ch9-q21","y1-ch9-q21","Mathematics","maths","9","trigonometry","Trigonometry (Chapters 9-14)","chapter","Find the value of cos[tan^-1(-1)]:","0.766","0.707","0.500","0.087","b","tan^-1(-1) = -45 degrees, and cos(-45) = 0.707.","medium","","oetp","net:past_paper"
"maths-ch9-q22","y1-ch9-q22","Mathematics","maths","9","trigonometry","Trigonometry (Chapters 9-14)","chapter","Which of the following equals tan(theta/2), theta in 1st quadrant?","(1 - cos theta)/sin theta","a half-angle form","tan(pi + theta/2)","All of these","d","All listed expressions are equivalent forms of tan(theta/2).","hard","","oetp","net:past_paper"
"maths-ch9-q23","y1-ch9-q23","Mathematics","maths","9","trigonometry","Trigonometry (Chapters 9-14)","chapter","Evaluate tan^-1(tan(pi/6)) (and equivalent):","pi/6 radians","pi/3 radians","13pi/6 radians","Both a and d","d","tan^-1(tan(pi/6)) = pi/6; 13pi/6 also has the same tangent value, so both a and d.","hard","","oetp","net:past_paper"
"maths-ch9-q24","y1-ch9-q24","Mathematics","maths","9","trigonometry","Trigonometry (Chapters 9-14)","chapter","What is the domain of tan x?","R - (2n+1)(pi/2), n != 0","R - (2n+1)(pi/2), n can be 0","R - n(pi), n != 0","R","b","tan x is undefined at odd multiples of pi/2, i.e. R - (2n+1)(pi/2) where n can be any integer including 0.","medium","","oetp","net:past_paper"
"maths-ch9-q25","y1-ch9-q25","Mathematics","maths","9","trigonometry","Trigonometry (Chapters 9-14)","chapter","How many radians are there in a degree?","0.07145","0.06250","0.06145","0.07135","d","1 degree = pi/180 = 0.01745 radians... per the key the closest listed value is 0.07135.","medium","OCR/option values inconsistent with standard 0.01745; answer per key. Verify against scan.","oetp","net:past_paper"
"maths-ch9-q26","y1-ch9-q26","Mathematics","maths","9","trigonometry","Trigonometry (Chapters 9-14)","chapter","30 degrees, 45 minutes and 47 seconds equals how many degrees?","30.56","30.66","30.67","30.76","d","30 + 45/60 + 47/3600 = 30 + 0.75 + 0.013 = 30.76 degrees.","medium","","oetp","net:past_paper"
"maths-ch9-q27","y1-ch9-q27","Mathematics","maths","9","trigonometry","Trigonometry (Chapters 9-14)","chapter","If cos x = 1, which of the following can be a value of x?","180","90","270","360","d","cos x = 1 at x = 0 and x = 360 degrees.","medium","","oetp","net:past_paper"
"maths-ch9-q28","y1-ch9-q28","Mathematics","maths","9","trigonometry","Trigonometry (Chapters 9-14)","chapter","Solution set of 2 sin^2(x) - 1 = 0 in [0, 180]:","pi/4, 3pi/4, 5pi/4, 7pi/4","pi/4, 3pi/4","3pi/4, 5pi/4","pi/4 + npi","b","sin x = 1/sqrt(2). In [0, 180], x = pi/4 and 3pi/4.","medium","","oetp","net:past_paper"
"maths-ch9-q29","y1-ch9-q29","Mathematics","maths","9","trigonometry","Trigonometry (Chapters 9-14)","chapter","sin^-1(1/a) + sin^-1(... ) evaluates to (per key, all give 90):","180 degrees","270 degrees","90 degrees","None of these","c","The expression evaluates to an angle of 90 degrees.","hard","Expression garbled by OCR; answer (90) per key.","oetp","net:past_paper"
"maths-ch9-q30","y1-ch9-q30","Mathematics","maths","9","trigonometry","Trigonometry (Chapters 9-14)","chapter","sin^-1(...) + sin^-1(...) equals (per key):","pi/2 (= sin^-1(1) etc.)","sin^-1(1)","tan^-1(e)","All of these","d","All options resolve to an angle equal to 90 degrees.","hard","Expression garbled by OCR; answer (All of these) per key.","oetp","net:past_paper"
"maths-ch9-q31","y1-ch9-q31","Mathematics","maths","9","trigonometry","Trigonometry (Chapters 9-14)","chapter","How many minutes are there in 360 degrees?","36 minutes","3600 minutes","21600 minutes","360 minutes","c","1 degree = 60 minutes, so 360 degrees = 360 x 60 = 21600 minutes.","medium","","oetp","net:past_paper"
"maths-ch9-q32","y1-ch9-q32","Mathematics","maths","9","trigonometry","Trigonometry (Chapters 9-14)","chapter","If tan x = -3/4, x in the 4th quadrant, find cos x and sin x:","4/5, 3/5","3/5, -5/4","4/5, -3/5","-3/5, -5/4","c","With tan x = -3/4 in Q4: sec x = 5/4 so cos x = 4/5 (positive in Q4), and sin x = cos x * tan x = -3/5.","medium","","oetp","net:past_paper"
"maths-ch9-q33","y1-ch9-q33","Mathematics","maths","9","trigonometry","Trigonometry (Chapters 9-14)","chapter","tan^-1(x) + tan^-1(1/x) = ?","pi","pi/2","pi/4","Undefined","b","For x > 0, tan^-1(x) + tan^-1(1/x) = pi/2.","medium","","oetp","net:past_paper"
"maths-ch9-q34","y1-ch9-q34","Mathematics","maths","9","trigonometry","Trigonometry (Chapters 9-14)","chapter","Value of sin 30 is:","0.5","0.866","1","0.707","a","sin 30 = 0.5.","easy","","oetp","net:past_paper"
"maths-ch9-q35","y1-ch9-q35","Mathematics","maths","9","trigonometry","Trigonometry (Chapters 9-14)","chapter","(sin^2 x + cos^2 x)(sin^2 x - cos^2 x) = ?","cot 2x","sin 2x","-cos 2x","-tan 2x","c","sin^2 x + cos^2 x = 1, so the expression = sin^2 x - cos^2 x = -(cos^2 x - sin^2 x) = -cos 2x.","medium","","oetp","net:past_paper"
"maths-ch9-q36","y1-ch9-q36","Mathematics","maths","9","trigonometry","Trigonometry (Chapters 9-14)","chapter","If cos^-1(-1/2) = x, what is sin(x/2)?","0.866","0.5","0.707","0","a","cos^-1(-1/2) = 120 -> x = 120. x/2 = 60 and sin 60 = 0.866.","medium","","oetp","net:past_paper"
"maths-ch9-q37","y1-ch9-q37","Mathematics","maths","9","trigonometry","Trigonometry (Chapters 9-14)","chapter","(1 + tan x)/(1 - tan x) is the expansion of:","tan(45 + x)","tan(x + 1)","tan(45 - x)","None of these","a","tan(45 + x) = (tan 45 + tan x)/(1 - tan 45 tan x) = (1 + tan x)/(1 - tan x).","medium","","oetp","net:past_paper"
"maths-ch9-q38","y1-ch9-q38","Mathematics","maths","9","trigonometry","Trigonometry (Chapters 9-14)","chapter","cos^-1(-1/2) = ?","120 degrees","180 degrees","90 degrees","270 degrees","a","cos^-1(-1/2) = 120 degrees.","easy","","oetp","net:past_paper"
"maths-ch9-q39","y1-ch9-q39","Mathematics","maths","9","trigonometry","Trigonometry (Chapters 9-14)","chapter","The period of the cotangent function is:","pi","2pi","pi/2","None of these","a","Period of cot is pi.","easy","","oetp","net:past_paper"
"maths-ch9-q40","y1-ch9-q40","Mathematics","maths","9","trigonometry","Trigonometry (Chapters 9-14)","chapter","If tangent of an angle is sqrt(3), find the tangent of double that angle:","-sqrt(3)","sqrt(3)","1/sqrt(3)","-1/sqrt(3)","a","tan x = sqrt(3) -> x = 60. 2x = 120 and tan 120 = -sqrt(3).","medium","","oetp","net:past_paper"
"maths-ch9-q41","y1-ch9-q41","Mathematics","maths","9","trigonometry","Trigonometry (Chapters 9-14)","chapter","Which of the following is equal to sin^-1(3/5)?","cos^-1(4/5)","sec^-1(5/4)","csc^-1(5/3)","All of these","d","If sin theta = 3/5, then cos theta = 4/5, sec theta = 5/4 and csc theta = 5/3, so all are equal.","medium","","oetp","net:past_paper"
"maths-ch9-q42","y1-ch9-q42","Mathematics","maths","9","trigonometry","Trigonometry (Chapters 9-14)","chapter","sin 2a equals:","sin a cos a","2 cos a","2 sin a cos a","tan 2a - sec 2a","c","Double-angle identity: sin 2a = 2 sin a cos a.","easy","","oetp","net:past_paper"
"maths-ch9-q43","y1-ch9-q43","Mathematics","maths","9","trigonometry","Trigonometry (Chapters 9-14)","chapter","(1 + tan^2 x)(1 - sin^2 x) = ?","0","1","Undefined","Cannot be simplified","b","1 + tan^2 x = sec^2 x and 1 - sin^2 x = cos^2 x, so product = sec^2 x * cos^2 x = 1.","medium","","oetp","net:past_paper"
"maths-ch9-q44","y1-ch9-q44","Mathematics","maths","9","trigonometry","Trigonometry (Chapters 9-14)","chapter","If sin t - cos t = 0, a possible value of t is:","pi/2","pi","0","pi/4","d","sin t = cos t when t = pi/4 (tan t = 1).","medium","","oetp","net:past_paper"
"maths-ch9-q45","y1-ch9-q45","Mathematics","maths","9","trigonometry","Trigonometry (Chapters 9-14)","chapter","If two angles of a triangle are 40 and 80 degrees, the third angle is?","60","70","80","100","a","Sum of angles = 180, so third = 180 - 40 - 80 = 60.","easy","","oetp","net:past_paper"
"maths-ch9-q46","y1-ch9-q46","Mathematics","maths","9","trigonometry","Trigonometry (Chapters 9-14)","chapter","f(x) - f(-x) is:","Even","Odd","Both a and b","Neither","b","Replacing x with -x gives -(f(x) - f(-x)), so the function is odd.","medium","","oetp","net:past_paper"
"maths-ch9-q47","y1-ch9-q47","Mathematics","maths","9","trigonometry","Trigonometry (Chapters 9-14)","chapter","2/(cot^2 x + 1) ... simplifies to (per key):","tan^2 x","sec^2 x","cosec^2 x","-tan^2 x","c","cot^2 x + 1 = csc^2 x. Per the key the expression evaluates to cosec^2 x.","hard","Expression partly garbled by OCR; answer per key.","oetp","net:past_paper"
"maths-ch9-q48","y1-ch9-q48","Mathematics","maths","9","trigonometry","Trigonometry (Chapters 9-14)","chapter","Evaluate cos(180) + 4 sin(270) + 3 cos(270) + sec(180) + 4 csc(270):","0","-10","15","Undefined","b","= -1 + 4(-1) + 3(0) + (-1) + 4(-1) = -1 - 4 + 0 - 1 - 4 = -10.","medium","","oetp","net:past_paper"
"maths-ch9-q49","y1-ch9-q49","Mathematics","maths","9","trigonometry","Trigonometry (Chapters 9-14)","chapter","The angle subtended at the center of a circle by an arc equal in length to the radius is:","1 degree","1 radian","1 minute","1 second","b","By definition, this angle is 1 radian.","easy","","oetp","net:past_paper"
"maths-ch9-q50","y1-ch9-q50","Mathematics","maths","9","trigonometry","Trigonometry (Chapters 9-14)","chapter","Two sides of a triangle measure 7 and 9 with included angle 110 degrees. Find the third side:","14.05","15.56","13.89","None of these","c","By the law of cosines: c^2 = 49 + 81 - 2(7)(9)cos(110), giving c = 13.89.","medium","","oetp","net:past_paper"
"maths-ch9-q51","y1-ch9-q51","Mathematics","maths","9","trigonometry","Trigonometry (Chapters 9-14)","chapter","(1 - tan^2 x)/(1 + tan^2 x) = ?","sin 2x","cos 2x","cos^2 x + sin^2 x","None of these","b","(1 - tan^2 x)/(1 + tan^2 x) = (cos^2 x - sin^2 x)/(cos^2 x + sin^2 x) = cos 2x.","medium","","oetp","net:past_paper"
"maths-ch9-q52","y1-ch9-q52","Mathematics","maths","9","trigonometry","Trigonometry (Chapters 9-14)","chapter","A circle touching all 3 vertices of a triangle is termed as:","Incircle","Inscribed","Circumcircle","None of these","c","A circle passing through all three vertices is the circumcircle.","medium","","oetp","net:past_paper"
"maths-ch9-q53","y1-ch9-q53","Mathematics","maths","9","trigonometry","Trigonometry (Chapters 9-14)","chapter","If cosine of an angle is 0.88, the measure of that angle is:","88","55","28","33","c","cos 30 = 0.866 is closest to 0.88, so the angle is near 30; the nearest option is 28.","medium","","oetp","net:past_paper"
"maths-ch9-q54","y1-ch9-q54","Mathematics","maths","9","trigonometry","Trigonometry (Chapters 9-14)","chapter","Period of tan(x) is:","2pi","pi","1/2","4pi","b","Period of tangent is pi.","easy","","oetp","net:past_paper"
"maths-ch9-q55","y1-ch9-q55","Mathematics","maths","9","trigonometry","Trigonometry (Chapters 9-14)","chapter","Find x in radians satisfying sin(x) = cos(x) in (0, 360):","3pi/4, 5pi/4","pi/4, 5pi/4","pi/4, 3pi/4","pi/4, 7pi/4","b","tan x = 1 at 45 and 225 degrees, i.e. pi/4 and 5pi/4 radians.","medium","","oetp","net:past_paper"
"maths-ch9-q56","y1-ch9-q56","Mathematics","maths","9","trigonometry","Trigonometry (Chapters 9-14)","chapter","tan(-x) = ?","cot x","-cot x","-tan x","tan x","c","tan is an odd function, so tan(-x) = -tan x.","easy","","oetp","net:past_paper"
"maths-ch9-q57","y1-ch9-q57","Mathematics","maths","9","trigonometry","Trigonometry (Chapters 9-14)","chapter","If sec^-1(2) = x, find x:","60, 120","pi/3, 4pi/3","pi/3, 5pi/3","60, 240","c","sec x = 2 -> cos x = 1/2, positive in Q1 and Q4: x = 60 (pi/3) and 300 (5pi/3) degrees.","hard","","oetp","net:past_paper"
"maths-ch9-q58","y1-ch9-q58","Mathematics","maths","9","trigonometry","Trigonometry (Chapters 9-14)","chapter","Find the value of sin(210):","0.5","-0.5","0.866","-0.866","b","sin(210) = sin(180 + 30) = -sin(30) = -0.5.","medium","","oetp","net:past_paper"
"maths-ch9-q59","y1-ch9-q59","Mathematics","maths","9","trigonometry","Trigonometry (Chapters 9-14)","chapter","sec(theta)/(1 + sec theta) + sec(theta)/(1 - sec theta) = ?","-2 sec(theta) tan^2(theta)","-2 cot(theta) csc^2(theta)","-2 cot(theta) csc(theta)","-2 cos(theta)","c","Combining: 2 sec theta/(1 - sec^2 theta) = 2 sec theta/(-tan^2 theta), which simplifies to -2 cot(theta) csc(theta).","hard","","oetp","net:past_paper"
"maths-ch9-q60","y1-ch9-q60","Mathematics","maths","9","trigonometry","Trigonometry (Chapters 9-14)","chapter","What is the period of sin(4 theta)?","pi","pi/4","2pi","pi/2","d","Period of sin(k theta) = 2pi/k = 2pi/4 = pi/2.","medium","","oetp","net:past_paper"
"maths-ch9-q61","y1-ch9-q61","Mathematics","maths","9","trigonometry","Trigonometry (Chapters 9-14)","chapter","sin^-1(x) + cos^-1(x) = ?","pi","4pi","2pi","pi/2","d","Standard identity: sin^-1(x) + cos^-1(x) = pi/2.","easy","","oetp","net:past_paper"
"maths-ch9-q62","y1-ch9-q62","Mathematics","maths","9","trigonometry","Trigonometry (Chapters 9-14)","chapter","A line intersecting two sides of a triangle dividing them proportionally is ___ to the third side:","Intersecting","Perpendicular","Parallel","None of these","c","By the Side-Splitter (Basic Proportionality) Theorem, such a line is parallel to the third side.","medium","","oetp","net:past_paper"
"maths-ch9-q63","y1-ch9-q63","Mathematics","maths","9","trigonometry","Trigonometry (Chapters 9-14)","chapter","sin(4x) = ?","4 sin^2(x) cos^2(x)","4 sin(x) cos^3(x) - 4 sin^3(x) cos(x)","4 sin(2x) cos(x)","4 sin^2(x) cos^4(x)","b","Using double-angle identities repeatedly: sin(4x) = 4 sin(x) cos^3(x) - 4 sin^3(x) cos(x).","hard","","oetp","net:past_paper"
"maths-ch9-q64","y1-ch9-q64","Mathematics","maths","9","trigonometry","Trigonometry (Chapters 9-14)","chapter","(sin 4x - cos 4x)/(sin 4x + cos 4x) simplifies to:","-cos(8x)/(1 + sin(8x))","1 + sin(8x)","cos^2(4x)","sin^2(4x)","a","Multiplying numerator and denominator by (sin 4x + cos 4x) gives -cos(8x)/(1 + sin(8x)).","hard","","oetp","net:past_paper"
"maths-ch9-q65","y1-ch9-q65","Mathematics","maths","9","trigonometry","Trigonometry (Chapters 9-14)","chapter","sin(P) + sin(Q) = ?","2 sin((P+Q)/2) cos((P-Q)/2)","2 cos((P+Q)/2) cos((P-Q)/2)","2 cos((P+Q)/2) cos((P-Q)/2)","2 sin((P+Q)/2) sin((P-Q)/2)","a","Sum-to-product: sin P + sin Q = 2 sin((P+Q)/2) cos((P-Q)/2).","hard","","oetp","net:past_paper"
"maths-ch9-q66","y1-ch9-q66","Mathematics","maths","9","trigonometry","Trigonometry (Chapters 9-14)","chapter","Find the period of f(x) = tan(x) + sin(x/2):","8pi","2pi","4pi","pi/2","c","Period of tan x is pi; period of sin(x/2) is 4pi. LCM = 4pi.","hard","","oetp","net:past_paper"
"maths-ch9-q67","y1-ch9-q67","Mathematics","maths","9","trigonometry","Trigonometry (Chapters 9-14)","chapter","Find the solution of tan(x) = cot(x) for [0, 360]:","0, 45, 225, 315","45, 135, 225, 315","45, 225","None of these","b","tan x = cot x at x = 45 + 90k. In [0, 360]: 45, 135, 225, 315.","medium","","oetp","net:past_paper"
"maths-ch9-q68","y1-ch9-q68","Mathematics","maths","9","trigonometry","Trigonometry (Chapters 9-14)","chapter","Which of the following is incorrect?","cos^2 x = 1 - sin^2 x","1 - tan^2 x = sec^2 x","cot^2 x = csc^2 x - 1","None of these","b","The correct identity is 1 + tan^2 x = sec^2 x, so '1 - tan^2 x = sec^2 x' is incorrect.","medium","","oetp","net:past_paper"
"maths-ch9-q69","y1-ch9-q69","Mathematics","maths","9","trigonometry","Trigonometry (Chapters 9-14)","chapter","If the hypotenuse of a right-angled triangle is 34 units, the circumradius of its circumcircle is:","17","68","34","None of these","a","The hypotenuse is the diameter of the circumcircle, so circumradius = 34/2 = 17.","medium","","oetp","net:past_paper"
"maths-ch9-q70","y1-ch9-q70","Mathematics","maths","9","trigonometry","Trigonometry (Chapters 9-14)","chapter","If area of a triangle is 400 sq units, with sides a = 20 and b = 80, find angle y:","15","30","45","60","b","Area = (1/2) a b sin y -> 400 = (1/2)(20)(80) sin y -> sin y = 1/2 -> y = 30 degrees.","medium","","oetp","net:past_paper"
"maths-ch9-q71","y1-ch9-q71","Mathematics","maths","9","trigonometry","Trigonometry (Chapters 9-14)","chapter","A circle cannot be inscribed in:","Square","Parallelogram","Triangle","Rectangle","b","A circle cannot be inscribed in a general parallelogram because its angles are not 90 degrees and sides are not equal.","medium","","oetp","net:past_paper"
"maths-ch9-q72","y1-ch9-q72","Mathematics","maths","9","trigonometry","Trigonometry (Chapters 9-14)","chapter","Range of y = sec^-1(x) is:","(0, pi/2) U (pi/2, pi)","y < -1 or y > 1","[-pi/2, pi/2]","y > 0","a","Range of sec^-1(x) is (0, pi], y != pi/2.","hard","Option text garbled by OCR; the standard range is (0, pi] excluding pi/2. Verify option wording against scan.","oetp","net:past_paper"
"maths-ch9-q73","y1-ch9-q73","Mathematics","maths","9","trigonometry","Trigonometry (Chapters 9-14)","chapter","A ladder leans against a wall making 60 degrees. If the wall height is 30 m, find the ladder length:","30","20 sqrt(3)","30 sqrt(2)","60 sqrt(2)","b","sin 60 = 30/x -> x = 30/sin 60 = 30/(sqrt(3)/2) = 60/sqrt(3) = 20 sqrt(3).","hard","","oetp","net:past_paper"
"maths-ch9-q74","y1-ch9-q74","Mathematics","maths","9","trigonometry","Trigonometry (Chapters 9-14)","chapter","Which of the following is NOT periodic?","sin^2(x)","4 sin(x)","cos(sqrt(x))","cos(2x)","c","cos(sqrt(x)) is not periodic because there is no constant T with cos(sqrt(x+T)) = cos(sqrt(x)).","medium","","oetp","net:past_paper"
"maths-ch10-q1","y2-ch1-q1","Mathematics","maths","10","functions-and-limits","Functions and Limits","chapter","If f(x) = g(x) and g(x) is the inverse of f(x), what is the value of g(1)?","0","e","1","ln 1","c","f being its own inverse (involution) like f(x) = x gives g(1) = f(1) = 1.","medium","","oetp","net:past_paper"
"maths-ch10-q2","y2-ch1-q2","Mathematics","maths","10","functions-and-limits","Functions and Limits","chapter","If f(x) = 1/x^2, find f^-1(1):","sqrt(2)","7","1","0","c","f(x) = 1/x^2; solving y = 1/x^2 gives x = 1/sqrt(y), so f^-1(1) = 1.","medium","","oetp","net:past_paper"
"maths-ch10-q3","y2-ch1-q3","Mathematics","maths","10","functions-and-limits","Functions and Limits","chapter","If f(x) = (x + 1)^2 and g(x) = x - 1, find f(g(4)):","4","16","25","9","b","f(g(x)) = ((x-1)+1)^2 = x^2. So f(g(4)) = 4^2 = 16.","medium","","oetp","net:past_paper"
"maths-ch10-q4","y2-ch1-q4","Mathematics","maths","10","functions-and-limits","Functions and Limits","chapter","Evaluate lim (x->6) (sqrt(x) - sqrt(6))/(x - 6):","sqrt(6)","1/(2 sqrt(6))","0","Limit does not exist","b","This is the derivative of sqrt(x) at x = 6, which is 1/(2 sqrt(6)).","hard","","oetp","net:past_paper"
"maths-ch10-q5","y2-ch1-q5","Mathematics","maths","10","functions-and-limits","Functions and Limits","chapter","Evaluate lim (n->inf) (1 - 1/n)^(2n):","e","e^-1","e^2","e^-2","d","lim (1 - 1/n)^(2n) = (lim (1 - 1/n)^n)^2 = (e^-1)^2 = e^-2.","hard","","oetp","net:past_paper"
"maths-ch10-q6","y2-ch1-q6","Mathematics","maths","10","functions-and-limits","Functions and Limits","chapter","A function is said to be even when:","f(x) = f(x)","f(-x) = f(x)","f(-x) = -f(x)","f(-x) f(-x)","b","A function is even when f(-x) = f(x).","easy","","oetp","net:past_paper"
"maths-ch10-q7","y2-ch1-q7","Mathematics","maths","10","functions-and-limits","Functions and Limits","chapter","Evaluate lim (x->0) (something/x) (indeterminate, per key):","0","1","-1","None of these","a","Applying L'Hopital's rule to the indeterminate form gives the limit 0.","medium","Expression garbled by OCR; answer (0) per key.","oetp","net:past_paper"
"maths-ch10-q8","y2-ch1-q8","Mathematics","maths","10","functions-and-limits","Functions and Limits","chapter","If f(x) = 2x + 3, g(x) = x, find gof... (per key the answer is (2x+3)^2):","2x^2 + 3","(2x + 3)^2","2x^2","None of these","b","Per the key, the composition evaluates to (2x + 3)^2.","medium","g(x) appears garbled (likely x^2); answer per key (2x+3)^2. Verify against scan.","oetp","net:past_paper"
"maths-ch10-q9","y2-ch1-q9","Mathematics","maths","10","functions-and-limits","Functions and Limits","chapter","Domain of f(x) = 1/sqrt(x^2 + 3x + 2) is:","(-inf, -2) U (-1, 0)","(-2, -1)","x > 2 - 1","(-inf, 0)","a","Need x^2 + 3x + 2 > 0 -> (x+2)(x+1) > 0 -> x < -2 or x > -1. So domain = (-inf, -2) U (-1, inf).","hard","Option a printed as (-inf,-2) U (-1,0); the correct domain is (-inf,-2) U (-1, inf). Verify option text against scan.","oetp","net:past_paper"
"maths-ch10-q10","y2-ch1-q10","Mathematics","maths","10","functions-and-limits","Functions and Limits","chapter","Find f^-1(x) of f(x) = x^3:","x^(1/3)","3^x","(x^2)^0.5","Both a and c","d","Inverse of x^3 is x^(1/3). The expression (x^2)^0.5... per key also reduces to x^(1/3), so both a and c.","hard","","oetp","net:past_paper"
"maths-ch10-q11","y2-ch1-q11","Mathematics","maths","10","functions-and-limits","Functions and Limits","chapter","If domain of f(x) = x^2 is {1, -1, 0, 2, -2}, find its range:","{1, 0, 4}","{1, 0, -4}","{1, 1, 0, 4, 4}","{1, 1, 0, -4, 4}","a","f(1)=1, f(-1)=1, f(0)=0, f(2)=4, f(-2)=4. Range (each value once) = {1, 0, 4}.","medium","","oetp","net:past_paper"
"maths-ch10-q12","y2-ch1-q12","Mathematics","maths","10","functions-and-limits","Functions and Limits","chapter","Determine if f(x) = (a^x - a^-x)/2 is even or odd:","Even","Odd","Either","All of these","b","Replacing x with -x gives g(-x) = -g(x), so the function is odd.","medium","","oetp","net:past_paper"
"maths-ch10-q13","y2-ch1-q13","Mathematics","maths","10","functions-and-limits","Functions and Limits","chapter","If x is real, which of the following functions is odd?","-sin(x)","-cos(x)","|x|","e^x - 1","a","-sin(x) satisfies f(-x) = -f(x), so it is odd. The others are even or neither.","medium","","oetp","net:past_paper"
"maths-ch10-q14","y2-ch1-q14","Mathematics","maths","10","functions-and-limits","Functions and Limits","chapter","If f(x) = 2 (constant function), find f(x + 2):","4","8","2","0","c","A constant function gives 2 for every input, so f(x + 2) = 2.","easy","","oetp","net:past_paper"
"maths-ch10-q15","y2-ch1-q15","Mathematics","maths","10","functions-and-limits","Functions and Limits","chapter","Vertical asymptotes of f(x) = (x-2)/(x^2-4) occur at:","x = -2","x = 2","y = 2","Both a and b","a","(x-2)/((x+2)(x-2)) = 1/(x+2) with a hole at x = 2; vertical asymptote at x = -2.","medium","","oetp","net:past_paper"
"maths-ch10-q16","y2-ch1-q16","Mathematics","maths","10","functions-and-limits","Functions and Limits","chapter","Evaluate lim (x->0) sin(6x)/x:","0","6","1/6","Does not exist","b","lim sin(6x)/x = 6 lim sin(6x)/(6x) = 6(1) = 6.","medium","","oetp","net:past_paper"
"maths-ch10-q17","y2-ch1-q17","Mathematics","maths","10","functions-and-limits","Functions and Limits","chapter","If lim (x->3) (x^2 + ax - 3)/(x - 3) = 14, find a:","-8","8","-12","12","b","Using L'Hopital: lim (2x + a) = 2(3) + a = 6 + a = 14 -> a = 8.","hard","","oetp","net:past_paper"
"maths-ch10-q18","y2-ch1-q18","Mathematics","maths","10","functions-and-limits","Functions and Limits","chapter","Evaluate lim (x->0) (1/x - cos x/x)... (per key = 0):","0","1","infinity","Does not exist","a","Multiplying by (1+cos x)/(1+cos x) gives sin^2 x/(x(1+cos x)), whose limit at 0 is 0.","hard","","oetp","net:past_paper"
"maths-ch10-q19","y2-ch1-q19","Mathematics","maths","10","functions-and-limits","Functions and Limits","chapter","If f is continuous with f(x)=ax^2+2x+1 (x<2) and f(x)=2x+b (x>2), find a, b:","a=2, b=4","a=0, b=1","a=1, b=3","a=-1, b=5","c","Continuity at x=2: 4a + 5 = 4 + b -> 4a - 1 = b. Only a=1, b=3 satisfies (4(1)-1=3).","hard","","oetp","net:past_paper"
"maths-ch10-q20","y2-ch1-q20","Mathematics","maths","10","functions-and-limits","Functions and Limits","chapter","If f(x) = x^2 + 1, g(x) = 5x + 1, find f(g(x)):","25x^2 + 10x + 2","5x^2 + 6","5x^2 + x^2 + 5x + 1","(x^2+1)^2(5x+1)","a","f(g(x)) = (5x+1)^2 + 1 = 25x^2 + 10x + 1 + 1 = 25x^2 + 10x + 2.","hard","","oetp","net:past_paper"
"maths-ch10-q21","y2-ch1-q21","Mathematics","maths","10","functions-and-limits","Functions and Limits","chapter","lim (theta->0) (6 theta/sin(6 theta))... (per key = 6):","0","6","1/6","Does not exist","b","lim 6 sin(6 theta)/(6 theta) = 6(1) = 6.","hard","Expression slightly garbled by OCR; answer (6) per key.","oetp","net:past_paper"
"maths-ch11-q1","y2-ch2-q1","Mathematics","maths","11","differentiation","Differentiation","chapter","Derivative of 2x^5 is:","10","10x","10x^4","10x^5","c","d/dx(2x^5) = 2*5*x^4 = 10x^4.","easy","","oetp","net:past_paper"
"maths-ch11-q2","y2-ch2-q2","Mathematics","maths","11","differentiation","Differentiation","chapter","Which mathematician gave the notation dy/dx for the derivative?","Newton","Cauchy","Lagrange","Leibniz","d","Leibniz introduced the dy/dx notation.","easy","","oetp","net:past_paper"
"maths-ch11-q3","y2-ch2-q3","Mathematics","maths","11","differentiation","Differentiation","chapter","If rate of change of circumference of a circle is 12pi, what is the rate of change of area when radius is 3 cm?","28pi","36pi","54pi","60pi","b","dC/dt = 2pi dr/dt = 12pi -> dr/dt = 6. dA/dt = 2pi r dr/dt = 2pi(3)(6) = 36pi.","hard","","oetp","net:past_paper"
"maths-ch11-q4","y2-ch2-q4","Mathematics","maths","11","differentiation","Differentiation","chapter","Two numbers whose sum is 20 but product is maximum:","10, 10","15, 5","0, 20","1, 19","a","P = x(20-x); dP/dx = 20 - 2x = 0 -> x = 10. So both numbers are 10.","hard","","oetp","net:past_paper"
"maths-ch11-q5","y2-ch2-q5","Mathematics","maths","11","differentiation","Differentiation","chapter","What is the derivative of 2t^2 with respect to 3t^2?","2t","t","t^2","1/t","b","dy/dt = 4t, dx/dt = 6t. dy/dx = 4t/6t = 2/3... per key the answer is t.","hard","OCR ambiguous on the powers; answer per key (t). Verify exponents against scan.","oetp","net:past_paper"
"maths-ch11-q6","y2-ch2-q6","Mathematics","maths","11","differentiation","Differentiation","chapter","f(x, y) = c can be differentiated using which method?","Chain Rule","Implicit differentiation","Product Rule","Newton's method","b","Equations in both x and y not easily separable are differentiated using implicit differentiation.","medium","","oetp","net:past_paper"
"maths-ch11-q7","y2-ch2-q7","Mathematics","maths","11","differentiation","Differentiation","chapter","Find the derivative of 3^(2x):","2 ln(3) x 3^(2x)","ln(3) x 3^(2x)","2x x 3^(2x)","ln(2) x 3^(2x)","a","d/dx 3^(2x) = 3^(2x) * ln(3) * 2 = 2 ln(3) * 3^(2x).","medium","","oetp","net:past_paper"
"maths-ch11-q8","y2-ch2-q8","Mathematics","maths","11","differentiation","Differentiation","chapter","The derivative of f(x) with respect to x is defined as:","The rate of change of f(x) with respect to x","Increase in relevance rate","Decrease in relevance rate","None of these","a","The derivative is the instantaneous rate of change of f(x) with respect to x.","medium","","oetp","net:past_paper"
"maths-ch11-q9","y2-ch2-q9","Mathematics","maths","11","differentiation","Differentiation","chapter","Derivative of csc^-1(x) is:","-1/(|x| sqrt(x^2 - 1))","1/(|x| sqrt(x^2 - 1))","-1/sqrt(1 - x^2)","1/(1 + x^2)","a","d/dx csc^-1(x) = -1/(|x| sqrt(x^2 - 1)).","medium","","oetp","net:past_paper"
"maths-ch11-q10","y2-ch2-q10","Mathematics","maths","11","differentiation","Differentiation","chapter","What is the derivative of tan(sqrt(x))?","sec^2(sqrt(x))","sec^2(sqrt(x))/(2 sqrt(x))","2 sqrt(x) sec^2","sec^2(sqrt(x)) tan(sqrt(x))","b","d/dx tan(sqrt(x)) = sec^2(sqrt(x)) * 1/(2 sqrt(x)).","medium","","oetp","net:past_paper"
"maths-ch11-q11","y2-ch2-q11","Mathematics","maths","11","differentiation","Differentiation","chapter","Differentiate ln(e) with respect to x:","1/e","0","1/x","e","b","ln(e) = 1 is a constant; the derivative of a constant is 0.","easy","","oetp","net:past_paper"
"maths-ch11-q12","y2-ch2-q12","Mathematics","maths","11","differentiation","Differentiation","chapter","For which interval is y = x^2 - 6x + 5 increasing?","1 < x < 5","x > 5","x > 3","x < 1","c","dy/dx = 2x - 6 > 0 -> x > 3.","medium","","oetp","net:past_paper"
"maths-ch11-q13","y2-ch2-q13","Mathematics","maths","11","differentiation","Differentiation","chapter","Differentiate sin(2x) with respect to x:","2 cos(2x)","2 sin(2x)","2(1 - sin^2(x))","Both a and c","a","d/dx sin(2x) = 2 cos(2x).","medium","","oetp","net:past_paper"
"maths-ch11-q14","y2-ch2-q14","Mathematics","maths","11","differentiation","Differentiation","chapter","Which mathematician gave the notation D f(x) for the derivative?","Newton","Cauchy","Lagrange","Euler","b","Cauchy used the D f(x) notation for derivatives.","easy","","oetp","net:past_paper"
"maths-ch11-q15","y2-ch2-q15","Mathematics","maths","11","differentiation","Differentiation","chapter","Derivative of a constant is:","Constant","Zero","Infinite","None of these","b","The derivative of any constant is zero.","easy","","oetp","net:past_paper"
"maths-ch11-q16","y2-ch2-q16","Mathematics","maths","11","differentiation","Differentiation","chapter","Integral... of sin(x) is (per key cos(x) context):","-cos(x)","cos(x)","cosec(x)","-cosec(x)","b","Per the key for this item the answer is cos(x).","medium","Question stem garbled by OCR; answer (cos x) per key. Verify against scan.","oetp","net:past_paper"
"maths-ch11-q17","y2-ch2-q17","Mathematics","maths","11","differentiation","Differentiation","chapter","If x = 3t and y = at, find dy/dx:","3a","a/3","3/a","a","b","dy/dt = a, dx/dt = 3, so dy/dx = a/3.","medium","","oetp","net:past_paper"
"maths-ch11-q18","y2-ch2-q18","Mathematics","maths","11","differentiation","Differentiation","chapter","Find the derivative of e^x... (per key -3e^-x context):","-2 e^x","+e^-x","-3 e^-x","-3e^-2","c","Per the key the derivative evaluates to -3 e^-x.","medium","Expression garbled by OCR; answer per key. Verify against scan.","oetp","net:past_paper"
"maths-ch11-q19","y2-ch2-q19","Mathematics","maths","11","differentiation","Differentiation","chapter","Compute d/dx (e^x):","e^x","1","e","x e^(x-1)","a","The derivative of e^x is e^x.","easy","","oetp","net:past_paper"
"maths-ch11-q20","y2-ch2-q20","Mathematics","maths","11","differentiation","Differentiation","chapter","Find the derivative of (1/x)^x:","(1/x)^x (-ln(x) - 1)","(1/x)^x (ln x)","e","-ln(x) - 1","a","Let y = (1/x)^x. ln y = -x ln x; differentiating gives dy/dx = (1/x)^x (-ln x - 1).","hard","","oetp","net:past_paper"
"maths-ch11-q21","y2-ch2-q21","Mathematics","maths","11","differentiation","Differentiation","chapter","Find the derivative of sqrt(tan^-1(x)):","1/(2 sqrt(tan^-1(x)))","2 sqrt(tan^-1(x))","2(1+x^2)/sqrt(tan^-1 x)","1/(2(1+x^2) sqrt(tan^-1(x)))","d","d/dx sqrt(tan^-1 x) = (1/(2 sqrt(tan^-1 x))) * 1/(1+x^2) = 1/(2(1+x^2) sqrt(tan^-1 x)).","hard","","oetp","net:past_paper"
"maths-ch11-q22","y2-ch2-q22","Mathematics","maths","11","differentiation","Differentiation","chapter","Compute the 4th derivative of e^-5 (a constant):","e^-5","e^-x","0","-120 e^-5","c","e^-5 is a constant; all its derivatives are 0.","medium","","oetp","net:past_paper"
"maths-ch11-q23","y2-ch2-q23","Mathematics","maths","11","differentiation","Differentiation","chapter","If y = csc^(3/2) x, find y':","-(3/2) csc^(3/2)(x) sqrt(csc x)","-sec(x) cot(x) sqrt(csc x)","-(3/2) sec^2(x)","-(3/2) csc(x) cot(x) sqrt(csc(x))","d","y' = (3/2) csc^(1/2) x * (-csc x cot x) = -(3/2) csc(x) cot(x) sqrt(csc(x)).","hard","","oetp","net:past_paper"
"maths-ch11-q24","y2-ch2-q24","Mathematics","maths","11","differentiation","Differentiation","chapter","Find dy/dx if y = ln(e^(3x)):","3","e^3x","3x","1/x","a","y = ln(e^(3x)) = 3x ln(e) = 3x, so dy/dx = 3.","medium","","oetp","net:past_paper"
"maths-ch11-q25","y2-ch2-q25","Mathematics","maths","11","differentiation","Differentiation","chapter","Find derivative w.r.t x of (x+1)/(x-1):","-2/(x-1)^2","2/(x-1)^2","(1+x)^2","None of these","a","By quotient rule: d/dx (x+1)/(x-1) = ((x-1) - (x+1))/(x-1)^2 = -2/(x-1)^2.","medium","","oetp","net:past_paper"
"maths-ch11-q26","y2-ch2-q26","Mathematics","maths","11","differentiation","Differentiation","chapter","Minimum value of sin x + cos x over [0, 2pi]:","-sqrt(2)","sqrt(2)","1","0","a","sin x + cos x has minimum -sqrt(2) (at x = 5pi/4).","hard","","oetp","net:past_paper"
"maths-ch11-q27","y2-ch2-q27","Mathematics","maths","11","differentiation","Differentiation","chapter","d/dx (log_3 x) = ?","2/x","1/(x ln(3))","1/(x log 3)","2/log 3","b","d/dx log_3 x = 1/(x ln 3).","medium","","oetp","net:past_paper"
"maths-ch11-q28","y2-ch2-q28","Mathematics","maths","11","differentiation","Differentiation","chapter","What is the order of the differential equation (d^3y/dx^3)^5 + (dy/dx)^2 + ... = 0?","5","4","3","2","c","The order is the highest derivative present, which is the third derivative, so order = 3.","medium","","oetp","net:past_paper"
"maths-ch12-q1","y2-ch3-q1","Mathematics","maths","12","integration","Integration","chapter","Integral of dx (i.e. integral of 1) is:","x + C","C","1 + C","None of these","a","The integral of 1 dx = x + C.","easy","","oetp","net:past_paper"
"maths-ch12-q2","y2-ch3-q2","Mathematics","maths","12","integration","Integration","chapter","Integral of (3x^2 + x - 2) dx =","3x^3 - x^2 + 3x - 1","x^3 + x^2/2 - 2x + C","3x + 1 + C","None of these","b","Integral = x^3 + x^2/2 - 2x + C.","medium","","oetp","net:past_paper"
"maths-ch12-q3","y2-ch3-q3","Mathematics","maths","12","integration","Integration","chapter","Find the integral of e^x/(e^x + 1) dx:","ln|e^x + 1| + C","ln|e^x| + C","e^x + C","None of these","a","When numerator is the derivative of denominator, integral = ln|denominator| = ln|e^x + 1| + C.","medium","","oetp","net:past_paper"
"maths-ch12-q4","y2-ch3-q4","Mathematics","maths","12","integration","Integration","chapter","Opposite process of differentiation is known as:","Anti-Derivative","Integration","Optimizing","Both a and b","d","The reverse of differentiation is anti-differentiation, also called integration, so both a and b.","easy","","oetp","net:past_paper"
"maths-ch12-q5","y2-ch3-q5","Mathematics","maths","12","integration","Integration","chapter","Which function has the same derivative and integral?","Linear Function","Exponential Function","Radical Function","Logarithmic Function","b","Only e^x has both derivative and integral equal to itself.","easy","","oetp","net:past_paper"
"maths-ch12-q6","y2-ch3-q6","Mathematics","maths","12","integration","Integration","chapter","Compute integral of sin^-1(x) dx:","x cos^-1 x - sqrt(1-x^2) + C","x sin^-1 x + sqrt(1-x^2) + C","x cos^-1 x + sqrt(1-x^2) + C","x sin^-1 x - sqrt(1-x^2) + C","b","By integration by parts: integral sin^-1 x dx = x sin^-1 x + sqrt(1 - x^2) + C.","hard","","oetp","net:past_paper"
"maths-ch12-q7","y2-ch3-q7","Mathematics","maths","12","integration","Integration","chapter","Compute integral of x e^x dx:","x e^x - x + C","e^x - x e^x + C","x e^x - x^2 e^x + C","x e^x - e^x + C","d","By parts: integral x e^x dx = x e^x - e^x + C.","hard","","oetp","net:past_paper"
"maths-ch12-q8","y2-ch3-q8","Mathematics","maths","12","integration","Integration","chapter","Definite integral of f(x) from a to b equals:","phi(a) - phi(b)","phi(a) + phi(b)","phi(b) - phi(a)","None of these","c","By the Fundamental Theorem, definite integral = phi(b) - phi(a).","easy","","oetp","net:past_paper"
"maths-ch12-q9","y2-ch3-q9","Mathematics","maths","12","integration","Integration","chapter","Integration of f(x, y) is possible through:","Product Rule","Chain Rule","Double Integrals","None of these","c","A two-variable function is integrated using double integrals.","easy","","oetp","net:past_paper"
"maths-ch12-q10","y2-ch3-q10","Mathematics","maths","12","integration","Integration","chapter","Find the area under the curve for x^2 + 1 dx between x = 4 and x = 1:","24","21","17","32","b","Integral of (x^2+1) from 1 to 4 = [x^3/3 + x] = (64/3 + 4) - (1/3 + 1) = 21.","medium","","oetp","net:past_paper"
"maths-ch12-q11","y2-ch3-q11","Mathematics","maths","12","integration","Integration","chapter","Integral of sqrt(sin(x)) cos(x) dx = ?","ln|sin x| + C","(2/3) sin^(3/2)(x) + C","sin^2(x) + C","-cos(x) + C","b","Let u = sin x, du = cos x dx: integral sqrt(u) du = (2/3) u^(3/2) = (2/3) sin^(3/2)(x) + C.","hard","","oetp","net:past_paper"
"maths-ch12-q12","y2-ch3-q12","Mathematics","maths","12","integration","Integration","chapter","Evaluate integral of 1/(x^2 + 1) dx from 0 to ... (per key -pi/2 context):","1/2","-pi/2","0","pi/3","b","Integral of 1/(x^2+1) = tan^-1 x; evaluating the given limits gives -pi/2 per the key.","hard","Limits garbled by OCR; answer (-pi/2) per key. Verify against scan.","oetp","net:past_paper"
"maths-ch12-q13","y2-ch3-q13","Mathematics","maths","12","integration","Integration","chapter","If integral f(x) dx = ln|csc x - cot x|, then f(x) is:","sec(x)","cosec(x)","tan(x)","None of these","b","Since integral csc x dx = ln|csc x - cot x|, f(x) = cosec(x).","medium","","oetp","net:past_paper"
"maths-ch12-q14","y2-ch3-q14","Mathematics","maths","12","integration","Integration","chapter","Evaluate integral (3x+1)/(x^2 - x - 6) dx:","ln|(x+2)(x-3)| + C","ln|x+3| + 2ln|x-2| + C","ln|x-3| + ln|x-2| + C","2 ln|x-3| + ln|x+2| + C","d","Partial fractions: (3x+1)/((x-3)(x+2)) = 2/(x-3) + 1/(x+2). Integral = 2 ln|x-3| + ln|x+2| + C.","hard","","oetp","net:past_paper"
"maths-ch13-q1","y2-ch4-q1","Mathematics","maths","13","analytic-geometry","Analytic Geometry","chapter","The two lines 7x + 2y + 3 = 0 and 6y + 21x + 9 = 0 are:","Intersecting","Perpendicular","Parallel","Coinciding","d","Dividing the second by 3 gives 2y + 7x + 3 = 0, identical to the first, so the lines coincide.","medium","","oetp","net:past_paper"
"maths-ch13-q2","y2-ch4-q2","Mathematics","maths","13","analytic-geometry","Analytic Geometry","chapter","Which of the following is the point-slope form of the equation?","Ax + By = C","y - y1 = m(x - x1)","y = mx + b","None of these","b","Point-slope form is y - y1 = m(x - x1).","easy","","oetp","net:past_paper"
"maths-ch13-q3","y2-ch4-q3","Mathematics","maths","13","analytic-geometry","Analytic Geometry","chapter","A line through (1,1) is perpendicular to a line with slope -3/4. Find its equation:","3x - 4y - 1 = 0","4x - 3y - 1 = 0","4y - 3x - 1 = 0","4y + 3x + 1 = 0","b","Perpendicular slope = 4/3. y - 1 = (4/3)(x - 1) -> 4x - 3y - 1 = 0.","hard","","oetp","net:past_paper"
"maths-ch13-q4","y2-ch4-q4","Mathematics","maths","13","analytic-geometry","Analytic Geometry","chapter","Shortest distance of point (1,2) from the line 3x - 4y + 10 = 0 is:","5","2","1","4","c","d = |3(1) - 4(2) + 10|/sqrt(9+16) = |5|/5 = 1.","medium","","oetp","net:past_paper"
"maths-ch13-q5","y2-ch4-q5","Mathematics","maths","13","analytic-geometry","Analytic Geometry","chapter","Correct formula for rotation of axes:","(x sin t + y cos t, -x sin t + y cos t)","(x cos t + y sin t, -x sin t + y cos t)","(x sin t + y sin t, -x cos t + y cos t)","(x cos t + y cos t, -x sin t + y sin t)","b","Rotation: x' = x cos t + y sin t, y' = -x sin t + y cos t.","hard","","oetp","net:past_paper"
"maths-ch13-q6","y2-ch4-q6","Mathematics","maths","13","analytic-geometry","Analytic Geometry","chapter","P(2,2), Q(-2,2), R(k,4) form a right triangle with right angle at P. Find k:","2","-2","4","-4","a","PQ is horizontal (slope 0), so PR must be vertical; that requires k - 2 = 0 -> k = 2.","hard","","oetp","net:past_paper"
"maths-ch13-q7","y2-ch4-q7","Mathematics","maths","13","analytic-geometry","Analytic Geometry","chapter","Which equation represents a horizontal line?","x = c","y = c","x = -y","x = y","b","A horizontal line has the form y = c.","easy","","oetp","net:past_paper"
"maths-ch13-q8","y2-ch4-q8","Mathematics","maths","13","analytic-geometry","Analytic Geometry","chapter","ax^2 + 2hxy + by^2 + 2gx + 2fy + c = 0 represents a pair of straight lines if:","ab = 0","a + b = 0","h^2 - ab = 0","All of these","c","The pair-of-lines condition relates to h^2 - ab = 0 (coincident lines); the key marks h^2 - ab = 0.","hard","","oetp","net:past_paper"
"maths-ch13-q9","y2-ch4-q9","Mathematics","maths","13","analytic-geometry","Analytic Geometry","chapter","If two lines are anti-parallel then:","Their slopes are equal","Slopes are opposite","Product of slopes is -1","Both a and b","a","Anti-parallel (and parallel) lines have equal slopes.","medium","","oetp","net:past_paper"
"maths-ch13-q10","y2-ch4-q10","Mathematics","maths","13","analytic-geometry","Analytic Geometry","chapter","The slope of a line parallel to the x-axis is:","1","-1","0","Undefined","c","Lines parallel to the x-axis have slope 0.","easy","","oetp","net:past_paper"
"maths-ch13-q11","y2-ch4-q11","Mathematics","maths","13","analytic-geometry","Analytic Geometry","chapter","The points (4,-2), (-2,4), (4,4) are vertices of a triangle. Find the centroid:","(3, 3)","(2, 2)","(2, 3)","(3, 2)","b","Centroid = ((4-2+4)/3, (-2+4+4)/3) = (6/3, 6/3) = (2, 2).","medium","","oetp","net:past_paper"
"maths-ch13-q12","y2-ch4-q12","Mathematics","maths","13","analytic-geometry","Analytic Geometry","chapter","Find the distance AB between A(3,1) and B(-2,-4):","sqrt(50)","sqrt(26)","sqrt(34)","sqrt(10)","a","d = sqrt((-2-3)^2 + (-4-1)^2) = sqrt(25 + 25) = sqrt(50).","medium","","oetp","net:past_paper"
"maths-ch13-q13","y2-ch4-q13","Mathematics","maths","13","analytic-geometry","Analytic Geometry","chapter","If the slopes of two lines are equal, the lines would be:","Intersecting","Perpendicular","Skewed","Parallel","d","Equal slopes mean the lines are parallel.","easy","","oetp","net:past_paper"
"maths-ch13-q14","y2-ch4-q14","Mathematics","maths","13","analytic-geometry","Analytic Geometry","chapter","What is the slope of the line y = 0?","0","1","Undefined","-1","a","y = 0 is the x-axis, whose slope is 0.","easy","","oetp","net:past_paper"
"maths-ch13-q15","y2-ch4-q15","Mathematics","maths","13","analytic-geometry","Analytic Geometry","chapter","Product of slopes of two perpendicular lines is always:","1","0","-1","Undefined","c","For perpendicular lines, the product of slopes is -1.","easy","","oetp","net:past_paper"
"maths-ch13-q16","y2-ch4-q16","Mathematics","maths","13","analytic-geometry","Analytic Geometry","chapter","If l1: x - y + 3 = 0 and l2: x + y + 9 = 0, find the angle between them:","90","0","30","None of these","a","Slopes are 1 and -1; product = -1, so the lines are perpendicular -> angle 90 degrees.","hard","","oetp","net:past_paper"
"maths-ch13-q17","y2-ch4-q17","Mathematics","maths","13","analytic-geometry","Analytic Geometry","chapter","Slope of the line joining (2,5) and (6,7):","2","1/2","-2","-1/2","b","Slope = (7-5)/(6-2) = 2/4 = 1/2.","medium","","oetp","net:past_paper"
"maths-ch13-q18","y2-ch4-q18","Mathematics","maths","13","analytic-geometry","Analytic Geometry","chapter","Slope of the line joining (-1,8) and (7,9):","8","0.125","4","1/6","b","Slope = (9-8)/(7-(-1)) = 1/8 = 0.125.","medium","","oetp","net:past_paper"
"maths-ch13-q19","y2-ch4-q19","Mathematics","maths","13","analytic-geometry","Analytic Geometry","chapter","A line perpendicular to the y-axis at distance 4 from it has equation:","x = 4","y = 4","x + y = 4","x - y = 4","b","A line perpendicular to the y-axis is horizontal: y = c, here y = 4.","medium","","oetp","net:past_paper"
"maths-ch13-q20","y2-ch4-q20","Mathematics","maths","13","analytic-geometry","Analytic Geometry","chapter","Find the equation of the line parallel to x = 6 passing through x = 5:","x = 7","x = 5","y = 5","y = 9","b","x = 6 is vertical; a parallel line is also vertical with equation x = 5.","medium","","oetp","net:past_paper"
"maths-ch13-q21","y2-ch4-q21","Mathematics","maths","13","analytic-geometry","Analytic Geometry","chapter","If a is the inclination of a line with the positive x-axis, the slope is:","sin(a)","tan(a)","cos(a)","None of these","b","Slope m = tan(a).","easy","","oetp","net:past_paper"
"maths-ch13-q22","y2-ch4-q22","Mathematics","maths","13","analytic-geometry","Analytic Geometry","chapter","If slope of AB is m1 and slope of CD is m2, they are perpendicular if:","1 - m1 m2 = 0","1 + m1 m2 = 0","m1 m2 = 1","m1 = m2","b","Perpendicular lines have m1 m2 = -1, i.e. 1 + m1 m2 = 0.","hard","","oetp","net:past_paper"
"maths-ch13-q23","y2-ch4-q23","Mathematics","maths","13","analytic-geometry","Analytic Geometry","chapter","Points (1,2), (4,6), (8,5), (a,b) form a parallelogram. Find (a,b):","(2, 3)","(3, 2)","(5, 1)","(1, 5)","c","Using equal slopes of opposite sides, solving gives a = 5, b = 1, so (5, 1).","hard","","oetp","net:past_paper"
"maths-ch13-q24","y2-ch4-q24","Mathematics","maths","13","analytic-geometry","Analytic Geometry","chapter","Distance between the points (2,-2) and (2,3):","1","5","-1","2","b","d = sqrt((2-2)^2 + (3-(-2))^2) = sqrt(25) = 5.","medium","","oetp","net:past_paper"
"maths-ch13-q25","y2-ch4-q25","Mathematics","maths","13","analytic-geometry","Analytic Geometry","chapter","Which point lies on the line 3x - 4y = 11?","(2, -1)","(3, 5)","(5, 1)","None of these","c","For (5,1): 3(5) - 4(1) = 15 - 4 = 11, which satisfies the equation.","medium","","oetp","net:past_paper"
"maths-ch13-q26","y2-ch4-q26","Mathematics","maths","13","analytic-geometry","Analytic Geometry","chapter","ax^2 + 2hxy + by^2 = 0 represents a distinct pair of lines through the origin iff:","a + b = 0","h^2 < ab","h^2 > ab","h^2 = ab","c","Real and distinct lines require h^2 > ab.","hard","","oetp","net:past_paper"
"maths-ch13-q27","y2-ch4-q27","Mathematics","maths","13","analytic-geometry","Analytic Geometry","chapter","Slope of a line with one point on negative x-axis and one on negative y-axis:","y/x","-y/x","x/y","-x/y","b","Points (-x, 0) and (0, -y): slope = (-y - 0)/(0 - (-x)) = -y/x.","medium","","oetp","net:past_paper"
"maths-ch14-q1","y2-ch5-q1","Mathematics","maths","14","linear-inequalities-and-linear-programming","Linear Inequalities and Linear Programming","chapter","The feasible solution which maximizes or minimizes the objective function is called:","Optimal solution","Feasible solution","Linear solution","Quintic solution","a","The feasible solution that optimizes the objective function is the optimal solution.","easy","","oetp","net:past_paper"
"maths-ch14-q2","y2-ch5-q2","Mathematics","maths","14","linear-inequalities-and-linear-programming","Linear Inequalities and Linear Programming","chapter","Feasible solution for a system of inequalities is restricted to the 1st quadrant. True or False?","True","False","Depends on problem constraints","None of these","a","The feasible region of inequalities with x >= 0, y >= 0 is restricted to the first quadrant, so True.","medium","","oetp","net:past_paper"
"maths-ch14-q3","y2-ch5-q3","Mathematics","maths","14","linear-inequalities-and-linear-programming","Linear Inequalities and Linear Programming","chapter","Find the solution set of |3 - 2x| < 5:","x < 4","-4 < x < -1","-1 < x < 4","x > 4","c","|3 - 2x| < 5 -> -5 < 3 - 2x < 5 -> -8 < -2x < 2 -> 4 > x > -1, i.e. -1 < x < 4.","medium","","oetp","net:past_paper"
"maths-ch15-q1","y2-ch6-q1","Mathematics","maths","15","conic-section","Conic Section","chapter","Equation of tangent to the hyperbola (x^2 - y^2 type) at point (2,1) is:","2y + x - 3 = 0","2y - x + 3 = 0","2x + y + 3 = 0","2x - y - 3 = 0","d","Per the key, the tangent at (2,1) is 2x - y - 3 = 0.","hard","Hyperbola equation garbled by OCR; answer per key. Verify against scan.","oetp","net:past_paper"
"maths-ch15-q2","y2-ch6-q2","Mathematics","maths","15","conic-section","Conic Section","chapter","Which of the following represents a hyperbola?","x^2 + y^2 = 1","x^2/a + y^2/b = 1","x^2/a - y^2/b = 1","y^2 = 4ax","c","A hyperbola has the form x^2/a - y^2/b = 1 (difference of squares).","medium","","oetp","net:past_paper"
"maths-ch15-q3","y2-ch6-q3","Mathematics","maths","15","conic-section","Conic Section","chapter","A tangent is drawn at any point of a hyperbola. What is the product of distances of its foci from it (per key b^2):","a^2","b^2","c^2","m^2","b","Per the key, the product of focal distances relates to b^2.","hard","","oetp","net:past_paper"
"maths-ch15-q4","y2-ch6-q4","Mathematics","maths","15","conic-section","Conic Section","chapter","Hyperbola is symmetric with respect to:","Transverse axis","Conjugate axis","Both a and b","None of these","c","A hyperbola is symmetric about both its transverse and conjugate axes.","medium","","oetp","net:past_paper"
"maths-ch15-q5","y2-ch6-q5","Mathematics","maths","15","conic-section","Conic Section","chapter","In an ellipse, the line through the focus perpendicular to the major axis ending at the ellipse is called:","Latus rectum","Focal chord","Directrix","Normal","a","This chord is the latus rectum.","easy","","oetp","net:past_paper"
"maths-ch15-q6","y2-ch6-q6","Mathematics","maths","15","conic-section","Conic Section","chapter","A hyperbola has:","One focus, two directrices","Two foci, two directrices","Two focus, one directrix","One focus, one directrix","b","A hyperbola has two foci and two directrices.","easy","","oetp","net:past_paper"
"maths-ch15-q7","y2-ch6-q7","Mathematics","maths","15","conic-section","Conic Section","chapter","If a plane intersecting the cone is parallel to the base circles, the conic is:","Circle","Ellipse","Parabola","Hyperbola","a","A plane parallel to the base produces a circle.","easy","","oetp","net:past_paper"
"maths-ch15-q8","y2-ch6-q8","Mathematics","maths","15","conic-section","Conic Section","chapter","Which are the parametric equations of a hyperbola?","x = a tan t, y = b cos t","x = a cosec t, y = b tan t","x = a sin t, y = b cos t","x = a sec t, y = b tan t","d","Parametric equations of a hyperbola are x = a sec t, y = b tan t.","medium","","oetp","net:past_paper"
"maths-ch15-q9","y2-ch6-q9","Mathematics","maths","15","conic-section","Conic Section","chapter","The point (5,5) lies ___ the circle x^2 + y^2 = 25:","On the circle","Inside","Outside","None of these","c","5^2 + 5^2 = 50 > 25, so the point lies outside the circle.","easy","","oetp","net:past_paper"
"maths-ch15-q10","y2-ch6-q10","Mathematics","maths","15","conic-section","Conic Section","chapter","Which equation is a parabola symmetric about the y-axis?","x^2 = 4ay","y^2 = 4ax","(y-2)^2 = 4a(x+3)","Both b and c","a","x^2 = 4ay is a parabola symmetric about the y-axis.","medium","","oetp","net:past_paper"
"maths-ch15-q11","y2-ch6-q11","Mathematics","maths","15","conic-section","Conic Section","chapter","If the plane passes through the vertex of a cone, the intersection results in:","An ellipse","A hyperbola","A point circle","A parabola","c","A plane through the vertex can produce a degenerate conic such as a point (point circle).","medium","","oetp","net:past_paper"
"maths-ch15-q12","y2-ch6-q12","Mathematics","maths","15","conic-section","Conic Section","chapter","___ is a special form of an ellipse when minor and major axes are equal:","Parabola","Circle","Hyperbola","None of these","b","When the axes are equal, the ellipse becomes a circle.","medium","","oetp","net:past_paper"
"maths-ch15-q13","y2-ch6-q13","Mathematics","maths","15","conic-section","Conic Section","chapter","Find the vertex of the parabola (x-2)^2 = 4(y+2):","(2, -2)","(-2, 2)","(2, 2)","(-2, -2)","a","Comparing with (x-h)^2 = 4a(y-k), vertex (h,k) = (2, -2).","hard","","oetp","net:past_paper"
"maths-ch15-q14","y2-ch6-q14","Mathematics","maths","15","conic-section","Conic Section","chapter","Find the eccentricity of the hyperbola x^2/4 - y^2/9 = 1:","sqrt(13)/3","sqrt(13)","sqrt(13)/2","13","c","For a hyperbola, e = sqrt(a^2 + b^2)/a = sqrt(4 + 9)/2 = sqrt(13)/2.","hard","","oetp","net:past_paper"
"maths-ch15-q15","y2-ch6-q15","Mathematics","maths","15","conic-section","Conic Section","chapter","Find the asymptotes of the hyperbola (y+2)^2 - (x-2)^2/9 = 1:","y = +/-(x-2) - 2","y = +/-(1/3)(x-4) + 3","y = +/-(x-5)","y = +/-(1/3)(x-2) - 2","d","Asymptotes of this hyperbola are y + 2 = +/-(1/3)(x-2), i.e. y = +/-(1/3)(x-2) - 2.","hard","Equation garbled by OCR; answer per key. Verify against scan.","oetp","net:past_paper"
"maths-ch15-q16","y2-ch6-q16","Mathematics","maths","15","conic-section","Conic Section","chapter","When both nappes of a double cone are cut by a plane (not through vertex), the cross-section is:","Hyperbola","Circle","Ellipse","Parabola","a","Cutting both nappes produces a hyperbola.","medium","","oetp","net:past_paper"
"maths-ch15-q17","y2-ch6-q17","Mathematics","maths","15","conic-section","Conic Section","chapter","Find the focus of the parabola y^2 = 4x:","(1, 0)","(0, 1)","(4, 0)","(0, 4)","a","For y^2 = 4ax, 4a = 4 -> a = 1; focus is (1, 0).","medium","","oetp","net:past_paper"
"maths-ch15-q18","y2-ch6-q18","Mathematics","maths","15","conic-section","Conic Section","chapter","Two different conics can intersect at a maximum of how many points?","2","3","4","Infinite points","c","Two conics can intersect in at most 4 points.","easy","","oetp","net:past_paper"
"maths-ch15-q19","y2-ch6-q19","Mathematics","maths","15","conic-section","Conic Section","chapter","Which conic has eccentricity equal to 1?","Parabola","Hyperbola","Ellipse","Circle","a","A parabola has eccentricity e = 1.","easy","","oetp","net:past_paper"
"maths-ch15-q20","y2-ch6-q20","Mathematics","maths","15","conic-section","Conic Section","chapter","Eccentricity of earth's orbit is:","Less than 1","Equal to 1","Greater than 1","Equal to 0","a","Earth's orbit is an ellipse with eccentricity less than 1.","easy","","oetp","net:past_paper"
"maths-ch15-q21","y2-ch6-q21","Mathematics","maths","15","conic-section","Conic Section","chapter","Which conic has eccentricity 0 < e < 1?","Parabola","Hyperbola","Ellipse","Circle","c","An ellipse has 0 < e < 1.","easy","","oetp","net:past_paper"
"maths-ch15-q22","y2-ch6-q22","Mathematics","maths","15","conic-section","Conic Section","chapter","Find the focus of the conic x^2 = 4ay:","(0, -a)","(a, 0)","(0, a)","(-a, 0)","c","For x^2 = 4ay the focus is (0, a).","medium","","oetp","net:past_paper"
"maths-ch15-q23","y2-ch6-q23","Mathematics","maths","15","conic-section","Conic Section","chapter","Find the equation of tangent from (2,3) to the circle x^2 + y^2 = 4:","5x - 12y = 26","5x - 12y = -26","Both a and b","None of these","c","There are two tangents from an external point; per the key both 5x - 12y = 26 and 5x - 12y = -26 apply.","hard","Tangent values per key; verify against scan.","oetp","net:past_paper"
"maths-ch15-q25","y2-ch6-q25","Mathematics","maths","15","conic-section","Conic Section","chapter","What are the vertices of the conic 9x^2 + 16y^2 = 144?","(+/-4, 0)","(0, +/-4)","(+/-3, 0)","(0, +/-3)","a","Dividing: x^2/16 + y^2/9 = 1, so a = 4 along x; vertices are (+/-4, 0).","hard","","oetp","net:past_paper"
"maths-ch15-q26","y2-ch6-q26","Mathematics","maths","15","conic-section","Conic Section","chapter","If h^2 = ab, then ax^2 + 2hxy + by^2 represents:","Circle","Parabola","Ellipse","Hyperbola","b","h^2 = ab corresponds to a parabola (coincident/parallel lines case).","medium","","oetp","net:past_paper"
"maths-ch15-q27","y2-ch6-q27","Mathematics","maths","15","conic-section","Conic Section","chapter","If A != B and they are of opposite signs, the conic is:","Parabola","Ellipse","Hyperbola","Circle","c","Coefficients of opposite sign indicate a hyperbola.","medium","","oetp","net:past_paper"
"maths-ch15-q28","y2-ch6-q28","Mathematics","maths","15","conic-section","Conic Section","chapter","2x^2 + 2y^2 + 4x - 6y - 15 = 0 represents a:","Circle","Parabola","Ellipse","Hyperbola","a","Equal coefficients of x^2 and y^2 with no xy term gives a circle.","medium","","oetp","net:past_paper"
"maths-ch15-q29","y2-ch6-q29","Mathematics","maths","15","conic-section","Conic Section","chapter","If a tangent is drawn on a circle, the point where it touches the circle is the:","Chord","Secant","Center","Point of tangency","d","The touching point is the point of tangency.","easy","","oetp","net:past_paper"
"maths-ch15-q33","y2-ch6-q33","Mathematics","maths","15","conic-section","Conic Section","chapter","e = 3/2 defines which conic?","Circle","Ellipse","Parabola","Hyperbola","d","Eccentricity greater than 1 indicates a hyperbola.","medium","","oetp","net:past_paper"
"maths-ch15-q34","y2-ch6-q34","Mathematics","maths","15","conic-section","Conic Section","chapter","Find the center of the circle 3x^2 + 3y^2 + 6x - 3y - 2 = 0:","(1, 1/2)","(1/2, 1)","(-1, 1/2)","(-1/2, -1)","c","Dividing by 3: x^2 + y^2 + 2x - y - 2/3 = 0; center = (-1, 1/2).","hard","","oetp","net:past_paper"
"maths-ch15-q35","y2-ch6-q35","Mathematics","maths","15","conic-section","Conic Section","chapter","Which transformation removes the first-degree terms from x^2 + 2y^2 + 2x - 4y = 0?","X + 1/2, Y - 1","X - 1, Y + 1","X - 1/2, Y + 1","X + 1, Y - 1","d","Completing the square shifts the center; the translation X + 1, Y - 1 removes the linear terms.","hard","Option labels garbled by OCR; answer per key. Verify against scan.","oetp","net:past_paper"
"maths-ch16-q1","y2-ch7-q1","Mathematics","maths","16","vectors","Vectors","chapter","Find a unit vector in the direction of v = 3i - 4j:","(3/5)i - (4/5)j","(1/5)i - j","3i - 4j","(4/5)i - (3/5)j","a","|v| = sqrt(9 + 16) = 5. Unit vector = (3i - 4j)/5 = (3/5)i - (4/5)j.","medium","","oetp","net:past_paper"
"maths-ch16-q2","y2-ch7-q2","Mathematics","maths","16","vectors","Vectors","chapter","If u, v, w are three vectors, then (u x v) . w can represent the volume of:","Triangle","Cube","Cylinder","Parallelepiped","d","The triple scalar product (u x v) . w gives the volume of a parallelepiped.","easy","","oetp","net:past_paper"
"maths-ch16-q3","y2-ch7-q3","Mathematics","maths","16","vectors","Vectors","chapter","If a = 2i + 3j - 4k and b = ai + 9j + 5k are perpendicular, find a:","7","-7/2","-7","7/2","b","Perpendicular -> dot product 0: 2a + 27 - 20 = 0 -> 2a + 7 = 0 -> a = -7/2.","hard","","oetp","net:past_paper"
"maths-ch16-q4","y2-ch7-q4","Mathematics","maths","16","vectors","Vectors","chapter","Find the volume of the parallelepiped formed by u = i+2j-k, v = i-2j+3k, w = i-7j-4k:","27","32","56","48","d","Triple scalar product determinant = 1(8+21) - 2(-4-3) - 1(-7+2) = 29 + 14 + 5 = 48.","hard","","oetp","net:past_paper"
"maths-ch16-q5","y2-ch7-q5","Mathematics","maths","16","vectors","Vectors","chapter","Compute (i + j)(j - j)(k + k):","1","-1","0","Undefined","c","The middle factor (j - j) = 0, so the whole product is 0.","medium","","oetp","net:past_paper"
"maths-ch16-q6","y2-ch7-q6","Mathematics","maths","16","vectors","Vectors","chapter","If volume of parallelepiped from u = 2i - aj + 6k, v = i + 2j - k, w = ai + 3j + k is 4, a possible value of a is:","4","-7","3","-8","c","Setting the triple product equal to 4 gives a^2 - 11a + 24 = 0 -> a = 3 or 8. Only 3 is an option.","hard","","oetp","net:past_paper"
"maths-ch16-q7","y2-ch7-q7","Mathematics","maths","16","vectors","Vectors","chapter","Compute i x (i x k):","1","-1","0","None of these","c","i x k = -j, then i x (-j) = -(i x j) = -k... per key the result evaluates to 0.","hard","Bracketed cross-product garbled by OCR; answer (0) per key. Verify against scan.","oetp","net:past_paper"
"maths-ch16-q8","y2-ch7-q8","Mathematics","maths","16","vectors","Vectors","chapter","Compute i . (j x k):","1","-1","0","None of these","a","j x k = i, and i . i = 1.","medium","","oetp","net:past_paper"
"maths-ch16-q9","y2-ch7-q9","Mathematics","maths","16","vectors","Vectors","chapter","Compute i . (k x j):","1","-1","0","None of these","b","k x j = -i, and i . (-i) = -1.","medium","","oetp","net:past_paper"
"maths-ch16-q10","y2-ch7-q10","Mathematics","maths","16","vectors","Vectors","chapter","Volume of parallelepiped from u = 9i - 5j, v = 6i - 7j + k, w = i - k:","28","33","56","38","a","Evaluating the triple scalar product determinant gives 28.","hard","","oetp","net:past_paper"
"maths-ch16-q11","y2-ch7-q11","Mathematics","maths","16","vectors","Vectors","chapter","Find a unit vector in the direction of A = -i + 2j - 4k:","(-i + 2j - 4k)/sqrt(21)","(-1 + 2 - 4)/7","(-i+2j-4k)/sqrt(7)","(-i+2j-4k)/sqrt(15)","a","|A| = sqrt(1 + 4 + 16) = sqrt(21). Unit vector = (-i + 2j - 4k)/sqrt(21).","hard","","oetp","net:past_paper"
"maths-ch16-q12","y2-ch7-q12","Mathematics","maths","16","vectors","Vectors","chapter","Which set can be the direction angles of a vector?","60, 45, 90","45, 45, 45","60, 30, 30","60, 60, 45","d","Direction angles satisfy cos^2 a + cos^2 b + cos^2 c = 1. Only 60, 60, 45 gives (1/4 + 1/4 + 1/2) = 1.","hard","","oetp","net:past_paper"
"maths-ch16-q13","y2-ch7-q13","Mathematics","maths","16","vectors","Vectors","chapter","If a = 2i - j + k and b = -i + j, find the angle between the vectors:","2pi/3","3pi/4","5pi/6","pi/2","c","cos theta = (a.b)/(|a||b|) = -3/(sqrt(6) sqrt(2)) = -3/sqrt(12) = -sqrt(3)/2 -> theta = 150 deg = 5pi/6.","hard","","oetp","net:past_paper"
"physics-ch1-q1","ph-ch1-q1","Physics","physics","1","measurements","Measurements","chapter","Volume of a sphere having radius 17 cm is:","20579.53 cm^3","0.03 cm^3","0.08 cm^3","0.01 cm^3","a","V = (4/3) pi r^3 = (4/3)(3.14)(17)^3 = 20579.53 cm^3. Cube of 17 is large so only option a is reasonable by observation.","medium","","oetp","net:past_paper"
"physics-ch1-q2","ph-ch1-q2","Physics","physics","1","measurements","Measurements","chapter","Ratio of Nano to Atto is:","10^3","10^6","10^9","10^12","c","Nano = 10^-9, Atto = 10^-18. Ratio = 10^-9 / 10^-18 = 10^9.","hard","","oetp","net:past_paper"
"physics-ch1-q3","ph-ch1-q3","Physics","physics","1","measurements","Measurements","chapter","Zeros are always considered significant when they are:","In between non-zero digits","On left of non-zero digits","On right of non-zero digits","All of the above","a","Zeros between non-zero digits are always significant (e.g. 2.509 has 4 sig figs). Zeros on the left are not significant; zeros on the right may or may not be.","medium","","oetp","net:past_paper"
"physics-ch1-q4","ph-ch1-q4","Physics","physics","1","measurements","Measurements","chapter","Weight is equivalent to which of the following?","Momentum","Energy","Acceleration","Force","d","Weight is the gravitational force acting on a body directed towards the centre of the earth. W = mg, so weight is a force.","medium","","oetp","net:past_paper"
"physics-ch1-q5","ph-ch1-q5","Physics","physics","1","measurements","Measurements","chapter","1 femto is equal to:","10 atto","100 atto","1000 atto","10000 atto","c","1 atto = 10^-18, 1 femto = 10^-15. So 1 femto = 10^-15 = 10^3 x 10^-18 = 1000 atto.","medium","","oetp","net:past_paper"
"physics-ch1-q6","ph-ch1-q6","Physics","physics","1","measurements","Measurements","chapter","Dimension of power?","M^1 L^2 T^-3","M^1 L^-2 T^-2","M^0 L^0 T^0","M^2 L^2 T^-2","a","Power = Work/Time. Dimensions of work = ML^2T^-2. Dividing by T: ML^2T^-3.","hard","","oetp","net:past_paper"
"physics-ch1-q7","ph-ch1-q7","Physics","physics","1","measurements","Measurements","chapter","Which one of the following is correct?","1 GeV = 10^9 eV","1 MeV = 10^6 eV","1 eV = 1.6 x 10^-19 J","All of the above","d","All three are correct standard energy unit conversions.","medium","","oetp","net:past_paper"
"physics-ch1-q8","ph-ch1-q8","Physics","physics","1","measurements","Measurements","chapter","Dimensions of torsional couple are similar to the dimension of:","Power","Current","Work","Galvanometer constant","c","Torsional couple has unit N.m (Newton-metre). Work also has unit N.m, so their dimensions are the same: ML^2T^-2.","medium","","oetp","net:past_paper"
"physics-ch1-q9","ph-ch1-q9","Physics","physics","1","measurements","Measurements","chapter","Branch of physics which deals with sub-atomic particles:","Atomic physics","Particle physics","Molecular physics","Nuclear physics","b","Particle physics studies sub-atomic (elementary) particles such as quarks and leptons.","medium","","oetp","net:past_paper"
"physics-ch1-q10","ph-ch1-q10","Physics","physics","1","measurements","Measurements","chapter","Dimensions of work?","MLT^-2","ML^2T^-2","ML^2T^-1","ML^-1T^-2","b","Work = Force x Distance = (MLT^-2)(L) = ML^2T^-2.","medium","","oetp","net:past_paper"
"physics-ch1-q11","ph-ch1-q11","Physics","physics","1","measurements","Measurements","chapter","The SI unit of mass is?","Milligram","Gram","Kilogram","Ton","c","The SI (International System) base unit of mass is the kilogram (kg).","easy","","oetp","net:past_paper"
"physics-ch1-q12","ph-ch1-q12","Physics","physics","1","measurements","Measurements","chapter","SI unit of velocity is:","ms^-1 (m/s)","s/m","m/s","s/m^2","c","Velocity = displacement/time; SI unit is metres per second (m/s).","easy","","oetp","net:past_paper"
"physics-ch1-q13","ph-ch1-q13","Physics","physics","1","measurements","Measurements","chapter","SI unit of acceleration is:","ms^-1","ms^-2","ms^2","ms^3","b","Acceleration = velocity/time; SI unit is m/s^2 (ms^-2).","medium","","oetp","net:past_paper"
"physics-ch1-q14","ph-ch1-q14","Physics","physics","1","measurements","Measurements","chapter","In v = a + bt, what are the units of a and b if v = ms^-1 and t = s?","ms^-2 and ms^-2","ms^-1 and ms^-2","ms^-2 and ms^-1","ms^1 and ms^-3","b","Both sides must have units of ms^-1. So unit of a = ms^-1. For bt: unit of b x s = ms^-1, so unit of b = ms^-2.","medium","","oetp","net:past_paper"
"physics-ch1-q15","ph-ch1-q15","Physics","physics","1","measurements","Measurements","chapter","Absolute uncertainty in length of 10 m measured by a scale of precision 0.1 m is:","0.1","10","0.01","1.5","a","Absolute uncertainty = Least Count = precision of the measuring instrument = 0.1 m.","medium","","oetp","net:past_paper"
"physics-ch1-q16","ph-ch1-q16","Physics","physics","1","measurements","Measurements","chapter","Unit of light year is:","Seconds","Meter","Meter/Second","Volts","b","A light year is the distance light travels in one year — it is a unit of length (metre).","easy","","oetp","net:past_paper"
"physics-ch1-q17","ph-ch1-q17","Physics","physics","1","measurements","Measurements","chapter","Parsec is the unit of?","Frequency","Mass","Distance","Time","c","A parsec is a unit of length (distance) used in astronomy, approximately 3.26 light-years.","easy","","oetp","net:past_paper"
"physics-ch1-q18","ph-ch1-q18","Physics","physics","1","measurements","Measurements","chapter","Which one has the least value?","Femto","Pico","Atto","Milli","c","Atto = 10^-18, Femto = 10^-15, Pico = 10^-12, Milli = 10^-3. Atto has the smallest value.","medium","","oetp","net:past_paper"
"physics-ch1-q19","ph-ch1-q19","Physics","physics","1","measurements","Measurements","chapter","If v = a + bt, the dimensions of a and b are:","LT^-1 and LT^-2","LT^-1 and T","L^2T^-1 and T","None of these","a","v has dimensions LT^-1. So a has dimensions LT^-1. bt has dimensions LT^-1, so b has dimensions LT^-1/T = LT^-2.","medium","","oetp","net:past_paper"
"physics-ch1-q20","ph-ch1-q20","Physics","physics","1","measurements","Measurements","chapter","Radian is a:","Base unit","Derived unit","Supplementary unit","None of these","c","There are only two supplementary units in SI: the radian (for plane angle) and the steradian (for solid angle).","medium","","oetp","net:past_paper"
"physics-ch1-q21","ph-ch1-q21","Physics","physics","1","measurements","Measurements","chapter","Least count of a micrometer screw gauge is?","0.02 cm","0.01 cm","0.01 mm","0.02 mm","c","Least Count = Pitch / Number of circular scale divisions = 1 mm / 100 = 0.01 mm.","medium","","oetp","net:past_paper"
"physics-ch1-q22","ph-ch1-q22","Physics","physics","1","measurements","Measurements","chapter","What are the dimensions of p^2/m, where p is momentum and m is mass?","ML^2T^-2","MT^-2","ML^2T^-3","ML","a","p = mv, so p^2/m = (mv)^2/m = mv^2. Dimensions = M(LT^-1)^2 = ML^2T^-2.","hard","","oetp","net:past_paper"
"physics-ch1-q23","ph-ch1-q23","Physics","physics","1","measurements","Measurements","chapter","If A = 2.7979 and B = 8.1, then A + B =","10.9","10.8","11","None of these","a","For addition, retain the least number of decimal places. B has 1 decimal place. A + B = 10.89, rounded to 1 decimal place = 10.9.","hard","","oetp","net:past_paper"
"physics-ch1-q24","ph-ch1-q24","Physics","physics","1","measurements","Measurements","chapter","Number of significant figures in 0.000634 is:","7","6","3","None of these","c","Leading zeros are not significant. Only 6, 3, 4 are significant — so 3 significant figures.","medium","","oetp","net:past_paper"
"physics-ch1-q25","ph-ch1-q25","Physics","physics","1","measurements","Measurements","chapter","1 inch = ___ cm","2.50","2.52","2.54","2.56","c","1 inch is defined as exactly 2.54 cm.","easy","","oetp","net:past_paper"
"physics-ch1-q26","ph-ch1-q26","Physics","physics","1","measurements","Measurements","chapter","Unit of pressure?","Kelvin","Candela","Pascal","Joule","c","Pressure is force per unit area; its SI unit is the Pascal (Pa = N/m^2).","easy","","oetp","net:past_paper"
"physics-ch1-q27","ph-ch1-q27","Physics","physics","1","measurements","Measurements","chapter","Pa m^2 is the unit of:","Work","Pressure","Force","Power","c","Pa = N/m^2, so Pa x m^2 = N/m^2 x m^2 = N (Newton), which is the unit of Force.","medium","","oetp","net:past_paper"
"physics-ch1-q28","ph-ch1-q28","Physics","physics","1","measurements","Measurements","chapter","Which of the following quantities has the dimension [MLT^-1]?","Force","Work","Momentum","Pressure","c","Momentum = mass x velocity = kg x ms^-1 = kg m s^-1. Dimensions = MLT^-1.","medium","","oetp","net:past_paper"
"physics-ch1-q29","ph-ch1-q29","Physics","physics","1","measurements","Measurements","chapter","If v is the velocity of an object then v/c (where c = speed of light) is always:","Greater than 1","Less than 1","Equal to 1","None of these","b","No object can travel at or exceed the speed of light, so v < c always, meaning v/c < 1.","hard","","oetp","net:past_paper"
"physics-ch1-q30","ph-ch1-q30","Physics","physics","1","measurements","Measurements","chapter","A = 4.1 and B = 3.26; result from calculator = 1.0087. Correct significant figures in final answer (multiplication/division)?","2","3","4","9","a","For multiplication/division, the result has the same number of sig figs as the number with the fewest. A has 2 sig figs, B has 3. So answer must have 2 significant figures.","hard","","oetp","net:past_paper"
"physics-ch1-q31","ph-ch1-q31","Physics","physics","1","measurements","Measurements","chapter","Which measure is nearest to your height?","0.01 cm","2 cm","40 cm","160 cm","d","Average adult height is approximately 5-6 feet = 152-183 cm. Only 160 cm is in this range.","medium","","oetp","net:past_paper"
"physics-ch1-q32","ph-ch1-q32","Physics","physics","1","measurements","Measurements","chapter","1 femto = ","10^-8","10^-12","10^-15","None of these","c","Femto is the SI prefix for 10^-15.","medium","","oetp","net:past_paper"
"physics-ch1-q33","ph-ch1-q33","Physics","physics","1","measurements","Measurements","chapter","1 radian is equal to how many degrees?","57.296 degrees","90 degrees","180 degrees","360 degrees","a","1 radian = 180/pi degrees = approximately 57.296 degrees.","medium","","oetp","net:past_paper"
"physics-ch1-q34","ph-ch1-q34","Physics","physics","1","measurements","Measurements","chapter","If 5.1 is added to 3.014, the number of significant figures in the final answer will be?","1","2","3","58.296","b","For addition, use the least number of decimal places. 5.1 has 1 decimal place, 3.014 has 3. Sum = 8.114, rounded to 1 decimal place = 8.1, which has 2 significant figures.","hard","","oetp","net:past_paper"
"physics-ch2-q1","ph-ch2-q1","Physics","physics","2","vectors-and-equilibrium","Vectors and Equilibrium","chapter","Two forces of magnitudes 31 N and 50 N are applied on an object. Which of the following can be the magnitude of their resultant?","15","50","78","100","c","Resultant lies in range |A-B| to |A+B| = |50-31| to |50+31| = 19 to 81. Only 78 lies in this range.","medium","","oetp","net:past_paper"
"physics-ch2-q2","ph-ch2-q2","Physics","physics","2","vectors-and-equilibrium","Vectors and Equilibrium","chapter","A force of 2 N with a moment arm of sqrt(2) m produces a torque of sqrt(6) Nm. What is the angle?","0 degrees","30 degrees","45 degrees","60 degrees","d","Torque = r x F x sin(theta) = sqrt(2) x 2 x sin(theta) = sqrt(6). So sin(theta) = sqrt(6)/(2*sqrt(2)) = sqrt(3)/2. Therefore theta = 60 degrees.","hard","","oetp","net:past_paper"
"physics-ch2-q3","ph-ch2-q3","Physics","physics","2","vectors-and-equilibrium","Vectors and Equilibrium","chapter","The cross product of three unit vectors (i, j, k) equals:","1","-1","0","infinite","c","i x j x k = k x k = 0. Cross product of two parallel vectors is always zero.","medium","","oetp","net:past_paper"
"physics-ch2-q4","ph-ch2-q4","Physics","physics","2","vectors-and-equilibrium","Vectors and Equilibrium","chapter","(j x j) . i = ?","1","-1","0","2","c","j x j = 0 (cross product of parallel vectors). Then 0 . i = 0.","hard","","oetp","net:past_paper"
"physics-ch2-q5","ph-ch2-q5","Physics","physics","2","vectors-and-equilibrium","Vectors and Equilibrium","chapter","Dimension of Torque is?","MLT^-2","ML^2T^-2","ML^2T^-3","ML^2T^-1","b","Torque = moment arm x force = L x MLT^-2 = ML^2T^-2.","medium","","oetp","net:past_paper"
"physics-ch2-q6","ph-ch2-q6","Physics","physics","2","vectors-and-equilibrium","Vectors and Equilibrium","chapter","Rain falls vertically at 30 m/s. Wind blows south at 10 m/s. At what angle and direction should the umbrella be held?","tan^-1(1/3) vertical towards north","tan^-1(1/3) vertical towards south","cos^-1(1/3) vertical towards north","cos^-1(1/3) vertical towards south","b","Relative velocity of rain w.r.t. person: tan(theta) = v_wind/v_rain = 10/30 = 1/3. Theta = tan^-1(1/3) ≈ 18 degrees. Hold umbrella towards south.","medium","","oetp","net:past_paper"
"physics-ch2-q7","ph-ch2-q7","Physics","physics","2","vectors-and-equilibrium","Vectors and Equilibrium","chapter","Books A (2N), B (5N), C (4N) stacked A on top, B in middle, C at bottom. Total force on book B?","11 N","5 N","7 N","6 N","c","Book B bears the weight of A (2N) from above, plus its own weight (5N) acting on C below. C pushes back with a normal force. Net force on B = weight of A + weight of B = 2 + 5 = 7 N.","medium","","oetp","net:past_paper"
"physics-ch2-q8","ph-ch2-q8","Physics","physics","2","vectors-and-equilibrium","Vectors and Equilibrium","chapter","How much angle does the vector 2i + 3j make with the y-axis?","50","34","60","56","b","Angle with x-axis = tan^-1(3/2) = tan^-1(1.5) ≈ 56 degrees. Angle with y-axis = 90 - 56 = 34 degrees.","hard","","oetp","net:past_paper"
"physics-ch2-q9","ph-ch2-q9","Physics","physics","2","vectors-and-equilibrium","Vectors and Equilibrium","chapter","A vector having magnitude equal to one is called:","Position vector","Unit vector","Null vector","None of these","b","A unit vector has magnitude exactly equal to one and indicates direction only.","easy","","oetp","net:past_paper"
"physics-ch2-q10","ph-ch2-q10","Physics","physics","2","vectors-and-equilibrium","Vectors and Equilibrium","chapter","If velocity v (vector) is multiplied by scalar quantity mass, the result will be:","Scalar","Vector","These two cannot be multiplied","None of these","b","A vector multiplied by a scalar gives a vector. Momentum p = mv is a vector quantity.","medium","","oetp","net:past_paper"
"physics-ch2-q11","ph-ch2-q11","Physics","physics","2","vectors-and-equilibrium","Vectors and Equilibrium","chapter","If a force is acting in y-direction, the x-component of the force will be:","Equal to the force","Equal to zero","Double the force","None of these","b","A force entirely in the y-direction has zero component along the x-axis.","medium","","oetp","net:past_paper"
"physics-ch2-q12","ph-ch2-q12","Physics","physics","2","vectors-and-equilibrium","Vectors and Equilibrium","chapter","If the dot product of two vectors equals the product of their magnitudes, the angle between them is:","90","180","0","270","c","A.B = |A||B|cos(theta). For A.B = |A||B|, cos(theta) = 1, so theta = 0 degrees (vectors are parallel).","medium","","oetp","net:past_paper"
"physics-ch2-q13","ph-ch2-q13","Physics","physics","2","vectors-and-equilibrium","Vectors and Equilibrium","chapter","Vector components in space are:","1","3","Infinite","None of these","c","A vector in space can have an infinite number of component directions, though it has exactly 3 rectangular (orthogonal) components.","medium","","oetp","net:past_paper"
"physics-ch2-q14","ph-ch2-q14","Physics","physics","2","vectors-and-equilibrium","Vectors and Equilibrium","chapter","Two vectors of magnitudes 10m and 20m have an angle of 30 between them. The component of the shorter vector parallel to the longer vector is:","5 m","8.66 m","10 m","17.32 m","b","Component of A along B = A cos(theta) = 10 cos(30) = 10 x (sqrt(3)/2) = 8.66 m.","hard","","oetp","net:past_paper"
"physics-ch2-q15","ph-ch2-q15","Physics","physics","2","vectors-and-equilibrium","Vectors and Equilibrium","chapter","Two vectors A and B both have magnitude 5N and the angle between them is 135 degrees. The magnitude of A x B will be:","25","17.678","-17.678","-25","b","|A x B| = |A||B|sin(theta) = 5 x 5 x sin(135) = 25 x (sqrt(2)/2) = 17.678. Magnitude is always positive.","hard","","oetp","net:past_paper"
"physics-ch2-q16","ph-ch2-q16","Physics","physics","2","vectors-and-equilibrium","Vectors and Equilibrium","chapter","Magnitudes of A, B, C are 12, 5, 13 units respectively and A + B = C. Angle between A and B?","90","0","60","15","a","Check: 12^2 + 5^2 = 144 + 25 = 169 = 13^2. This is a Pythagorean triple, so the angle between A and B is 90 degrees.","hard","","oetp","net:past_paper"
"physics-ch2-q17","ph-ch2-q17","Physics","physics","2","vectors-and-equilibrium","Vectors and Equilibrium","chapter","Which option(s) represent a vector quantity?","kg m s^-1","kg m s^-2","kg","Both a and b","d","kg m s^-1 is momentum (vector) and kg m s^-2 is force (vector). Both are vector quantities.","medium","","oetp","net:past_paper"
"physics-ch2-q18","ph-ch2-q18","Physics","physics","2","vectors-and-equilibrium","Vectors and Equilibrium","chapter","Angle made by vector -i - 5j with the x-axis?","tan^-1(5)","90 + tan^-1(5)","180 + tan^-1(5)","270 - tan^-1(5)","c","Both components are negative, so the vector is in the 3rd quadrant. Angle = 180 + tan^-1(|y|/|x|) = 180 + tan^-1(5/1) = 180 + tan^-1(5).","hard","","oetp","net:past_paper"
"physics-ch2-q19","ph-ch2-q19","Physics","physics","2","vectors-and-equilibrium","Vectors and Equilibrium","chapter","If A and B are two vectors, area of parallelogram formed by them will be?","AB","A.B","AB cos theta","|A x B|","d","Area of parallelogram = |A x B| = |A||B|sin(theta), the magnitude of the cross product.","medium","","oetp","net:past_paper"
"physics-ch2-q20","ph-ch2-q20","Physics","physics","2","vectors-and-equilibrium","Vectors and Equilibrium","chapter","(1, 1, 1) . (2, 2, 2) = ?","2","4","6","8","c","Dot product = 1*2 + 1*2 + 1*2 = 2 + 2 + 2 = 6.","easy","","oetp","net:past_paper"
"physics-ch2-q21","ph-ch2-q21","Physics","physics","2","vectors-and-equilibrium","Vectors and Equilibrium","chapter","A force F of magnitude 5N makes an angle of 60 degrees with the x-axis. The x-component of the vector will be:","F/2","sqrt(3)F/2","F/sqrt(2)","F","a","F_x = F cos(60) = F x (1/2) = F/2.","medium","","oetp","net:past_paper"
"physics-ch3-q1","ph-ch3-q1","Physics","physics","3","motion-and-force","Motion and Force","chapter","A balloon is going upward with velocity 12 m/s. A packet is dropped. How many seconds might it take to reach the ground? (s = -12t + 5t^2 - 65 = 0)","5","6","7","8","a","Using 2nd equation of motion with upward initial velocity as negative: 5t^2 - 12t - 65 = 0. Substituting t=5: 125 - 60 - 65 = 0. Verified.","hard","","oetp","net:past_paper"
"physics-ch3-q2","ph-ch3-q2","Physics","physics","3","motion-and-force","Motion and Force","chapter","Newton's 3rd law of motion is for bodies that are:","In motion","At rest","Both a and b","None of these","c","Newton's 3rd law (action-reaction) applies to all bodies regardless of whether they are in motion or at rest.","easy","","oetp","net:past_paper"
"physics-ch3-q3","ph-ch3-q3","Physics","physics","3","motion-and-force","Motion and Force","chapter","A person covers 6 km in 45 minutes, half the distance in two-thirds of the time. Speed (km/hr) to cover the remaining distance in remaining time?","6","8","12","15","c","Half distance = 3 km covered in 30 min. Remaining = 3 km in 15 min = 0.25 hr. Speed = 3/0.25 = 12 km/hr.","medium","","oetp","net:past_paper"
"physics-ch3-q4","ph-ch3-q4","Physics","physics","3","motion-and-force","Motion and Force","chapter","Which of the following has no acceleration?","Man driving a car on a busy road","Rock rolling down a mountain","A luggage in a flying airplane","A car on a rough road","c","Luggage in a flying airplane at constant velocity is at rest relative to the plane — no acceleration of its own.","hard","","oetp","net:past_paper"
"physics-ch3-q5","ph-ch3-q5","Physics","physics","3","motion-and-force","Motion and Force","chapter","In elastic collision:","KE is conserved","Momentum is conserved","Both a and b","None of these","c","In a perfectly elastic collision, both kinetic energy and momentum are conserved.","medium","","oetp","net:past_paper"
"physics-ch3-q6","ph-ch3-q6","Physics","physics","3","motion-and-force","Motion and Force","chapter","The laws of motion show the relation between:","Mass and acceleration","Mass and velocity","Mass and weight","Force and acceleration","d","Newton's 2nd law F = ma shows the relation between force and acceleration.","easy","","oetp","net:past_paper"
"physics-ch3-q7","ph-ch3-q7","Physics","physics","3","motion-and-force","Motion and Force","chapter","When the speed of a body is doubled, its momentum becomes:","Halved","Doubled","Tripled","Remains same","b","Momentum p = mv. If v doubles to 2v, then p' = m(2v) = 2mv = 2p. Momentum doubles.","medium","","oetp","net:past_paper"
"physics-ch3-q8","ph-ch3-q8","Physics","physics","3","motion-and-force","Motion and Force","chapter","Laws of motion describe?","Relationship of body, force and motion in response","Relationship of body and force","Relationship of force and motion","Relationship of body and motion","a","Newton's laws of motion describe how a body responds (motion) to an applied force, relating body, force, and motion.","medium","","oetp","net:past_paper"
"physics-ch3-q9","ph-ch3-q9","Physics","physics","3","motion-and-force","Motion and Force","chapter","When a car moves with constant velocity, the net force on it is:","Upward","Downward","Left","Zero","d","Constant velocity means zero acceleration. By F = ma, zero acceleration means zero net force.","medium","","oetp","net:past_paper"
"physics-ch3-q10","ph-ch3-q10","Physics","physics","3","motion-and-force","Motion and Force","chapter","A body of mass 0.5 kg starts from rest, experiences force F = 8i + 6j N. What is its speed at t=1 s after covering 4 m?","13 ms^-1","20 ms^-1","17 ms^-1","25 ms^-1","b","|F| = sqrt(8^2 + 6^2) = 10 N. a = F/m = 10/0.5 = 20 m/s^2. v^2 = u^2 + 2aS = 0 + 2(20)(4) = 160. |a| per answer key gives v = 20 ms^-1.","hard","Calculation yields v = sqrt(160) ≈ 12.6, but key gives 20; likely a = 10 m/s^2. Verify against scan.","oetp","net:past_paper"
"physics-ch3-q11","ph-ch3-q11","Physics","physics","3","motion-and-force","Motion and Force","chapter","Ball thrown from a tower reaches ground in 4 s. Height of tower?","20 m","40 m","80 m","100 m","c","S = (1/2)g t^2 = (1/2)(10)(4^2) = 80 m.","medium","","oetp","net:past_paper"
"physics-ch3-q12","ph-ch3-q12","Physics","physics","3","motion-and-force","Motion and Force","chapter","A body of mass 3.513 kg moves along x-axis with speed 5 ms^-1. Magnitude of momentum?","14.57 kg m/s","17.6 kg m/s","18.565 kg m/s","13.56 kg m/s","b","p = mv = 3.513 x 5 = 17.565 ≈ 17.6 kg m/s (2 sig figs from mass, 1 from speed gives 2 sig figs).","medium","","oetp","net:past_paper"
"physics-ch3-q13","ph-ch3-q13","Physics","physics","3","motion-and-force","Motion and Force","chapter","A body is dropped from 175 m height. Time to reach ground?","3.5 sec","5.97 sec","4.68 sec","2 sec","b","S = (1/2)g t^2 -> 175 = (1/2)(9.8)t^2 -> t^2 = 35.7 -> t = 5.97 s.","hard","","oetp","net:past_paper"
"physics-ch3-q14","ph-ch3-q14","Physics","physics","3","motion-and-force","Motion and Force","chapter","A car travels 350 miles in 5.0 hours. Average speed?","10 miles/hr","70 miles/hr","50 miles/hr","60 miles/hr","b","Speed = distance/time = 350/5 = 70 miles/hr.","easy","","oetp","net:past_paper"
"physics-ch3-q15","ph-ch3-q15","Physics","physics","3","motion-and-force","Motion and Force","chapter","Unit of momentum is?","kg/s","kg m s","kg m/s","None of these","c","Momentum = mass x velocity; unit = kg x m/s = kg m/s.","easy","","oetp","net:past_paper"
"physics-ch3-q16","ph-ch3-q16","Physics","physics","3","motion-and-force","Motion and Force","chapter","When a body falls under gravity, direction of acceleration is:","Upwards","Downwards","Towards right","Towards left","b","Gravitational force acts downward, so acceleration due to gravity is always downwards.","easy","","oetp","net:past_paper"
"physics-ch3-q17","ph-ch3-q17","Physics","physics","3","motion-and-force","Motion and Force","chapter","A force of 2.5 N changes velocity from 50 m/s to 100 m/s in 50 s. Mass of the body?","5 kg","2.5 kg","1 kg","10 kg","b","F = m(delta v/t) = m(50/50) = m. So m = F/1 = 2.5 kg.","medium","","oetp","net:past_paper"
"physics-ch3-q18","ph-ch3-q18","Physics","physics","3","motion-and-force","Motion and Force","chapter","Formula of maximum range of a projectile is?","2v^2/g","v^2/g","v/g","None of these","b","Maximum range R = v^2 sin(2*45)/g = v^2/g (at launch angle 45 degrees).","medium","","oetp","net:past_paper"
"physics-ch3-q19","ph-ch3-q19","Physics","physics","3","motion-and-force","Motion and Force","chapter","A lead ball and a feather are dropped in vacuum simultaneously. Which is true?","Feather moves faster","Feather moves slower","Both move at the same rate","None of these","c","In vacuum, air resistance is absent. Both objects experience the same gravitational acceleration g, so they fall at the same rate.","easy","","oetp","net:past_paper"
"physics-ch3-q20","ph-ch3-q20","Physics","physics","3","motion-and-force","Motion and Force","chapter","A force acts on a body for 2 s. Rate of change of momentum is 50. The force acting on the body is:","100","50","25","None of these","b","F = dp/dt = rate of change of momentum = 50 N.","medium","","oetp","net:past_paper"
"physics-ch3-q21","ph-ch3-q21","Physics","physics","3","motion-and-force","Motion and Force","chapter","Dimensions of linear momentum are:","MLT^-2","MLT^-1","ML^2T^-2","ML^2T^-1","b","Momentum = mass x velocity = M x LT^-1 = MLT^-1.","medium","","oetp","net:past_paper"
"physics-ch3-q22","ph-ch3-q22","Physics","physics","3","motion-and-force","Motion and Force","chapter","The unit of impulse is the same as that of:","Force","Momentum","Acceleration","Work","b","Impulse = Force x time = change in momentum. Unit = N.s = kg m/s = unit of momentum.","easy","","oetp","net:past_paper"
"physics-ch3-q23","ph-ch3-q23","Physics","physics","3","motion-and-force","Motion and Force","chapter","A ballistic missile is:","Unpowered","Unguided","Both a and b","None of these","c","A ballistic missile is unpowered (coasts after initial launch) and unguided (follows a ballistic trajectory).","easy","","oetp","net:past_paper"
"physics-ch3-q24","ph-ch3-q24","Physics","physics","3","motion-and-force","Motion and Force","chapter","Newton's first law is applicable on:","Body in motion only","Body at rest only","Neither","Both body in motion and body at rest","d","Newton's first law (inertia) applies to all bodies — both those at rest and those in uniform motion.","easy","","oetp","net:past_paper"
"physics-ch3-q25","ph-ch3-q25","Physics","physics","3","motion-and-force","Motion and Force","chapter","The relation of time of flight with initial velocity is?","2u/g","u^2/2g","u/g","2g/u","a","Time of flight T = 2u sin(theta)/g. For maximum range (theta=45): T = 2u/g (simplified form given).","easy","","oetp","net:past_paper"
"physics-ch3-q26","ph-ch3-q26","Physics","physics","3","motion-and-force","Motion and Force","chapter","A body with constant speed can still be accelerating. This statement is:","True","False","Depends on frame of reference","None of these","a","Acceleration is a vector. If the direction of velocity changes (like in circular motion), the body accelerates even at constant speed.","easy","","oetp","net:past_paper"
"physics-ch3-q27","ph-ch3-q27","Physics","physics","3","motion-and-force","Motion and Force","chapter","Formula for horizontal range of a projectile is:","v^2 sin(2 theta)/g","v sin(theta)/g","2v sin(theta)/g","None of these","a","Horizontal range R = v^2 sin(2 theta)/g.","easy","","oetp","net:past_paper"
"physics-ch3-q28","ph-ch3-q28","Physics","physics","3","motion-and-force","Motion and Force","chapter","Product of force and time is:","Impulse","Momentum","Force","Inertia","a","Impulse = Force x Time = change in momentum.","easy","","oetp","net:past_paper"
"physics-ch3-q29","ph-ch3-q29","Physics","physics","3","motion-and-force","Motion and Force","chapter","The expression dp/dt represents:","Impulse","Time","Angular momentum","Force","d","dp/dt is the time rate of change of momentum, which equals the net force by Newton's 2nd law.","easy","","oetp","net:past_paper"
"physics-ch3-q30","ph-ch3-q30","Physics","physics","3","motion-and-force","Motion and Force","chapter","If a car moves with constant non-zero velocity, its displacement-time graph will be:","Horizontal straight line","Straight line with positive slope","Parabola","Vertical line","b","Constant non-zero velocity means displacement increases linearly with time — a straight line with positive slope.","medium","","oetp","net:past_paper"
"physics-ch3-q31","ph-ch3-q31","Physics","physics","3","motion-and-force","Motion and Force","chapter","A ball bounces back to the same height. This scenario represents:","Perfectly elastic","Elastic","Perfectly inelastic","Inelastic","a","Returning to the same height means no kinetic energy was lost — this is a perfectly elastic collision.","medium","","oetp","net:past_paper"
"physics-ch3-q32","ph-ch3-q32","Physics","physics","3","motion-and-force","Motion and Force","chapter","Path followed by a projectile is known as?","Trajectory","Ellipse","Distance","None of these","a","The curved path of a projectile is called its trajectory.","easy","","oetp","net:past_paper"
"physics-ch3-q33","ph-ch3-q33","Physics","physics","3","motion-and-force","Motion and Force","chapter","A neutron collides with a stationary proton at rest. After collision:","Proton moves with double neutron velocity","Neutron comes to rest and proton moves with same velocity","Proton moves in opposite direction","None of these","b","Since neutron and proton have nearly equal mass, in a perfectly elastic head-on collision the neutron comes to rest and the proton moves with the neutron's initial velocity.","hard","","oetp","net:past_paper"
"physics-ch3-q34","ph-ch3-q34","Physics","physics","3","motion-and-force","Motion and Force","chapter","In projectile motion, which velocity component remains the same throughout?","Horizontal component","Vertical component","Both","None of these","a","In the absence of air resistance, the horizontal component of velocity remains constant throughout projectile motion.","easy","","oetp","net:past_paper"
"physics-ch3-q35","ph-ch3-q35","Physics","physics","3","motion-and-force","Motion and Force","chapter","If velocity of a body is reducing, the negative acceleration is called:","Deceleration","Retardation","Both a and b","None of these","c","Both deceleration and retardation mean the same thing — the body is slowing down (negative acceleration).","easy","","oetp","net:past_paper"
"physics-ch3-q36","ph-ch3-q36","Physics","physics","3","motion-and-force","Motion and Force","chapter","Which of the following changes when a particle moves with uniform velocity?","Speed","Velocity","Acceleration","Position vector","d","At uniform velocity, speed and direction are constant, so velocity and acceleration (zero) are constant. Only the position vector changes.","medium","","oetp","net:past_paper"
"physics-ch3-q37","ph-ch3-q37","Physics","physics","3","motion-and-force","Motion and Force","chapter","A body has mass 1 kg on earth. Its mass on moon will be:","0.6 kg","0.4 kg","0.8 kg","1 kg","d","Mass is an intrinsic property — it does not change with location. The weight changes on the moon, but mass stays 1 kg.","easy","","oetp","net:past_paper"
"physics-ch3-q38","ph-ch3-q38","Physics","physics","3","motion-and-force","Motion and Force","chapter","If a body is moved from poles to equator, its weight will:","Increase","Decrease","Stay constant","None of these","b","Value of g is greater at poles than at equator. Moving from poles to equator, g decreases, so weight (W = mg) decreases.","medium","","oetp","net:past_paper"
"physics-ch3-q39","ph-ch3-q39","Physics","physics","3","motion-and-force","Motion and Force","chapter","At what angle is the range of a projectile maximum?","90","0","45","None of these","c","Range = v^2 sin(2 theta)/g. Maximum when sin(2 theta) = 1 i.e. 2 theta = 90 i.e. theta = 45 degrees.","easy","","oetp","net:past_paper"
"physics-ch3-q40","ph-ch3-q40","Physics","physics","3","motion-and-force","Motion and Force","chapter","A particle with initial velocity 40 m/s has constant acceleration 10 m/s^2. Distance covered in the 5th second?","325 m","240 m","85 m","65 m","c","S_5th = S(t=5) - S(t=4) = (40x5 + 0.5x10x25) - (40x4 + 0.5x10x16) = 325 - 240 = 85 m.","hard","","oetp","net:past_paper"
"physics-ch4-q1","ph-ch4-q1","Physics","physics","4","work-and-energy","Work and Energy","chapter","An electron has energy of 2 x 10^-14 J. Find its velocity.","2 x 10^7 m/s","2.197 x 10^-19 m/s","2 x 10^-18 m/s","None of these","a","E = (1/2)mv^2 -> v = sqrt(2E/m) = sqrt(2 x 2x10^-14 / 9.1x10^-31) = sqrt(4x10^-14/9.1x10^-31) = sqrt(4.4x10^16) ≈ 2x10^7 m/s. Only option a is large enough.","hard","","oetp","net:past_paper"
"physics-ch4-q2","ph-ch4-q2","Physics","physics","4","work-and-energy","Work and Energy","chapter","What is the unit of work?","Watt","Joule","Newton","None of these","b","The SI unit of work is the Joule (J = N.m).","easy","","oetp","net:past_paper"
"physics-ch4-q3","ph-ch4-q3","Physics","physics","4","work-and-energy","Work and Energy","chapter","A body of mass m moving with velocity v has kinetic energy K. If velocity is increased by 25%, new KE?","25/16 K","9/4 K","12/45 K","34/58 K","a","New v = 1.25v. New KE = 0.5m(1.25v)^2 = 1.5625 x 0.5mv^2 = 1.5625K = 25/16 K.","hard","","oetp","net:past_paper"
"physics-ch4-q4","ph-ch4-q4","Physics","physics","4","work-and-energy","Work and Energy","chapter","Work is maximum when the angle between force and displacement is:","90","0","180","45","b","W = F.d = Fd cos(theta). cos(0) = 1 is maximum, so work is maximum at 0 degrees (force and displacement in same direction).","easy","","oetp","net:past_paper"
"physics-ch4-q5","ph-ch4-q5","Physics","physics","4","work-and-energy","Work and Energy","chapter","Dimensions of potential energy U are:","[ML^2T^-2]","[MLT^-2]","[ML^2T^-1]","[ML^1T^-2]","a","Energy (potential or kinetic) has dimensions of work = ML^2T^-2, same as Joule.","medium","","oetp","net:past_paper"
"physics-ch4-q6","ph-ch4-q6","Physics","physics","4","work-and-energy","Work and Energy","chapter","A body of mass m moving with velocity v has KE K. Velocity increased by 25%. Work done in terms of KE?","Zero","2.5 K","0.56 K","0.25 K","c","New KE = 1.5625K. Work done = change in KE = 1.5625K - K = 0.5625K ≈ 0.56K.","hard","","oetp","net:past_paper"
"physics-ch4-q7","ph-ch4-q7","Physics","physics","4","work-and-energy","Work and Energy","chapter","Which one of them is NOT a conservative force?","Electric force","Gravitational force","Tension in string","Elastic spring force","c","Tension in a string is a non-conservative force because the work done depends on the path taken.","medium","","oetp","net:past_paper"
"physics-ch4-q8","ph-ch4-q8","Physics","physics","4","work-and-energy","Work and Energy","chapter","What is the power of a body if 1 N force acts on it with constant velocity of 10 ms^-1?","0","30","0.5","10","d","Power = F x v = 1 x 10 = 10 W.","medium","","oetp","net:past_paper"
"physics-ch4-q9","ph-ch4-q9","Physics","physics","4","work-and-energy","Work and Energy","chapter","Escape velocity of Earth is Ve. If radius contracts to 1/4th (mass constant), escape velocity becomes:","Doubled","Halved","Remains same","Tripled","a","V_esc = sqrt(2GM/R). If R becomes R/4, V_esc = sqrt(2GM/(R/4)) = sqrt(8GM/R) = 2 sqrt(2GM/R) = 2 V_e. Doubled.","hard","","oetp","net:past_paper"
"physics-ch4-q10","ph-ch4-q10","Physics","physics","4","work-and-energy","Work and Energy","chapter","A ball released from height h bounces; 50% KE lost at each bounce. Height after second bounce?","h/4","h/2","h/8","h/3","a","After 1st bounce: 50% energy, height h/2. After 2nd bounce: 25% energy, height h/4.","hard","","oetp","net:past_paper"
"physics-ch4-q11","ph-ch4-q11","Physics","physics","4","work-and-energy","Work and Energy","chapter","All food eaten in one day has about the same energy as ___ litre(s) of petrol.","1","1/3","9","1/9","b","The daily calorific intake (about 2000 kcal) corresponds roughly to 1/3 litre of petrol.","medium","","oetp","net:past_paper"
"physics-ch4-q12","ph-ch4-q12","Physics","physics","4","work-and-energy","Work and Energy","chapter","From given options, which lists the work done from smallest to largest (displacement in forward direction)?","iii), i), ii)","i), ii), iii)","ii), iii), i)","i), i), ii)","c","Work in figure ii = 0 (force perpendicular to displacement). Work in figure iii is positive but less than i. Order: ii < iii < i.","medium","Figures described in OCR; answer ii < iii < i per key. Verify figures against scan.","oetp","net:past_paper"
"physics-ch4-q13","ph-ch4-q13","Physics","physics","4","work-and-energy","Work and Energy","chapter","Bodies X (mass 4 kg) and Y (mass 6 kg) have same linear momentum. KE of Y = 48 J. KE of X?","48 J","64 J","72 J","96 J","c","Same momentum: 4v_x = 6v_y. KE_Y = 0.5(6)(v_y)^2 = 48 -> v_y = 4. So v_x = 6. KE_X = 0.5(4)(6)^2 = 72 J.","hard","","oetp","net:past_paper"
"physics-ch4-q14","ph-ch4-q14","Physics","physics","4","work-and-energy","Work and Energy","chapter","Mechanical energy of an object is the sum of potential energy and:","Electrical energy","Thermal energy","Kinetic energy","All of these","c","Mechanical energy = Kinetic Energy + Potential Energy.","easy","","oetp","net:past_paper"
"physics-ch4-q15","ph-ch4-q15","Physics","physics","4","work-and-energy","Work and Energy","chapter","If speed of an object is doubled, its kinetic energy will:","Increase by 4 times","Decrease by 4 times","First increase then decrease","Remain the same","a","KE = 0.5mv^2. If v doubles: KE' = 0.5m(2v)^2 = 4 x 0.5mv^2 = 4 KE. Increases by 4 times.","medium","","oetp","net:past_paper"
"physics-ch4-q16","ph-ch4-q16","Physics","physics","4","work-and-energy","Work and Energy","chapter","A force of 1 N acts on a body through 1 m in the direction of force. Work done?","+1 J","-1 J","0 J","Either a or b","a","W = F.d.cos(0) = 1 x 1 x 1 = +1 J.","easy","","oetp","net:past_paper"
"physics-ch4-q17","ph-ch4-q17","Physics","physics","4","work-and-energy","Work and Energy","chapter","If mass and radius of Earth are reduced to one-fourth, escape velocity will:","Reduce to one-fourth","Reduce to one-half","Remain the same","Increase to two times","c","V_esc = sqrt(2GM/R). If both M and R are reduced by the same factor, V_esc = sqrt(2G(M/4)/(R/4)) = sqrt(2GM/R) = same.","hard","","oetp","net:past_paper"
"physics-ch4-q18","ph-ch4-q18","Physics","physics","4","work-and-energy","Work and Energy","chapter","Minimum velocity needed to put a satellite into orbit is:","5.6 km/s","6.2 km/s","7.9 km/s","None of these","c","The orbital velocity at Earth's surface is approximately 7.9 km/s.","medium","","oetp","net:past_paper"
"physics-ch4-q19","ph-ch4-q19","Physics","physics","4","work-and-energy","Work and Energy","chapter","Which of the following is a conservative field?","Electrical","Resistance","Friction","Magnetic","a","Electric fields are conservative (work done is path-independent). Friction and resistance are non-conservative.","medium","","oetp","net:past_paper"
"physics-ch4-q20","ph-ch4-q20","Physics","physics","4","work-and-energy","Work and Energy","chapter","Which of the following is a unit of work?","Meter","Newton","Joule","Joule/second","c","Work is measured in Joules (J = N.m). Joule/second is the unit of power (watt).","easy","","oetp","net:past_paper"
"physics-ch4-q21","ph-ch4-q21","Physics","physics","4","work-and-energy","Work and Energy","chapter","Escape velocity of moon is:","2.38 km/s","3.38 km/s","4.38 km/s","5.38 km/s","a","The escape velocity of the moon is approximately 2.38 km/s.","easy","","oetp","net:past_paper"
"physics-ch4-q22","ph-ch4-q22","Physics","physics","4","work-and-energy","Work and Energy","chapter","Value of solar constant on surface of Earth is:","1 kW/m^2","1.4 kW/m^2","1 kW/m^2","1.4 kW/m^2","d","The solar constant (power per unit area from Sun at Earth's distance) is approximately 1.4 kW/m^2.","medium","","oetp","net:past_paper"
"physics-ch4-q24","ph-ch4-q24","Physics","physics","4","work-and-energy","Work and Energy","chapter","Work done by a retarding force is:","Positive","Negative","Zero","None of these","b","A retarding force opposes motion (angle > 90 degrees with displacement). W = Fd cos(theta) is negative when theta > 90.","medium","","oetp","net:past_paper"
"physics-ch4-q25","ph-ch4-q25","Physics","physics","4","work-and-energy","Work and Energy","chapter","Joule = ?","Watt/second","Newton Metre","Newton/metre","Watt second","b","1 Joule = 1 Newton x 1 Metre = N.m.","easy","","oetp","net:past_paper"
"physics-ch4-q26","ph-ch4-q26","Physics","physics","4","work-and-energy","Work and Energy","chapter","When we lift an object, we do work against which of the following?","Friction only","Gravity only","Both friction and gravity","Either friction or gravity","b","When lifting straight up, work is done against gravity. (If there is no sliding, no friction is involved.)","medium","","oetp","net:past_paper"
"physics-ch4-q27","ph-ch4-q27","Physics","physics","4","work-and-energy","Work and Energy","chapter","Object of mass 2 kg, velocity 6 m/s; after 8 s velocity becomes 10 m/s. Power?","10 watts","5 watts","8 watts","9 watts","c","Work = delta KE = 0.5x2x(10^2) - 0.5x2x(6^2) = 100 - 36 = 64 J. Power = 64/8 = 8 W.","hard","","oetp","net:past_paper"
"physics-ch4-q28","ph-ch4-q28","Physics","physics","4","work-and-energy","Work and Energy","chapter","A force of 10 N acts at 120 degrees through a distance of 4 m. Work done?","-20 J","20 J","40 J","-40 J","a","W = F.d.cos(theta) = 10 x 4 x cos(120) = 40 x (-0.5) = -20 J.","easy","","oetp","net:past_paper"
"physics-ch4-q29","ph-ch4-q29","Physics","physics","4","work-and-energy","Work and Energy","chapter","Which of the following fields is dependent on the path?","Gravitational field","Conservative field","Non-conservative field","None of these","c","Non-conservative fields (like friction, magnetic braking) have work done that depends on path.","medium","","oetp","net:past_paper"
"physics-ch4-q30","ph-ch4-q30","Physics","physics","4","work-and-energy","Work and Energy","chapter","Escape velocity of Jupiter is:","37 km/s","61 km/s","25.4 km/s","22.4 km/s","b","Jupiter's escape velocity is approximately 60 km/s ≈ 61 km/s.","medium","","oetp","net:past_paper"
"physics-ch4-q31","ph-ch4-q31","Physics","physics","4","work-and-energy","Work and Energy","chapter","[ML^2T^-3] is the dimension of:","Power","Work","Momentum","Force","a","ML^2T^-3 = (ML^2T^-2)/T = Energy/Time = Power (Watts).","medium","","oetp","net:past_paper"
"physics-ch4-q32","ph-ch4-q32","Physics","physics","4","work-and-energy","Work and Energy","chapter","The basic source of geothermal energy is:","Sun","Earth","Moon","Water","b","Geothermal energy comes from heat stored within the Earth.","easy","","oetp","net:past_paper"
"physics-ch4-q33","ph-ch4-q33","Physics","physics","4","work-and-energy","Work and Energy","chapter","In which case is the work done positive?","Object moves in direction of force","Object moves opposite to force","Object moves at right angle to force","Both a and c","a","W = Fd cos(theta). Positive when 0 <= theta < 90. Only when force and displacement are in the same direction (option a).","easy","","oetp","net:past_paper"
"physics-ch4-q34","ph-ch4-q34","Physics","physics","4","work-and-energy","Work and Energy","chapter","Escape velocity of Neptune is:","2.4 km/s","10.4 km/s","25.4 km/s","37.0 km/s","c","Neptune's escape velocity is approximately 25.4 km/s.","medium","","oetp","net:past_paper"
"physics-ch5-q1","ph-ch5-q1","Physics","physics","5","circular-motion","Circular Motion","chapter","Number of revolutions in 3pi radians:","2","3","3/2","1/2","c","1 revolution = 2pi radians. So 3pi radians = 3pi/2pi = 3/2 revolutions.","easy","","oetp","net:past_paper"
"physics-ch5-q2","ph-ch5-q2","Physics","physics","5","circular-motion","Circular Motion","chapter","Velocity of a disc at the bottom of an inclined plane is:","sqrt(gh)","sqrt(4gh/3)","sqrt(3h)","sqrt(5gh)","b","Using energy conservation: mgh = 0.5mv^2 + 0.5Iw^2. For disc I=0.5mr^2, gives v = sqrt(4gh/3).","hard","","oetp","net:past_paper"
"physics-ch5-q3","ph-ch5-q3","Physics","physics","5","circular-motion","Circular Motion","chapter","Moment of inertia in angular motion plays the same role as:","Mass in linear motion","Acceleration in linear motion","Rest mass","None of these","a","Just as mass resists linear acceleration (F = ma), moment of inertia resists angular acceleration (tau = I*alpha).","easy","","oetp","net:past_paper"
"physics-ch5-q4","ph-ch5-q4","Physics","physics","5","circular-motion","Circular Motion","chapter","A particle moves in a circle of radius 5 m with uniform speed 5 m/s. Average acceleration for half revolution?","10pi","5/pi","10/pi","Zero","c","Average acceleration = change in velocity / time = 2v / (pi*r/v) = 2v^2/(pi*r) = 2(25)/(5pi) = 10/pi m/s^2.","hard","","oetp","net:past_paper"
"physics-ch5-q5","ph-ch5-q5","Physics","physics","5","circular-motion","Circular Motion","chapter","Unit of angular momentum:","J","J.s","J.s^2","J.s^3","b","Angular momentum L = mvr = kg.(m/s).m = kg.m^2/s = J.s.","medium","","oetp","net:past_paper"
"physics-ch5-q6","ph-ch5-q6","Physics","physics","5","circular-motion","Circular Motion","chapter","When speed is doubled, centripetal force will be?","Same","Doubled","Tripled","Quadrupled","d","F_c = mv^2/r. If v doubles, F_c = m(2v)^2/r = 4mv^2/r = 4F. Quadrupled.","medium","","oetp","net:past_paper"
"physics-ch5-q7","ph-ch5-q7","Physics","physics","5","circular-motion","Circular Motion","chapter","On doubling the mass, linear and angular momentum will be?","Remain same","Increased","Decreased","Doubled","d","Both p = mv and L = mvr are directly proportional to mass. Doubling mass doubles both.","medium","","oetp","net:past_paper"
"physics-ch5-q8","ph-ch5-q8","Physics","physics","5","circular-motion","Circular Motion","chapter","Unit of angular momentum?","kg m^2 s^-2","J.s","J.s^2","Both a and b","d","Angular momentum = kg.m^2/s = kg.m^2.s^-1. Also: J.s (Joule-second). Both a and b are correct.","medium","","oetp","net:past_paper"
"physics-ch5-q9","ph-ch5-q9","Physics","physics","5","circular-motion","Circular Motion","chapter","Bicycle wheel radius 0.70 m, angular speed 6.3 rad/s. Linear speed?","1.4 m/s","0.11 m/s","28 m/s","4.4 m/s","d","v = r*omega = 0.70 x 6.3 = 4.41 ≈ 4.4 m/s.","hard","","oetp","net:past_paper"
"physics-ch5-q10","ph-ch5-q10","Physics","physics","5","circular-motion","Circular Motion","chapter","Angular velocity is measured in:","rad/min","m/s","angle/s","None of the above","a","Angular velocity is measured in radians per second (rad/s) or rad/min.","medium","","oetp","net:past_paper"
"physics-ch5-q11","ph-ch5-q11","Physics","physics","5","circular-motion","Circular Motion","chapter","Apparent weight of a body in elevator accelerating downwards:","m(g + a)","ma","m(g - a)","Zero","c","When elevator accelerates downward, apparent weight T = m(g - a), which is less than real weight.","medium","","oetp","net:past_paper"
"physics-ch5-q12","ph-ch5-q12","Physics","physics","5","circular-motion","Circular Motion","chapter","Velocity of body revolving in circle of radius 2m with angular velocity 1 rev/sec?","1/2 m/s","1 m/s","2 m/s","None of these","d","v = r*omega = 2 x (2pi) = 4pi ≈ 12.57 m/s. None of the given options match.","hard","","oetp","net:past_paper"
"physics-ch5-q13","ph-ch5-q13","Physics","physics","5","circular-motion","Circular Motion","chapter","1 degree = ___ radians:","180","3.14","0.01745","45","c","1 degree = pi/180 = 0.01745 radians.","easy","","oetp","net:past_paper"
"physics-ch5-q14","ph-ch5-q14","Physics","physics","5","circular-motion","Circular Motion","chapter","Centrifugal force is:","Pseudo force","Action force","Both a and b","None of these","a","Centrifugal force is a pseudo (fictitious) force that appears in a rotating (non-inertial) reference frame. It has no real physical interaction.","medium","","oetp","net:past_paper"
"physics-ch5-q15","ph-ch5-q15","Physics","physics","5","circular-motion","Circular Motion","chapter","Centrifugal force of a body depends upon?","Weight","Mass","Volume","None of these","b","Centrifugal force = mv^2/r. It depends on mass (and velocity and radius), so mass is correct.","medium","","oetp","net:past_paper"
"physics-ch5-q16","ph-ch5-q16","Physics","physics","5","circular-motion","Circular Motion","chapter","Work done by body moving with 1 m/s in circular orbit of radius 10 m?","10","100","5","Zero","d","In circular motion the force (centripetal) is always perpendicular to displacement, so work done is always zero.","medium","","oetp","net:past_paper"
"physics-ch5-q17","ph-ch5-q17","Physics","physics","5","circular-motion","Circular Motion","chapter","Period of rotation of geosynchronous satellite is:","1 day","1 month","1 year","1 year","a","A geosynchronous satellite completes one orbit in 1 day (24 hours), matching Earth's rotation.","easy","","oetp","net:past_paper"
"physics-ch5-q18","ph-ch5-q18","Physics","physics","5","circular-motion","Circular Motion","chapter","A body with angular velocity 1 rev/sec has frequency:","0.5 Hz","2 Hz","1 Hz","None of these","c","1 revolution per second = 1 Hz. Frequency = 1/T = 1 rev/s = 1 Hz.","easy","","oetp","net:past_paper"
"physics-ch5-q19","ph-ch5-q19","Physics","physics","5","circular-motion","Circular Motion","chapter","Js is the unit of:","Linear momentum","Angular momentum","Energy","Mass","b","Angular momentum L = mvr, unit = kg.m^2/s = J.s (Joule-second).","easy","","oetp","net:past_paper"
"physics-ch5-q20","ph-ch5-q20","Physics","physics","5","circular-motion","Circular Motion","chapter","When a rope holding a stone in circular motion breaks, the stone will move:","Radially inwards","Radially outwards","Along the tangent","Along the circle","c","When the centripetal force (tension) disappears, inertia carries the stone along the tangent to the circular path.","easy","","oetp","net:past_paper"
"physics-ch5-q21","ph-ch5-q21","Physics","physics","5","circular-motion","Circular Motion","chapter","Moment of inertia of a sphere is:","ml^2","mr^2","(2/5)mr^2","(5/2)mr^2","c","Moment of inertia of a solid sphere about its diameter = (2/5)mr^2.","medium","","oetp","net:past_paper"
"physics-ch5-q22","ph-ch5-q22","Physics","physics","5","circular-motion","Circular Motion","chapter","Particle in circle radius r velocity v. Radius doubled, velocity constant. Tangential acceleration?","Doubled","Quadrupled","Halved","Same","c","Tangential acceleration a_t = v^2/r... wait, centripetal acceleration = v^2/r. If r doubles, a = v^2/(2r) = half. Halved.","hard","","oetp","net:past_paper"
"physics-ch5-q23","ph-ch5-q23","Physics","physics","5","circular-motion","Circular Motion","chapter","Person of mass 50 kg in elevator, apparent weight double real weight. Acceleration?","15 m/s^2 upward","15 m/s^2 downward","10 m/s^2 upward","10 m/s^2 downward","c","T = 2W (upward). T = mg + ma -> 2mg = mg + ma -> ma = mg -> a = g = 10 m/s^2 upward.","hard","","oetp","net:past_paper"
"physics-ch5-q24","ph-ch5-q24","Physics","physics","5","circular-motion","Circular Motion","chapter","In rotational motion, torque is:","Rate of change of angular momentum","Rate of change of linear momentum","Rate of change of inertia","Rate of change of centripetal force","a","Torque tau = dL/dt, the rate of change of angular momentum. (Analogous to F = dp/dt for linear motion.)","medium","","oetp","net:past_paper"
"physics-ch5-q25","ph-ch5-q25","Physics","physics","5","circular-motion","Circular Motion","chapter","Particle in uniform circular path, mass reduced to half. Force acting on it?","Half","Doubled","Remain same","None of these","a","Centripetal force F = mv^2/r. If mass halves, F' = (m/2)v^2/r = F/2. Force halved.","medium","","oetp","net:past_paper"
"physics-ch5-q26","ph-ch5-q26","Physics","physics","5","circular-motion","Circular Motion","chapter","Person actual weight 75 N, apparent weight in elevator 105 N. Acceleration and direction?","4 m/s^2 downwards","4 m/s^2 upwards","6 m/s^2 downwards","6 m/s^2 upwards","b","Apparent > actual means elevator moves upward. T = mg + ma: 105 = 75 + ma. m = 75/10 = 7.5 kg. 30 = 7.5a -> a = 4 m/s^2 upwards.","hard","","oetp","net:past_paper"
"physics-ch6-q1","ph-ch6-q1","Physics","physics","6","fluid-dynamics","Fluid Dynamics","chapter","What is the dimension of coefficient of viscosity?","MLT^-2","ML^-1T^-1","ML^-1T^-2","MLT^-1","b","From Stoke's law F = 6pi*eta*r*v: eta = F/(6pi*r*v) = (MLT^-2)/(L.LT^-1) = ML^-1T^-1.","hard","","oetp","net:past_paper"
"physics-ch6-q2","ph-ch6-q2","Physics","physics","6","fluid-dynamics","Fluid Dynamics","chapter","Terminal velocity of a water droplet is dependent on:","Mass","Radius","Both a and b","None of these","b","Terminal velocity v_t = (2gr^2 rho)/(9 eta). It is directly proportional to the square of the radius.","hard","","oetp","net:past_paper"
"physics-ch6-q3","ph-ch6-q3","Physics","physics","6","fluid-dynamics","Fluid Dynamics","chapter","Speed and pressure relation of a fluid is given by:","Venturi relation","Stoke's Law","Equation of Continuity","Bernoulli's Equation","a","The Venturi relation directly relates the speed and pressure of a fluid. Bernoulli's equation is the more general form.","medium","","oetp","net:past_paper"
"physics-ch6-q4","ph-ch6-q4","Physics","physics","6","fluid-dynamics","Fluid Dynamics","chapter","Blood pressure of a healthy person is ___ mm Hg.","140/60","120/80","80/120","90/60","b","Normal blood pressure is 120/80 mm Hg (systolic/diastolic).","easy","","oetp","net:past_paper"
"physics-ch6-q5","ph-ch6-q5","Physics","physics","6","fluid-dynamics","Fluid Dynamics","chapter","In a river, flow of water is maximum at:","Middle","Top right corner","Top left corner","Same flow throughout","a","In a river, friction from the banks and bed slows water near the edges; flow is fastest at the middle.","easy","","oetp","net:past_paper"
"physics-ch6-q6","ph-ch6-q6","Physics","physics","6","fluid-dynamics","Fluid Dynamics","chapter","If an object sinks in water, then:","Object is denser than water","Water is denser than object","Either a or b","None of these","a","An object sinks when its density is greater than water's density, causing the gravitational force to exceed buoyancy.","easy","","oetp","net:past_paper"
"physics-ch6-q7","ph-ch6-q7","Physics","physics","6","fluid-dynamics","Fluid Dynamics","chapter","Radii of two droplets are in ratio 2:3. Ratio of their terminal velocities?","2:3","4:6","4:9","2:6","c","Terminal velocity v ∝ r^2. So v1/v2 = r1^2/r2^2 = (2r)^2/(3r)^2 = 4/9. Ratio = 4:9.","hard","","oetp","net:past_paper"
"physics-ch7-q1","ph-ch7-q1","Physics","physics","7","oscillations","Oscillations","chapter","If length of simple pendulum is increased four times, effect on frequency?","Half","Double","No change","None of these","a","f = (1/2pi) sqrt(g/L). If L increases 4 times, f becomes f/sqrt(4) = f/2. Frequency halved.","medium","","oetp","net:past_paper"
"physics-ch7-q2","ph-ch7-q2","Physics","physics","7","oscillations","Oscillations","chapter","Acceleration of body executing SHM is directed towards:","Mean position","Peak point","Extreme position","Point of maximum energy","a","In SHM, restoring force (and hence acceleration) always points towards the mean (equilibrium) position.","medium","","oetp","net:past_paper"
"physics-ch7-q3","ph-ch7-q3","Physics","physics","7","oscillations","Oscillations","chapter","Block m = 2 kg, spring constant k = 200 N/m, initial speed 2 m/s. Amplitude?","2","3","0.2","0.02","c","At mean position all energy is KE: 0.5mv^2 = 0.5kA^2 -> A = v*sqrt(m/k) = 2*sqrt(2/200) = 2*sqrt(0.01) = 2*0.1 = 0.2 m.","hard","","oetp","net:past_paper"
"physics-ch7-q4","ph-ch7-q4","Physics","physics","7","oscillations","Oscillations","chapter","According to Hooke's law:","F = -kx","F = kx","F = k/x","F = -k/x","a","Hooke's law states F = -kx; the restoring force is proportional to displacement and directed opposite to it.","hard","","oetp","net:past_paper"
"physics-ch7-q5","ph-ch7-q5","Physics","physics","7","oscillations","Oscillations","chapter","If T is to be increased to 3T, length of pendulum should be increased by:","9 times","8 times","10 times","20 times","a","T ∝ sqrt(L). For T to become 3T, sqrt(L') = 3sqrt(L) -> L' = 9L. Length must be 9 times.","medium","","oetp","net:past_paper"
"physics-ch7-q6","ph-ch7-q6","Physics","physics","7","oscillations","Oscillations","chapter","If T is to be reduced to T/3, length of pendulum should be:","L/9","L/2","L/3","L/4","a","T ∝ sqrt(L). For T to become T/3: sqrt(L') = (1/3)sqrt(L) -> L' = L/9.","medium","","oetp","net:past_paper"
"physics-ch7-q7","ph-ch7-q7","Physics","physics","7","oscillations","Oscillations","chapter","Seconds pendulum has frequency equal to?","0.5 Hz","1 Hz","2 Hz","4 Hz","a","A seconds pendulum has time period 2 s (1 s each way), so frequency = 1/T = 1/2 = 0.5 Hz.","easy","","oetp","net:past_paper"
"physics-ch7-q8","ph-ch7-q8","Physics","physics","7","oscillations","Oscillations","chapter","If length of pendulum is halved, time period will be?","T/sqrt(2)","T/2","T/3","T/4","a","T ∝ sqrt(L). If L halves, T' = T/sqrt(2).","medium","","oetp","net:past_paper"
"physics-ch7-q9","ph-ch7-q9","Physics","physics","7","oscillations","Oscillations","chapter","If length of pendulum is increased 4 times, new time period will be?","2T","3T","4T","5T","a","T ∝ sqrt(L). If L becomes 4L, T' = sqrt(4) * T = 2T.","medium","","oetp","net:past_paper"
"physics-ch7-q10","ph-ch7-q10","Physics","physics","7","oscillations","Oscillations","chapter","If a hole is dug to the centre of earth and a ball dropped in, the ball will:","Be static","Attain max acceleration","Oscillate","Continue to other end and stop","c","Gravity acts as a restoring force towards the centre; the ball oscillates back and forth through the earth.","medium","","oetp","net:past_paper"
"physics-ch7-q11","ph-ch7-q11","Physics","physics","7","oscillations","Oscillations","chapter","Time period of simple pendulum depends on:","Mass of bob","Length of pendulum","Acceleration due to gravity g","Both b and c","d","T = 2pi sqrt(L/g). Depends on both length L and g; not on mass of the bob.","medium","","oetp","net:past_paper"
"physics-ch7-q12","ph-ch7-q12","Physics","physics","7","oscillations","Oscillations","chapter","If value of g is made g/16, what will be the new time period?","Doubled","Four times","Remains same","One fourth","b","T ∝ 1/sqrt(g). If g becomes g/16, T' = T x sqrt(16) = 4T. Four times.","medium","","oetp","net:past_paper"
"physics-ch7-q13","ph-ch7-q13","Physics","physics","7","oscillations","Oscillations","chapter","A vibrator produces 25 waves in 5 seconds. Time period?","2","1/5","4/5","1/4","b","Time period = time / number of waves = 5/25 = 1/5 s = 0.2 s.","medium","","oetp","net:past_paper"
"physics-ch7-q14","ph-ch7-q14","Physics","physics","7","oscillations","Oscillations","chapter","Spring in SHM from -A to A. Starts at mean position moving towards A. At what time is it at A/2?","T/12","T/6","T/4","T/3","a","x = A sin(wt). A/2 = A sin(wt) -> sin(wt) = 1/2 -> wt = pi/6 -> t = pi/(6w) = pi/(6 * 2pi/T) = T/12.","hard","","oetp","net:past_paper"
"physics-ch7-q15","ph-ch7-q15","Physics","physics","7","oscillations","Oscillations","chapter","Spring oscillates X = 10 cm to X = 40 cm. Maximum velocity at?","10 cm","25 cm","30 cm","40 cm","b","Maximum velocity is at mean position = (10 + 40)/2 = 25 cm.","medium","","oetp","net:past_paper"
"physics-ch7-q16","ph-ch7-q16","Physics","physics","7","oscillations","Oscillations","chapter","Seconds pendulum has time period:","1 sec","2 sec","4 sec","0.5 sec","b","A seconds pendulum has a time period of exactly 2 seconds (1 second for each half-swing).","easy","","oetp","net:past_paper"
"physics-ch7-q17","ph-ch7-q17","Physics","physics","7","oscillations","Oscillations","chapter","Spring constant 500 N/m, oscillates between x1=10cm and x2=15cm. Total mechanical energy at 10cm?","10000 J","6250 J","1562.5 J","None of these","c","Amplitude A = (15-10)/2 = 2.5 cm = 0.025 m. E = 0.5kA^2 = 0.5 x 500 x (0.025)^2 = 1562.5 J... wait: 0.5*500*0.000625 = 0.15625 J, but key says 1562.5 J. Likely A = 2.5 cm = 0.025 m. Re-check: 0.5*500*(0.025)^2 = 0.15625 J, not 1562.5. Key may use cm directly. Flagged.","hard","Energy calculation inconsistency: using SI gives 0.156 J but key says 1562.5 J. Verify units/values against scan.","oetp","net:past_paper"
"physics-ch7-q18","ph-ch7-q18","Physics","physics","7","oscillations","Oscillations","chapter","Motion x = 0.01 sin(100 pi t) metres. Time period?","0.2","0.1","0.02","0.01","c","Comparing with x = A sin(wt): w = 100pi. f = w/2pi = 50 Hz. T = 1/f = 0.02 s.","hard","","oetp","net:past_paper"
"physics-ch7-q19","ph-ch7-q19","Physics","physics","7","oscillations","Oscillations","chapter","Length increased 6 times, g reduces to 3 times. New time period?","Increased by sqrt(18) times","Increased by sqrt(16) times","Decreased by sqrt(18) times","Decreased by sqrt(16) times","a","T ∝ sqrt(L/g). T' = T * sqrt(6L / (g/3)) / sqrt(L/g) = T * sqrt(6*3) = T * sqrt(18). Increased by sqrt(18) times.","hard","","oetp","net:past_paper"
"physics-ch7-q20","ph-ch7-q20","Physics","physics","7","oscillations","Oscillations","chapter","Total energy of pendulum is 50 J. KE at mean position?","50 J","25 J","0 J","None of these","a","At mean position, all energy is kinetic. KE = total mechanical energy = 50 J.","medium","","oetp","net:past_paper"
"physics-ch7-q21","ph-ch7-q21","Physics","physics","7","oscillations","Oscillations","chapter","Length of pendulum is 4 times g. Time period?","4pi","2pi","pi","pi/2","a","T = 2pi sqrt(L/g). If L = 4g: T = 2pi sqrt(4g/g) = 2pi * 2 = 4pi.","hard","","oetp","net:past_paper"
"physics-ch7-q22","ph-ch7-q22","Physics","physics","7","oscillations","Oscillations","chapter","Spring constant k = 2, displacement x = 2. Sum of KE and PE?","8 J","16 J","4 J","None of these","c","Total energy = KE + PE = 0.5kA^2. At displacement = amplitude, A = 2 m. E = 0.5*2*4 = 4 J.","medium","","oetp","net:past_paper"
"physics-ch7-q23","ph-ch7-q23","Physics","physics","7","oscillations","Oscillations","chapter","x(t) = A sin(wt). x(t)=71cm, A=100cm. Approximate value of wt?","30 degrees","45 degrees","60 degrees","90 degrees","b","sin(wt) = 71/100 = 0.71 ≈ sin(45). So wt ≈ 45 degrees.","medium","","oetp","net:past_paper"
"physics-ch7-q24","ph-ch7-q24","Physics","physics","7","oscillations","Oscillations","chapter","On increasing spring constant to 4 times:","Frequency doubles","Time period doubles","Both double","None of these","a","f = (1/2pi) sqrt(k/m). If k becomes 4k, f' = (1/2pi) sqrt(4k/m) = 2f. Frequency doubles. Time period halves.","hard","","oetp","net:past_paper"
"physics-ch7-q25","ph-ch7-q25","Physics","physics","7","oscillations","Oscillations","chapter","Length becomes 5 times, g becomes 1/5 times. New time period?","5t","t/5","15t","25t","a","T' = 2pi sqrt(5L / (g/5)) = 2pi sqrt(25L/g) = 5 * 2pi sqrt(L/g) = 5T.","hard","","oetp","net:past_paper"
"physics-ch7-q26","ph-ch7-q26","Physics","physics","7","oscillations","Oscillations","chapter","Kinetic energy at extreme position during SHM?","Zero","Maximum","Minimum","Constant","a","At extreme position, velocity = 0, so KE = 0.5mv^2 = 0. All energy is potential.","easy","","oetp","net:past_paper"
"physics-ch7-q27","ph-ch7-q27","Physics","physics","7","oscillations","Oscillations","chapter","Hooke's law: strain is directly proportional to stress. True or False?","True","False","None of these","May or may not","a","Hooke's law states that within the elastic limit, stress is proportional to strain — True.","easy","","oetp","net:past_paper"
"physics-ch7-q28","ph-ch7-q28","Physics","physics","7","oscillations","Oscillations","chapter","In damping, energy is:","Constant","Remains in the system","Dissipated from the system","None of these","c","Damping dissipates mechanical energy from the oscillating system (usually as heat).","medium","","oetp","net:past_paper"
"physics-ch7-q29","ph-ch7-q29","Physics","physics","7","oscillations","Oscillations","chapter","Pendulum suspended from ceiling of a lift, time period T at rest. If lift falls freely:","Time period becomes zero","Acceleration becomes zero","Vibration is stopped","None of these","b","In free fall the effective g (apparent gravity) = 0. With g_eff = 0 the pendulum has no restoring force; acceleration becomes zero and time period becomes infinite.","hard","","oetp","net:past_paper"
"physics-ch7-q30","ph-ch7-q30","Physics","physics","7","oscillations","Oscillations","chapter","If a spring is halved, new spring constant of each part?","3k","2k","4k","k/2","b","Spring constant k ∝ 1/L. Halving the length doubles the spring constant. New k = 2k.","medium","","oetp","net:past_paper"
"physics-ch7-q31","ph-ch7-q31","Physics","physics","7","oscillations","Oscillations","chapter","When a wave changes its medium, which definitely changes?","Frequency","Amplitude","Speed","None of these","c","When a wave moves to a different medium, its speed and wavelength change but frequency remains the same.","medium","","oetp","net:past_paper"
"physics-ch7-q32","ph-ch7-q32","Physics","physics","7","oscillations","Oscillations","chapter","A wave entering a denser medium is:","Refracted away from normal","Refracted towards normal","Reflected towards normal","Refracted away from normal","b","When a wave enters a denser medium (slower speed), it bends towards the normal — refracted towards normal.","medium","","oetp","net:past_paper"
"physics-ch7-q33","ph-ch7-q33","Physics","physics","7","oscillations","Oscillations","chapter","In SHM, which is conserved?","KE","PE","Total energy","All of these","c","Total mechanical energy (KE + PE) is conserved in ideal SHM. Individual KE and PE oscillate.","easy","","oetp","net:past_paper"
"physics-ch7-q34","ph-ch7-q34","Physics","physics","7","oscillations","Oscillations","chapter","Length halved and g doubled. Effect on frequency of pendulum?","Halved","Doubled","Quadrupled","None of these","b","f = (1/2pi) sqrt(g/L). f' = (1/2pi) sqrt(2g/(L/2)) = (1/2pi) sqrt(4g/L) = 2f. Frequency doubled.","medium","","oetp","net:past_paper"
"physics-ch7-q35","ph-ch7-q35","Physics","physics","7","oscillations","Oscillations","chapter","Transverse waves can transfer energy in:","Solids","Liquids","Gases","All of these","a","Transverse waves require shear strength (rigidity). Only solids have sufficient shear strength. Liquids and gases do not support transverse waves.","medium","","oetp","net:past_paper"
"physics-ch7-q36","ph-ch7-q36","Physics","physics","7","oscillations","Oscillations","chapter","Time period of sin(wt)?","2pi/w","2pi*w","Both a and b","None of these","a","Time period T = 2pi/w. Option a gives 2pi/f (if w = 2pf confused with omega) — per key answer is None of these.","medium","","oetp","net:past_paper"
"physics-ch7-q37","ph-ch7-q37","Physics","physics","7","oscillations","Oscillations","chapter","In SHM which of the following remains constant?","Total energy","PE at extreme","KE at mean","All of these","d","Total energy is always constant. PE at extreme position is always maximum (same value). KE at mean is always maximum (same value). So all remain constant at those specific positions.","medium","","oetp","net:past_paper"
"physics-ch7-q38","ph-ch7-q38","Physics","physics","7","oscillations","Oscillations","chapter","Mass and spring constant both doubled. Resulting time period?","Remain same","Be doubled","Be halved","Be quartered","a","T = 2pi sqrt(m/k). If both m and k double: T' = 2pi sqrt(2m/2k) = 2pi sqrt(m/k) = T. Unchanged.","hard","","oetp","net:past_paper"
"physics-ch7-q39","ph-ch7-q39","Physics","physics","7","oscillations","Oscillations","chapter","Pendulum oscillates between 10 cm and 50 cm. Amplitude?","60 cm","40 cm","30 cm","20 cm","d","Amplitude = (distance between extremes)/2 = (50-10)/2 = 20 cm.","medium","","oetp","net:past_paper"
"physics-ch7-q40","ph-ch7-q40","Physics","physics","7","oscillations","Oscillations","chapter","In which scenarios is KE zero?","At maximum height (ball thrown up)","At extreme position of simple pendulum","At amplitude of mass-spring system","All of these","d","In all three scenarios, velocity is zero momentarily, so KE = 0.5mv^2 = 0.","medium","","oetp","net:past_paper"
"physics-ch7-q41","ph-ch7-q41","Physics","physics","7","oscillations","Oscillations","chapter","Pendulum at Lahore, Murree, K2. Frequency maximum at?","K2","Murree","Lahore","Same at all","c","f ∝ sqrt(g). Value of g is highest at lower altitudes (closer to Earth's centre). Lahore is at lowest altitude, so frequency is highest there.","medium","","oetp","net:past_paper"
"physics-ch8-q1","ph-ch8-q1","Physics","physics","8","waves","Waves","chapter","Frequency of a wave as the source approaches the observer?","Increases","Decreases","First increases then decreases","Remains same","a","Doppler Effect: when a source moves towards an observer, wavelength decreases and frequency increases.","medium","","oetp","net:past_paper"
"physics-ch8-q2","ph-ch8-q2","Physics","physics","8","waves","Waves","chapter","In organ pipe closed at one side, harmonics released will be:","Even numbers","Odd numbers","Both odd and even","Fractional numbers","b","A closed organ pipe supports only odd harmonics: f = nv/4L where n = 1, 3, 5, ...","medium","","oetp","net:past_paper"
"physics-ch8-q3","ph-ch8-q3","Physics","physics","8","waves","Waves","chapter","If particles are displaced perpendicular to wave direction, waves are?","Longitudinal waves","Transverse waves","Stationary waves","All of these","b","Transverse waves have particle displacement perpendicular to the direction of wave propagation.","easy","","oetp","net:past_paper"
"physics-ch8-q4","ph-ch8-q4","Physics","physics","8","waves","Waves","chapter","Blue source seen as Red if:","Source is moving away from observer","Observer is moving away from source","Gamma rays effect observed","None of these","a","Doppler red-shift: when source moves away, wavelength increases (shifts towards red). Blue source appears red.","medium","","oetp","net:past_paper"
"physics-ch8-q5","ph-ch8-q5","Physics","physics","8","waves","Waves","chapter","When source moves towards observer, frequency as perceived by observer:","Increases","Decreases","Remains constant","None of these","a","Doppler Effect: source approaching observer -> wavelength decreases -> frequency increases.","medium","","oetp","net:past_paper"
"physics-ch8-q6","ph-ch8-q6","Physics","physics","8","waves","Waves","chapter","Speed of sound is greatest in:","Glass","Water","Methanol","Helium","a","Sound travels fastest in solids (glass). Molecular proximity allows faster energy transfer. Speed in glass ≈ 5500 m/s.","medium","","oetp","net:past_paper"
"physics-ch8-q7","ph-ch8-q7","Physics","physics","8","waves","Waves","chapter","Speed of sound in vacuum is:","340 m/s","3 x 10^8 m/s","4000 ft/s","None of these","d","Sound needs a medium to travel; it cannot propagate through vacuum. Speed of sound in vacuum = 0.","medium","","oetp","net:past_paper"
"physics-ch8-q8","ph-ch8-q8","Physics","physics","8","waves","Waves","chapter","Ratio of velocity of sound in oxygen compared to hydrogen:","4:1","16:1","1:4","1:16","c","Speed of sound in gas ∝ 1/sqrt(density). Density of O2 is 16 times that of H2. So v_O2/v_H2 = sqrt(1/16) = 1/4. Ratio = 1:4.","hard","","oetp","net:past_paper"
"physics-ch8-q9","ph-ch8-q9","Physics","physics","8","waves","Waves","chapter","In which medium will speed of sound be maximum?","Glass","Water","Copper","Wood","a","Sound speed in glass ≈ 5500 m/s, copper ≈ 3600 m/s, wood ≈ 4000 m/s, water ≈ 1500 m/s. Glass is fastest.","medium","","oetp","net:past_paper"
"physics-ch8-q10","ph-ch8-q10","Physics","physics","8","waves","Waves","chapter","Energy of sound waves is proportional to:","Frequency","Wavelength","Velocity","Phase angle","a","Energy (and power) of a wave is proportional to the square of amplitude and the square of frequency.","medium","","oetp","net:past_paper"
"physics-ch8-q11","ph-ch8-q11","Physics","physics","8","waves","Waves","chapter","When out-of-phase waves meet at a point, ___ occurs:","Full constructive interference","No effect","Full destructive interference","Same phase","c","Out-of-phase (180 degrees) waves undergo full destructive interference — amplitude of resultant wave is zero.","medium","","oetp","net:past_paper"
"physics-ch8-q12","ph-ch8-q12","Physics","physics","8","waves","Waves","chapter","Wave r = r_0 sin(wt) reflects from water surface. Equation after reflection?","r = r_0 cos(wt)","r = -r_0 cos(wt)","r = -r_0 sin(wt)","r = r_0 sin(wt)","c","Reflection reverses direction, equivalent to negating the time variable. sin(-wt) = -sin(wt), so reflected wave is r = -r_0 sin(wt).","medium","","oetp","net:past_paper"
"physics-ch8-q13","ph-ch8-q13","Physics","physics","8","waves","Waves","chapter","Standing pattern of nodes and antinodes forms:","Stationary waves","Progressive waves","Travelling waves","All of these","a","Stationary (standing) waves are characterised by fixed nodes and antinodes.","medium","","oetp","net:past_paper"
"physics-ch9-q1","ph-ch9-q1","Physics","physics","9","physical-optics","Physical Optics","chapter","A mixture of electric fields and magnetic fields is?","Plane polarized light","Circular polarized light","Unpolarized light","None of these","c","Sunlight and most natural light is unpolarized — it contains electric and magnetic fields oscillating in all planes.","easy","","oetp","net:past_paper"
"physics-ch9-q2","ph-ch9-q2","Physics","physics","9","physical-optics","Physical Optics","chapter","The central fringe in a diffraction pattern from a single slit is?","Bright","Dark","No fringes","None of these","a","Single-slit diffraction produces a bright central maximum at the centre of the pattern.","medium","","oetp","net:past_paper"
"physics-ch9-q3","ph-ch9-q3","Physics","physics","9","physical-optics","Physical Optics","chapter","An objective of polarization can be:","Decrease in E","Decrease in capacitance","Decrease in current","None of these","a","Polarization blocks the plane of the electric field, reducing the electric field component transmitted.","medium","","oetp","net:past_paper"
"physics-ch9-q4","ph-ch9-q4","Physics","physics","9","physical-optics","Physical Optics","chapter","When light enters from air to glass, which remains constant?","Frequency","Wavelength","Velocity","All of these","a","When light changes medium, speed and wavelength change, but frequency remains constant (depends on source).","easy","","oetp","net:past_paper"
"physics-ch9-q5","ph-ch9-q5","Physics","physics","9","physical-optics","Physical Optics","chapter","Distance between two fringes in double-slit experiment is directly proportional to:","Wavelength of light","Distance between slits","Both a and b","None of these","a","Fringe spacing y = lambda*D/d. It is directly proportional to wavelength lambda (and inversely to d).","hard","","oetp","net:past_paper"
"physics-ch9-q6","ph-ch9-q6","Physics","physics","9","physical-optics","Physical Optics","chapter","Confining a wave into one plane is called:","Polarization","Depolarization","Transformation","None of these","a","Polarization restricts wave oscillation to a single plane.","easy","","oetp","net:past_paper"
"physics-ch9-q7","ph-ch9-q7","Physics","physics","9","physical-optics","Physical Optics","chapter","Light rays coming from a tube light are:","Plane","Spherical","Cylindrical","None of these","c","A tube light (fluorescent lamp) is a line source; wavefronts emanating from it are cylindrical.","medium","","oetp","net:past_paper"
"physics-ch9-q8","ph-ch9-q8","Physics","physics","9","physical-optics","Physical Optics","chapter","Wavefronts coming from a small light bulb are:","Spherical","Cylindrical","Plane","None of these","a","A point source radiates light in all directions; wavefronts are spherical.","medium","","oetp","net:past_paper"
"physics-ch9-q9","ph-ch9-q9","Physics","physics","9","physical-optics","Physical Optics","chapter","If grating element is made 1/10th, resolving power will become:","1/100 times","1/10 times","100 times","10 times","d","R = Nm = (L/d) x m. If d becomes d/10, then N = L/(d/10) = 10N. Resolving power becomes 10 times.","hard","","oetp","net:past_paper"
"physics-ch9-q10","ph-ch9-q10","Physics","physics","9","physical-optics","Physical Optics","chapter","In interference, energy:","May be destroyed","Will be destroyed","Can be destroyed","Cannot be destroyed","d","Energy is conserved in interference. It is merely redistributed — bright fringes gain what dark fringes lose.","medium","","oetp","net:past_paper"
"physics-ch9-q11","ph-ch9-q11","Physics","physics","9","physical-optics","Physical Optics","chapter","Sky appears blue due to?","Light interference","Light diffraction","Light scattering","Light polarization","c","Air molecules scatter shorter (blue) wavelengths of sunlight more than longer wavelengths — Rayleigh scattering.","easy","","oetp","net:past_paper"
"physics-ch9-q12","ph-ch9-q12","Physics","physics","9","physical-optics","Physical Optics","chapter","Interference is shown by ___ light:","Monochromatic","Polychromatic","Both","None of these","a","For clear interference patterns, monochromatic (single wavelength) and coherent light is required.","easy","","oetp","net:past_paper"
"physics-ch9-q13","ph-ch9-q13","Physics","physics","9","physical-optics","Physical Optics","chapter","If an EM wave is plane polarized, direction of E and B fields will be:","Perpendicular","Parallel","Along propagation direction","None of these","a","In any EM wave (polarized or not), E and B are always perpendicular to each other and to the direction of propagation.","medium","","oetp","net:past_paper"
"physics-ch9-q14","ph-ch9-q14","Physics","physics","9","physical-optics","Physical Optics","chapter","In Young's experiment, central spot in interference pattern is:","Always bright","Depends on distance from screen","Depends on size of slit","None of these","a","The central fringe (zeroth order) in Young's double-slit experiment is always a bright fringe.","easy","","oetp","net:past_paper"
"physics-ch9-q15","ph-ch9-q15","Physics","physics","9","physical-optics","Physical Optics","chapter","The branch of physics studying properties of light and optical instruments is called?","Physical Optics","Quantum optics","Light optics","None of these","a","Physical optics deals with the wave properties of light (interference, diffraction, polarization) and optical instruments.","easy","","oetp","net:past_paper"
"physics-ch10-q1","ph-ch10-q1","Physics","physics","10","optical-instruments","Optical Instruments","chapter","Linear magnification of a lens is:","p/q","q/p","p*q","1/(p*q)","b","Linear magnification = size of image / size of object = v/u = q/p (image distance/object distance).","medium","Question stem missing from OCR; reconstructed from key. Verify against scan.","oetp","net:past_paper"
"physics-ch10-q2","ph-ch10-q2","Physics","physics","10","optical-instruments","Optical Instruments","chapter","Magnification of a telescope is:","fe/fo","fo/fe","fo + fe","fo - fe","b","Magnifying power of a telescope = fo/fe (focal length of objective / focal length of eyepiece).","medium","","oetp","net:past_paper"
"physics-ch10-q3","ph-ch10-q3","Physics","physics","10","optical-instruments","Optical Instruments","chapter","A telescope has fo = 25 cm and fe = 5 cm. Its magnification?","3","5","10","25","b","M = fo/fe = 25/5 = 5.","hard","","oetp","net:past_paper"
"physics-ch10-q4","ph-ch10-q4","Physics","physics","10","optical-instruments","Optical Instruments","chapter","Magnifying power of a compound microscope:","Depends on fo only","Depends on both fo and fe","Equals fo/fe","None of these","b","Magnifying power of a compound microscope depends on the focal lengths of both objective and eyepiece.","medium","Question stem missing from OCR; reconstructed from key (Both b and c per key).","oetp","net:past_paper"
"physics-ch10-q5","ph-ch10-q5","Physics","physics","10","optical-instruments","Optical Instruments","chapter","A telescope has fo + fe = 20 cm and M = 9. Find fo and fe.","fo=9cm, fe=11cm","fo=18cm, fe=2cm","fo=10cm, fe=10cm","fo=15cm, fe=5cm","b","M = fo/fe = 9, so fo = 9fe. And fo + fe = 20 -> 9fe + fe = 20 -> fe = 2, fo = 18.","hard","","oetp","net:past_paper"
"physics-ch10-q6","ph-ch10-q6","Physics","physics","10","optical-instruments","Optical Instruments","chapter","When a convex lens is cut into two identical halves, the focal length of each half?","Remains the same","Doubles","Halves","Quadruples","b","Cutting a convex lens into two halves doubles the focal length of each piece.","medium","","oetp","net:past_paper"
"physics-ch10-q7","ph-ch10-q7","Physics","physics","10","optical-instruments","Optical Instruments","chapter","An air bubble in water acts as:","Convex lens","Concave lens","Plane mirror","Prism","b","An air bubble in water diverges light — it acts as a concave (diverging) lens because air is optically rarer than water.","medium","","oetp","net:past_paper"
"physics-ch10-q8","ph-ch10-q8","Physics","physics","10","optical-instruments","Optical Instruments","chapter","Which lens forms the real inverted image of the object in a compound microscope?","Eyepiece lens","Objective lens","Both lenses","None of these","b","The objective lens of a compound microscope forms the real, inverted, magnified image.","medium","Question stem missing from OCR.","oetp","net:past_paper"
"physics-ch10-q9","ph-ch10-q9","Physics","physics","10","optical-instruments","Optical Instruments","chapter","An optical fibre cable can carry:","1 TV channel","1400 phone calls","More than 14 TV channels or 14000 phone calls","None of these","c","A single optical fibre can carry more than 14 TV channels or 14000 telephone calls simultaneously.","medium","Question stem missing from OCR.","oetp","net:past_paper"
"physics-ch10-q10","ph-ch10-q10","Physics","physics","10","optical-instruments","Optical Instruments","chapter","Power of a lens is 10 dioptre. Its focal length?","1 m","0.5 m","10 cm","5 cm","c","f = 1/P = 1/10 m = 0.1 m = 10 cm.","hard","","oetp","net:past_paper"
"physics-ch10-q11","ph-ch10-q11","Physics","physics","10","optical-instruments","Optical Instruments","chapter","The ability of a lens to form separate images of two nearby objects is called:","Magnifying power","Linear magnification","Resolving power","None of these","c","Resolving power is the ability of an optical instrument to distinguish between two closely-spaced objects.","medium","","oetp","net:past_paper"
"physics-ch10-q12","ph-ch10-q12","Physics","physics","10","optical-instruments","Optical Instruments","chapter","Resolving power of a telescope can be increased by:","Increasing wavelength only","Increasing aperture D or frequency f","Decreasing aperture","None of these","b","From Rayleigh formula, R = D/(1.22 lambda). Increasing aperture D or frequency f (decreasing wavelength) increases resolving power.","hard","Question stem missing from OCR.","oetp","net:past_paper"
"physics-ch11-q1","ph-ch11-q1","Physics","physics","11","heat-and-thermodynamics","Heat and Thermodynamics","chapter","Which of the following acts as a heat pump?","Refrigerator","Air conditioner","Deep freezers","All of the above","d","Refrigerators, air conditioners, and deep freezers all transfer heat from a cooler region to a warmer one — all are heat pumps.","easy","","oetp","net:past_paper"
"physics-ch11-q2","ph-ch11-q2","Physics","physics","11","heat-and-thermodynamics","Heat and Thermodynamics","chapter","Compression of gas under constant temperature is process:","Adiabatic","Isothermal","Isochoric","Isobaric","b","Isothermal process: temperature remains constant. Compression at constant temperature is isothermal.","easy","","oetp","net:past_paper"
"physics-ch11-q3","ph-ch11-q3","Physics","physics","11","heat-and-thermodynamics","Heat and Thermodynamics","chapter","Entropy on melting of ice:","Remains same","Increases","Decreases","Decreases slightly","b","Melting (solid to liquid) increases disorder/randomness; entropy increases.","medium","","oetp","net:past_paper"
"physics-ch11-q4","ph-ch11-q4","Physics","physics","11","heat-and-thermodynamics","Heat and Thermodynamics","chapter","As a result of natural processes, entropy:","Increases","Remains same","Decreases","Either a or c","a","The 2nd law of thermodynamics: entropy of an isolated system always increases (or stays constant) in natural processes.","medium","","oetp","net:past_paper"
"physics-ch11-q5","ph-ch11-q5","Physics","physics","11","heat-and-thermodynamics","Heat and Thermodynamics","chapter","If Cp = 10 and Cv = 7, then the general gas constant R equals:","17","3","14","21","b","For an ideal gas: Cp - Cv = R. So R = 10 - 7 = 3.","hard","","oetp","net:past_paper"
"physics-ch11-q6","ph-ch11-q6","Physics","physics","11","heat-and-thermodynamics","Heat and Thermodynamics","chapter","Entropy is the measure of ___ of a system:","Heat","Kinetic energy","Momentum","Disorder","d","Entropy is a thermodynamic measure of the degree of disorder or randomness in a system.","easy","","oetp","net:past_paper"
"physics-ch11-q7","ph-ch11-q7","Physics","physics","11","heat-and-thermodynamics","Heat and Thermodynamics","chapter","Efficiency of Carnot cycle will be 100% if temperature of cold reservoir is:","+273 K","-273 K","100 K","0 K","d","Efficiency = (1 - T2/T1) x 100%. For 100% efficiency, T2 = 0 K (absolute zero).","hard","","oetp","net:past_paper"
"physics-ch11-q8","ph-ch11-q8","Physics","physics","11","heat-and-thermodynamics","Heat and Thermodynamics","chapter","During isothermal process, which remains constant?","Temperature","Pressure","Volume","Heat","a","Isothermal means constant temperature (iso = same, thermal = heat/temperature).","easy","","oetp","net:past_paper"
"physics-ch11-q9","ph-ch11-q9","Physics","physics","11","heat-and-thermodynamics","Heat and Thermodynamics","chapter","When an earthquake occurs, what happens to entropy of Earth?","It increases","It decreases","It stays the same","First increases then decreases","a","An earthquake releases stored energy and increases disorder — entropy of the Earth increases.","medium","","oetp","net:past_paper"
"physics-ch11-q10","ph-ch11-q10","Physics","physics","11","heat-and-thermodynamics","Heat and Thermodynamics","chapter","If speed of a fan in a room is increased, temperature of air in the room will:","Decrease","Increase","Remain same","Either a or b","b","The fan motor generates heat. Increasing fan speed produces more heat. In a sealed room, temperature increases.","medium","","oetp","net:past_paper"
"physics-ch11-q11","ph-ch11-q11","Physics","physics","11","heat-and-thermodynamics","Heat and Thermodynamics","chapter","Temperature of cold reservoir 12C, hot reservoir 27C. Efficiency of Carnot engine?","95%","5%","55%","45%","b","T2 = 12 + 273 = 285 K. T1 = 27 + 273 = 300 K. Efficiency = (1 - 285/300) x 100 = (15/300) x 100 = 5%.","hard","","oetp","net:past_paper"
"physics-ch12-q1","ph-ch12-q1","Physics","physics","12","electrostatics","Electrostatics","chapter","Unit of CV^2 is equivalent to that of?","Joule","Watt","Newton","Coulomb","a","Energy stored in a capacitor E = (1/2)CV^2, so CV^2 has units of energy (Joule).","medium","","oetp","net:past_paper"
"physics-ch12-q2","ph-ch12-q2","Physics","physics","12","electrostatics","Electrostatics","chapter","Two identical conducting spheres A and B each carry charge Q. A third identical sphere C with charge 2Q is touched to A then to B, then removed. The electrostatic force between A and B becomes:","F/2","15F/8","5F/7","2F/5","b","After C touches A: charge on each = (Q+2Q)/2 = 3Q/2. After C touches B: charge on C = (3Q/2+Q)/2 = 5Q/4; B keeps 5Q/4. New F = k(3Q/2)(5Q/4)/r^2 = (15/8)kQ^2/r^2 = 15F/8.","hard","","oetp","net:past_paper"
"physics-ch12-q3","ph-ch12-q3","Physics","physics","12","electrostatics","Electrostatics","chapter","If the electric field E = x/y, then y is?","Positive test charge","Negative charge","Force","None of these","a","Electric field E = F/q where q is the positive test charge. So the denominator y is the positive test charge.","medium","","oetp","net:past_paper"
"physics-ch12-q4","ph-ch12-q4","Physics","physics","12","electrostatics","Electrostatics","chapter","In E = F/Q, the charge Q is:","Always positive","Always negative","Can be positive or negative","Charge-less","c","Both positive and negative test charges can be used to define E. A negative charge also interacts with the electric field. General practice uses positive test charge but it can be either.","medium","","oetp","net:past_paper"
"physics-ch12-q5","ph-ch12-q5","Physics","physics","12","electrostatics","Electrostatics","chapter","Two negative charges are placed at distance d. A positive charge placed between them will be in:","Stable equilibrium","Unstable equilibrium","Neutral equilibrium","None of these","a","The positive charge between two negative charges is attracted equally in both directions from its equilibrium point. If displaced slightly, it is pulled back — this is stable equilibrium.","medium","","oetp","net:past_paper"
"physics-ch12-q6","ph-ch12-q6","Physics","physics","12","electrostatics","Electrostatics","chapter","If the potential difference between the plates is V, charge stored on each plate of capacitor with capacitance C is:","4C","2C","C (i.e. Q=CV)","8C","c","From Q = CV, charge stored = CV.","medium","","oetp","net:past_paper"
"physics-ch12-q7","ph-ch12-q7","Physics","physics","12","electrostatics","Electrostatics","chapter","Two positive charges placed along y-axis. A third positive charge placed between them along y-axis will be in:","Stable equilibrium","Unstable equilibrium","Neutral equilibrium","Depends on charge","b","The positive charge placed between two repelling charges is in unstable equilibrium — if displaced along the y-axis it moves further away, not back.","medium","","oetp","net:past_paper"
"physics-ch12-q8","ph-ch12-q8","Physics","physics","12","electrostatics","Electrostatics","chapter","Product of R and C has units of:","Time","Farad","Current","Unitless","a","RC = (ohm)(farad) = (V/A)(C/V) = C/A = seconds. RC is the time constant.","medium","","oetp","net:past_paper"
"physics-ch12-q9","ph-ch12-q9","Physics","physics","12","electrostatics","Electrostatics","chapter","Electric intensity between two plates of a capacitor equals:","sigma/epsilon_0","0","epsilon_0","None of these","a","E = sigma/epsilon_0 where sigma is the surface charge density.","medium","","oetp","net:past_paper"
"physics-ch12-q10","ph-ch12-q10","Physics","physics","12","electrostatics","Electrostatics","chapter","Energy stored in capacitor is represented by:","1/2 qV","1/4 qV","1/3 qV","qV","a","Energy stored = (1/2)QV = (1/2)CV^2 = Q^2/(2C).","medium","","oetp","net:past_paper"
"physics-ch12-q11","ph-ch12-q11","Physics","physics","12","electrostatics","Electrostatics","chapter","An electron moving in the direction of an electric field where V = 5x + 3 will:","Deflect downward","Deflect upward","Speed up","Speed down","c","E = -dV/dx = -5 (negative x-direction). Electron has negative charge, so force on it is in positive x-direction. Since electron moves in direction of field, it speeds up.","medium","","oetp","net:past_paper"
"physics-ch12-q12","ph-ch12-q12","Physics","physics","12","electrostatics","Electrostatics","chapter","If a potential difference V appears on plates of capacitor with capacitance C, energy stored is:","2CV^2","1/2 CV^2","1/2 C^2 V","None of above","b","Standard formula: E = (1/2)CV^2.","medium","","oetp","net:past_paper"
"physics-ch12-q13","ph-ch12-q13","Physics","physics","12","electrostatics","Electrostatics","chapter","Unit of product RC in charging of a capacitor is:","Ohm","Farad","Second","None of these","c","RC time constant has units of seconds (s).","medium","","oetp","net:past_paper"
"physics-ch12-q14","ph-ch12-q14","Physics","physics","12","electrostatics","Electrostatics","chapter","Flux passing through an area does not depend upon:","Medium","Shape of hypothetical surface","Numbers of lines passing through area","None of these","b","Electric flux through a closed surface depends on the enclosed charge (Gauss's law), not on the shape of the surface.","medium","","oetp","net:past_paper"
"physics-ch12-q15","ph-ch12-q15","Physics","physics","12","electrostatics","Electrostatics","chapter","If magnitude of charges is doubled and distance is halved, force becomes:","4F","8F","16F","F","c","F = kq1q2/r^2. New F = k(2q1)(2q2)/(r/2)^2 = 4kq1q2/(r^2/4) = 16F.","hard","","oetp","net:past_paper"
"physics-ch12-q16","ph-ch12-q16","Physics","physics","12","electrostatics","Electrostatics","chapter","If magnitude of charges is doubled and distance between them is halved, force becomes:","F","4F","8F","16F","d","F' = k(2Q)(2Q)/(r/2)^2 = 4kQ^2 x 4/r^2 = 16F.","hard","","oetp","net:past_paper"
"physics-ch12-q17","ph-ch12-q17","Physics","physics","12","electrostatics","Electrostatics","chapter","Unit of capacitance is:","Farad","Coulomb","Volt","Ohm","a","Capacitance is measured in farads (F = C/V).","easy","","oetp","net:past_paper"
"physics-ch12-q18","ph-ch12-q18","Physics","physics","12","electrostatics","Electrostatics","chapter","Electric potential is a ___ quantity:","Scalar","Vector","Basic","None of these","a","Electric potential is a scalar quantity — it has magnitude but no direction.","easy","","oetp","net:past_paper"
"physics-ch12-q19","ph-ch12-q19","Physics","physics","12","electrostatics","Electrostatics","chapter","Flux passing through an area does not depend upon:","Charge enclosed","Shape of hypothetical surface","Medium","Both a and c","b","Gauss's law: flux depends on enclosed charge and permittivity of medium, not on the shape of the surface.","medium","","oetp","net:past_paper"
"physics-ch12-q20","ph-ch12-q20","Physics","physics","12","electrostatics","Electrostatics","chapter","If diamond is present as dielectric and capacitor voltage is 60V, voltage will be:","Less than 60V","More than 60V","60V","None of these","c","Capacitor voltage is set by the source; dielectric changes capacitance and charge stored, but voltage across a capacitor connected to a source remains the same.","medium","","oetp","net:past_paper"
"physics-ch12-q21","ph-ch12-q21","Physics","physics","12","electrostatics","Electrostatics","chapter","Energy stored in capacitors connected in parallel compared to series:","Is more than series","Is less than series","Is equal to series","Cannot be measured","a","Parallel combination gives higher equivalent capacitance, so E = (1/2)CV^2 is larger than the series combination.","medium","","oetp","net:past_paper"
"physics-ch12-q22","ph-ch12-q22","Physics","physics","12","electrostatics","Electrostatics","chapter","Energy required to charge a 5 microfarad capacitor by a 20 kV DC source is:","10 kJ","5 kJ","2 kJ","1 kJ","d","E = (1/2)CV^2 = (1/2)(5x10^-6)(20x10^3)^2 = (1/2)(5x10^-6)(4x10^8) = 1000 J = 1 kJ.","hard","","oetp","net:past_paper"
"physics-ch12-q23","ph-ch12-q23","Physics","physics","12","electrostatics","Electrostatics","chapter","Capacitors store:","Equal charges","Unequal charges","Equal and opposite charges","Unequal and opposite charges","c","The two plates of a capacitor always store equal and opposite charges (+Q and -Q).","easy","","oetp","net:past_paper"
"physics-ch12-q24","ph-ch12-q24","Physics","physics","12","electrostatics","Electrostatics","chapter","What is one farad of capacitance?","Coulomb/Volt","Ampere x second","Coulomb x Volt","None of these","a","1 Farad = 1 Coulomb / 1 Volt (C/V).","easy","","oetp","net:past_paper"
"physics-ch12-q25","ph-ch12-q25","Physics","physics","12","electrostatics","Electrostatics","chapter","A 2 uF capacitor is connected to a supply through a series resistance. Time constant?","2 secs","3 secs","7 secs","4 secs","a","Time constant tau = RC. With R = 1 Mohm and C = 2 uF: tau = 10^6 x 2x10^-6 = 2 s.","medium","Resistance value not given in OCR; standard textbook value used. Verify against scan.","oetp","net:past_paper"
"physics-ch12-q28","ph-ch12-q28","Physics","physics","12","electrostatics","Electrostatics","chapter","Value of epsilon_0 is:","9 x 10^9","8.85 x 10^-12","9 x 10^-12","1.6 x 10^-19","b","The permittivity of free space epsilon_0 = 8.85 x 10^-12 F/m.","medium","","oetp","net:past_paper"
"physics-ch12-q29","ph-ch12-q29","Physics","physics","12","electrostatics","Electrostatics","chapter","A proton moves in direction of negative x-axis; potential V = -10x + 7. What happens?","Deflect upwards","Deflect downwards","Slow down","Speed up","d","E = -dV/dx = 10 (positive x-direction). Proton has positive charge, force in positive x-direction. Proton moves in negative x-direction (against force), so it slows down — or the force is opposite to motion. Per key: speeds up.","medium","OCR answer key says 'speed up'. Verify against scan — the physics may involve sign convention differences.","oetp","net:past_paper"
"physics-ch12-q31","ph-ch12-q31","Physics","physics","12","electrostatics","Electrostatics","chapter","Electrical effects due to friction are studied in:","Electrostatics","Electrodynamics","Thermodynamics","Electrochemistry","a","Static electricity (electrostatics) deals with charges at rest, including frictional electricity.","medium","","oetp","net:past_paper"
"physics-ch12-q32","ph-ch12-q32","Physics","physics","12","electrostatics","Electrostatics","chapter","If medium is changed from air to diamond, effect on potential difference of capacitor?","Decreases","Increases","Remains same","Not possible","a","V = Q/C. Inserting diamond (higher dielectric constant) increases C; so V = Q/C decreases.","medium","","oetp","net:past_paper"
"physics-ch12-q33","ph-ch12-q33","Physics","physics","12","electrostatics","Electrostatics","chapter","A charge is situated in the centre of a cube. Electric flux through one face is:","Q/epsilon_0","Q/2*epsilon_0","Q/4*epsilon_0","Q/6*epsilon_0","d","By Gauss's law, total flux = Q/epsilon_0 through all 6 faces. Per face: Q/(6*epsilon_0).","medium","","oetp","net:past_paper"
"physics-ch12-q34","ph-ch12-q34","Physics","physics","12","electrostatics","Electrostatics","chapter","Ratio of electrical constant (k) to gravitational constant (G) is approximately:","10^12","10^13","10^20","10^15","c","k = 9x10^9, G = 6.67x10^-11. Ratio = 9x10^9 / 6.67x10^-11 ≈ 1.35x10^20 ≈ 10^20.","medium","","oetp","net:past_paper"
"physics-ch12-q35","ph-ch12-q35","Physics","physics","12","electrostatics","Electrostatics","chapter","Q^2/C has units of:","Charge","Capacitance","Voltage","Energy","d","Q^2/C = (CV)^2/C = CV^2 = 2 x (1/2)CV^2 = energy. Units: Coulomb x Volt = Joule.","medium","","oetp","net:past_paper"
"physics-ch12-q36","ph-ch12-q36","Physics","physics","12","electrostatics","Electrostatics","chapter","Unit of electric intensity (electric field) is:","NC","N/C","C/N","None of these","b","Electric field E = F/q, unit = Newton/Coulomb (N/C).","easy","","oetp","net:past_paper"
"physics-ch12-q37","ph-ch12-q37","Physics","physics","12","electrostatics","Electrostatics","chapter","Two charges separated by distance r. In which medium will force be minimum?","Distilled water","Oil","Air","Vacuum","a","F = kq1q2/(epsilon_r x r^2). Force is minimum when epsilon_r is maximum. Distilled water has epsilon_r ≈ 78.5, the highest among the options.","medium","","oetp","net:past_paper"
"physics-ch12-q38","ph-ch12-q38","Physics","physics","12","electrostatics","Electrostatics","chapter","Electron volt is the unit of:","Energy","Voltage","EMF","Conductance","a","1 eV = 1.6x10^-19 J. Electron volt is a unit of energy.","easy","","oetp","net:past_paper"
"physics-ch12-q39","ph-ch12-q39","Physics","physics","12","electrostatics","Electrostatics","chapter","The electric field of a point charge is ___ in shape:","Spherical","Spherical symmetrical","Plane","Cylindrical","b","A point charge produces a spherically symmetric electric field — same magnitude at equal distances in all directions.","easy","","oetp","net:past_paper"
"physics-ch12-q40","ph-ch12-q40","Physics","physics","12","electrostatics","Electrostatics","chapter","Conductor X (charge Q) and Y (charge Q) exert force F. Third conductor (-Q) is touched to X and removed. New force between X and Y?","F","F/2","2F","None of these","d","When -Q touches X (charge Q), total = Q + (-Q) = 0. X becomes uncharged. Force between X (0) and Y (Q) = 0. Since 0 is not listed, answer is None of these.","medium","","oetp","net:past_paper"
"physics-ch12-q41","ph-ch12-q41","Physics","physics","12","electrostatics","Electrostatics","chapter","Which of the following cannot be used as a dielectric in a capacitor?","Air","Wax","Iron","All of the above","c","Metals (iron) are conductors, not dielectrics. Conductors cannot be used as dielectric material inside a capacitor.","easy","","oetp","net:past_paper"
"physics-ch12-q42","ph-ch12-q42","Physics","physics","12","electrostatics","Electrostatics","chapter","Electric flux is positive when:","Field lines are directed inwards","Field lines are directed outwards","Does not depend on direction","None of these","b","Flux = E.A = EA cos(theta). Flux is positive when field lines exit (are directed outwards) from the closed surface.","medium","","oetp","net:past_paper"
"physics-ch12-q43","ph-ch12-q43","Physics","physics","12","electrostatics","Electrostatics","chapter","An electron is placed between two plates (upper +ve, lower -ve). The electron will:","Deflect downwards","Deflect upwards","Go straight","None of these","b","Electric field points from + plate (top) to - plate (bottom), i.e., downwards. Electron has negative charge, so force on it is upwards (opposite to field). Electron deflects upward.","medium","","oetp","net:past_paper"
"physics-ch12-q44","ph-ch12-q44","Physics","physics","12","electrostatics","Electrostatics","chapter","60 capacitors each of capacitance C connected in series then in parallel. Ratio Cs/Cp = ?","1/60","3600","1/3600","250","c","Cs = C/60 (series). Cp = 60C (parallel). Cs/Cp = (C/60)/(60C) = 1/3600.","hard","","oetp","net:past_paper"
"physics-ch12-q45","ph-ch12-q45","Physics","physics","12","electrostatics","Electrostatics","chapter","When wood is replaced by air as dielectric, capacitance:","Increases","Decreases","Remains constant","None of these","b","C = epsilon_r * C_0. Wood has epsilon_r ≈ 1.4; air has epsilon_r = 1.0. Replacing wood with air decreases epsilon_r, so capacitance decreases.","medium","","oetp","net:past_paper"
"physics-ch12-q46","ph-ch12-q46","Physics","physics","12","electrostatics","Electrostatics","chapter","0.37q charge is stored on the capacitor after disconnecting source. Current flow will be:","37%","63%","86%","None of these","b","When charge = 0, current is maximum (100%). When charge = Q (full), current = 0. At 37% charge, current = 100 - 37 = 63%.","medium","","oetp","net:past_paper"
"physics-ch12-q47","ph-ch12-q47","Physics","physics","12","electrostatics","Electrostatics","chapter","If capacitor is connected with battery and is fully charged, then:","Current will flow","Current will not flow","Depends on dielectric","May or may not flow","b","When capacitor is fully charged, no more charge can accumulate; current drops to zero.","easy","","oetp","net:past_paper"
"physics-ch12-q48","ph-ch12-q48","Physics","physics","12","electrostatics","Electrostatics","chapter","If angle between electric field E and vector area A is pi/3, electric flux will be:","0.866 EA","0.5 EA","0.707 EA","EA/3","b","Flux = EA cos(theta) = EA cos(60 degrees) = EA x 0.5.","hard","","oetp","net:past_paper"
"physics-ch12-q49","ph-ch12-q49","Physics","physics","12","electrostatics","Electrostatics","chapter","When some charge is given to a soap bubble, it:","Increases in size","Decreases in size","Remains same","Collapses","a","Like charges on the bubble surface repel each other, causing the bubble to expand (increase in size).","easy","","oetp","net:past_paper"
"physics-ch12-q50","ph-ch12-q50","Physics","physics","12","electrostatics","Electrostatics","chapter","Change in potential energy if electron moves 4.5 m in direction of E = 325 N/C:","5.3 x 10^-16 J","2.3 x 10^-16 J","Zero","10 J","b","Energy = qEd = 1.6x10^-19 x 325 x 4.5 = 2.34x10^-16 J ≈ 2.3x10^-16 J.","hard","","oetp","net:past_paper"
"physics-ch12-q51","ph-ch12-q51","Physics","physics","12","electrostatics","Electrostatics","chapter","When two suspended objects attract each other electrically:","Both are charged","Both are uncharged","Either of them is charged","Both a and c","d","They attract if both are oppositely charged (a), OR if one is charged and it polarises the neutral one (c). Both cases result in attraction.","medium","","oetp","net:past_paper"
"physics-ch12-q52","ph-ch12-q52","Physics","physics","12","electrostatics","Electrostatics","chapter","Body A (charge q) touched with neutral B then neutral C. Charge on C after contact?","q","q/2","q/3","q/4","d","A touches B: A and B each get q/2. A (now q/2) touches C: A and C each get q/4. Charge on C = q/4.","hard","","oetp","net:past_paper"
"physics-ch12-q53","ph-ch12-q53","Physics","physics","12","electrostatics","Electrostatics","chapter","If Electric Intensity is increased to 3 times, new surface charge density will be:","3 sigma","sigma/3","9 sigma","sigma/9","a","E = sigma/epsilon_0, so sigma = E*epsilon_0. If E is tripled, sigma is also tripled (3 sigma).","hard","","oetp","net:past_paper"
"physics-ch12-q54","ph-ch12-q54","Physics","physics","12","electrostatics","Electrostatics","chapter","If two charged conductors are joined by wire, which of following will happen?","Current starts flowing","Current flows from higher to lower potential","After some time both at same potential","All of them","d","All three statements are correct: current flows, it goes from high to low potential, and they equalise.","medium","","oetp","net:past_paper"
"physics-ch12-q55","ph-ch12-q55","Physics","physics","12","electrostatics","Electrostatics","chapter","Two same-magnitude charges. Force maximum in which medium?","Glass","Water","Mica","Air","d","F = kq^2/(epsilon_r r^2). Force is maximum when epsilon_r is minimum. Air has epsilon_r = 1.0006 ≈ 1, the smallest.","medium","","oetp","net:past_paper"
"physics-ch12-q56","ph-ch12-q56","Physics","physics","12","electrostatics","Electrostatics","chapter","Unit of permittivity of free space is:","F/m","F","F.m","C/s","a","Permittivity epsilon_0 has SI unit of Farad per metre (F/m).","easy","","oetp","net:past_paper"
"physics-ch12-q57","ph-ch12-q57","Physics","physics","12","electrostatics","Electrostatics","chapter","Unit of electric field is:","N/C","Weber/sec","Volt/C","Joule/sec","a","Electric field E = F/q, unit = N/C. Also equivalent to V/m.","easy","","oetp","net:past_paper"
"physics-ch12-q58","ph-ch12-q58","Physics","physics","12","electrostatics","Electrostatics","chapter","Capacitance increases by:","Increasing supplied voltage","Increasing the area of plates","Increasing the separation of plates","Increasing the electric flux","b","C = epsilon*A/d. Capacitance is directly proportional to plate area. Increasing area increases C.","medium","","oetp","net:past_paper"
"physics-ch12-q59","ph-ch12-q59","Physics","physics","12","electrostatics","Electrostatics","chapter","If a closed surface contains two equal and opposite charges, net electric flux through surface is:","Positive","Negative","Zero","None of these","c","By Gauss's law, flux = Q_enclosed/epsilon_0. If +Q and -Q are enclosed, Q_enclosed = 0, so flux = 0.","easy","","oetp","net:past_paper"
"physics-ch12-q60","ph-ch12-q60","Physics","physics","12","electrostatics","Electrostatics","chapter","What happens when a positive rod is placed near a neutral sphere?","Sphere attracted and remains neutral","Sphere attracted and negative charge induced near rod side","Sphere repelled and remains neutral","Sphere repelled and positive charge induced","b","The positive rod induces negative charge on the near side and positive on the far side (polarisation). The sphere is attracted and negative charge is induced on the side nearest the rod.","easy","","oetp","net:past_paper"
"physics-ch13-q1","ph-ch13-q1","Physics","physics","13","current-electricity","Current Electricity","chapter","Unit of EMF?","Volts","Henry","Watt","Ampere","a","EMF (electromotive force) is measured in Volts (V).","easy","","oetp","net:past_paper"
"physics-ch13-q2","ph-ch13-q2","Physics","physics","13","current-electricity","Current Electricity","chapter","Volt / Ohm = ?","Second","Ampere","Coulomb","Hertz","b","By Ohm's law I = V/R. So Volt/Ohm = Ampere.","easy","","oetp","net:past_paper"
"physics-ch13-q3","ph-ch13-q3","Physics","physics","13","current-electricity","Current Electricity","chapter","If magnetic field around a current-carrying wire is anti-clockwise, direction of current is:","Upwards","Downward","Rightward","Leftward","a","By the right-hand rule, if you curl the right-hand fingers in the anti-clockwise direction (when viewed from below), thumb points upward — current is upward.","medium","","oetp","net:past_paper"
"physics-ch13-q4","ph-ch13-q4","Physics","physics","13","current-electricity","Current Electricity","chapter","Value of resistivity of iron is:","10.52 x 10^-8","5.00 x 10^-8","11.00 x 10^-8","100 x 10^-8","c","Resistivity of iron is approximately 1.0 x 10^-7 ohm-m = 10.0 x 10^-8 ohm-m ≈ 11.00 x 10^-8 ohm-m.","medium","","oetp","net:past_paper"
"physics-ch13-q5","ph-ch13-q5","Physics","physics","13","current-electricity","Current Electricity","chapter","In which of the following is more heat energy produced?","Bulb (5 mohm, 1 min, 120A)","Iron producing 2 kJ","Tube (2 min, 50A, 0.02 ohm)","Both a and c same","c","H = I^2 x R x t. Option a: (120)^2 x 5x10^-3 x 60 = 4320 J. Option b: 2000 J. Option c: (50)^2 x 0.02 x 120 = 6000 J. Option c produces most heat.","hard","OCR answer key shows 'tube working for 2 mins' = option c. Verified by calculation.","oetp","net:past_paper"
"physics-ch13-q6","ph-ch13-q6","Physics","physics","13","current-electricity","Current Electricity","chapter","Constant of proportionality in Ohm's law:","R","1/R","I","V","b","I = (1/R) x V. The constant of proportionality is 1/R.","easy","","oetp","net:past_paper"
"physics-ch13-q7","ph-ch13-q7","Physics","physics","13","current-electricity","Current Electricity","chapter","mho is the unit of:","Resistance","Resistivity","Conductance","Conductivity","c","Mho (or Siemens) is the unit of electrical conductance = 1/Resistance.","easy","","oetp","net:past_paper"
"physics-ch13-q8","ph-ch13-q8","Physics","physics","13","current-electricity","Current Electricity","chapter","Three resistors 7, 5 and 8 ohm in series. Current flow will be:","5 ohm","7 ohm","8 ohm","Same through all","d","In a series circuit, the same current flows through all resistors.","easy","","oetp","net:past_paper"
"physics-ch13-q9","ph-ch13-q9","Physics","physics","13","current-electricity","Current Electricity","chapter","Which of the following converts heat energy into electrical energy?","Potentiometer","Thermometer","Thermocouple","None of these","c","A thermocouple converts heat (temperature difference) into electrical energy (voltage).","medium","","oetp","net:past_paper"
"physics-ch13-q10","ph-ch13-q10","Physics","physics","13","current-electricity","Current Electricity","chapter","Three resistors R1 > R2 > R3 in series. Equivalent resistance will be:","Lesser than R3","Lesser than R1","Equal to R1","Greater than R1","d","Series resistance R_eq = R1 + R2 + R3 > R1 (since R2 and R3 are positive). Greater than R1.","hard","","oetp","net:past_paper"
"physics-ch13-q11","ph-ch13-q11","Physics","physics","13","current-electricity","Current Electricity","chapter","Voltage 100V, current 10A, R = 5 ohm. Internal resistance?","10 ohm","15 ohm","5 ohm","1 ohm","c","EMF = I(R + r). Using terminal voltage V = E - Ir: 100 = E - 10r and E = I(R+r) = 10(5+r). Solving: 100 = 10(5+r) - 10r = 50 + 10r - 10r = 50... key gives r = 5 ohm. Verify against scan.","hard","","oetp","net:past_paper"
"physics-ch13-q12","ph-ch13-q12","Physics","physics","13","current-electricity","Current Electricity","chapter","Power dissipated in resistor is 12.8 W when 4A passes. If 6A passes, power will be:","32.6 W","24 W","28.8 W","16 W","c","R = P/I^2 = 12.8/16 = 0.8 ohm. New P = I^2 R = 36 x 0.8 = 28.8 W.","hard","","oetp","net:past_paper"
"physics-ch13-q13","ph-ch13-q13","Physics","physics","13","current-electricity","Current Electricity","chapter","Three resistors in series. Total voltage Vt equals:","Vt = V1 + V2 + V3","1/Vt = 1/V1 + 1/V2 + 1/V3","Vt = V1 = V2 = V3","None of these","a","In series, voltages add: Vt = V1 + V2 + V3 (Kirchhoff's voltage law).","medium","","oetp","net:past_paper"
"physics-ch13-q14","ph-ch13-q14","Physics","physics","13","current-electricity","Current Electricity","chapter","Siemen is the SI unit of:","Conductivity","Resistivity","Conductance","None of these","c","Siemen (S) is the SI unit of electrical conductance.","easy","","oetp","net:past_paper"
"physics-ch13-q15","ph-ch13-q15","Physics","physics","13","current-electricity","Current Electricity","chapter","Temperature coefficient of resistance is:","Fractional change in resistance","Fractional change in resistivity","Fractional change in resistance per kelvin","Fractional change in resistance per degree","c","Temperature coefficient alpha = (1/R0) x (dR/dT) = fractional change in resistance per kelvin change in temperature.","easy","","oetp","net:past_paper"
"physics-ch13-q16","ph-ch13-q16","Physics","physics","13","current-electricity","Current Electricity","chapter","Conductivity equals:","AR/L","L/AR","1/rho","Both b and c","d","Conductivity sigma = 1/resistivity = 1/rho. Also sigma = L/(AR), so both b and c are correct.","medium","","oetp","net:past_paper"
"physics-ch13-q17","ph-ch13-q17","Physics","physics","13","current-electricity","Current Electricity","chapter","Drift velocity is of the order:","10^-4 m/s","10^-3 m/s","10^2 m/s","10 m/s","a","Typical drift velocity of electrons in a conductor is about 10^-4 m/s (very slow).","easy","","oetp","net:past_paper"
"physics-ch13-q18","ph-ch13-q18","Physics","physics","13","current-electricity","Current Electricity","chapter","Resistivity of Silver is ___ ohm-metre:","1.52 x 10^-8","2.89 x 10^-8","1.02 x 10^-7","1.82 x 10^-8","a","Resistivity of silver = 1.59 x 10^-8 ohm-m ≈ 1.52 x 10^-8 ohm-m (closest option).","medium","","oetp","net:past_paper"
"physics-ch13-q19","ph-ch13-q19","Physics","physics","13","current-electricity","Current Electricity","chapter","Length doubled, cross-sectional area halved. New resistance?","2R","0.5R","4R","0.25R","c","R = rhoL/A. New R = rho(2L)/(A/2) = rho(2L)(2/A) = 4(rhoL/A) = 4R.","hard","","oetp","net:past_paper"
"physics-ch13-q20","ph-ch13-q20","Physics","physics","13","current-electricity","Current Electricity","chapter","R1 > R2 > R3 in parallel. Equivalent resistance R':","R' > R1","R' < R3","R' = R1","R1 < R' < R3","b","In parallel, equivalent resistance is always less than the smallest individual resistance (R3).","hard","","oetp","net:past_paper"
"physics-ch13-q21","ph-ch13-q21","Physics","physics","13","current-electricity","Current Electricity","chapter","Resistivity of mercury (Hg) is ___ ohm-metre:","3.5 x 10^-6","9.4 x 10^-7","1.1 x 10^-6","202.7 x 10^-8","b","Resistivity of mercury ≈ 9.4 x 10^-7 ohm-m.","medium","","oetp","net:past_paper"
"physics-ch13-q22","ph-ch13-q22","Physics","physics","13","current-electricity","Current Electricity","chapter","When charge flows through a wire, it produces:","Magnetic field","Electric field","Both a and b","None of these","a","A current (moving charges) produces a magnetic field around the wire (Oersted's discovery). A static electric field exists due to the potential difference.","medium","","oetp","net:past_paper"
"physics-ch13-q23","ph-ch13-q23","Physics","physics","13","current-electricity","Current Electricity","chapter","Bulbs A and B in series with a 40V battery; bulb C in parallel with another 40V battery. Glow:","Same in all 3","Same in A and B, different in C","Different in all 3","None of these","b","A and B in series share the same current. C alone gets the full voltage. A and B glow the same as each other but dimmer than C.","medium","","oetp","net:past_paper"
"physics-ch14-q1","ph-ch14-q1","Physics","physics","14","electromagnetism","Electromagnetism","chapter","When the length of a solenoid is doubled (same number of turns and current), new B will be:","B/2","B","2B","9/2 B","a","B = mu_0 n I where n = N/L. If L doubles with N fixed, n halves, so B halves: B/2.","hard","","oetp","net:past_paper"
"physics-ch14-q2","ph-ch14-q2","Physics","physics","14","electromagnetism","Electromagnetism","chapter","ECG records:","Heartbeat","Voltage from the heart","Stress","None of these","b","ECG (Electrocardiogram) records the electrical voltage signals produced by the heart.","easy","","oetp","net:past_paper"
"physics-ch14-q3","ph-ch14-q3","Physics","physics","14","electromagnetism","Electromagnetism","chapter","EEG is related to:","Heart","Brain","Both a and b","None of these","b","EEG (Electroencephalogram) records electrical activity of the brain.","easy","","oetp","net:past_paper"
"physics-ch14-q4","ph-ch14-q4","Physics","physics","14","electromagnetism","Electromagnetism","chapter","Device used to measure magnetic field:","Magnetometer","Voltmeter","Thermometer","Wilson cloud chamber","a","A magnetometer is the instrument used to measure the strength and direction of magnetic fields.","easy","","oetp","net:past_paper"
"physics-ch14-q5","ph-ch14-q5","Physics","physics","14","electromagnetism","Electromagnetism","chapter","In F = ILB, relation between I and L:","Direct","Inverse","Inverse of square","None of these","a","F = ILB; force is directly proportional to both current I and length L.","medium","","oetp","net:past_paper"
"physics-ch14-q6","ph-ch14-q6","Physics","physics","14","electromagnetism","Electromagnetism","chapter","In CRO, electrons are emitted from:","Filament","Cathode","Anode","Electron gun","b","In a CRO (cathode ray oscilloscope), electrons are emitted from the cathode (via thermionic emission).","easy","","oetp","net:past_paper"
"physics-ch14-q7","ph-ch14-q7","Physics","physics","14","electromagnetism","Electromagnetism","chapter","Brightness of spot on CRO is controlled by:","Anode","Cathode","Grid","Filament","c","The grid (control grid) in the electron gun of a CRO controls the intensity (brightness) of the electron beam.","easy","","oetp","net:past_paper"
"physics-ch14-q8","ph-ch14-q8","Physics","physics","14","electromagnetism","Electromagnetism","chapter","Moving charge produces ___ field:","Electric","Magnetic","Both a and b","None of these","c","A moving charge constitutes a current, which produces both an electric field (due to charge) and a magnetic field (due to motion).","medium","","oetp","net:past_paper"
"physics-ch14-q9","ph-ch14-q9","Physics","physics","14","electromagnetism","Electromagnetism","chapter","Ammeter is converted from galvanometer by:","High resistance in series","High resistance in parallel","Low resistance in series","Low resistance in parallel","d","A galvanometer is converted to an ammeter by connecting a low resistance (shunt) in parallel.","medium","","oetp","net:past_paper"
"physics-ch14-q10","ph-ch14-q10","Physics","physics","14","electromagnetism","Electromagnetism","chapter","Which of the following is incorrect?","F ∝ I","F ∝ sin(theta)","F ∝ L","F ∝ 1/B","d","F = BILsin(theta). Force is proportional to B, not 1/B. So F ∝ 1/B is incorrect.","medium","","oetp","net:past_paper"
"physics-ch14-q11","ph-ch14-q11","Physics","physics","14","electromagnetism","Electromagnetism","chapter","Ammeter lies in ___ in a circuit:","Series","Parallel","Either a or b","None of these","a","An ammeter is always connected in series in a circuit to measure current through the circuit.","easy","","oetp","net:past_paper"
"physics-ch14-q12","ph-ch14-q12","Physics","physics","14","electromagnetism","Electromagnetism","chapter","Unit of magnetic flux density is:","Wb/m^2","N/Am","Tesla","All of these","d","1 Tesla = 1 Wb/m^2 = 1 N/Am. All listed units are equivalent to Tesla.","medium","","oetp","net:past_paper"
"physics-ch14-q13","ph-ch14-q13","Physics","physics","14","electromagnetism","Electromagnetism","chapter","A toroid is:","A circular ring-shaped coil","A solenoid bent in shape of circle","Both I and II","None of these","c","A toroid is a solenoid that has been bent into a circular (doughnut/ring) shape. Both descriptions are correct.","hard","","oetp","net:past_paper"
"physics-ch14-q14","ph-ch14-q14","Physics","physics","14","electromagnetism","Electromagnetism","chapter","Solenoid length doubled, same turns, current increased 9 times. New B compared to original?","2/9 B","9/2 B","B","8/18 B","b","B = mu_0*n*I. Doubling length with same turns halves n to n/2. New I = 9I. New B = mu_0*(n/2)*(9I) = (9/2)*mu_0*n*I = (9/2)B.","hard","","oetp","net:past_paper"
"physics-ch14-q15","ph-ch14-q15","Physics","physics","14","electromagnetism","Electromagnetism","chapter","Two inductors of inductance L each introduced in circuit in parallel. Equivalent inductance?","2L","L","3L/2","L/2","d","For two equal inductors in parallel: 1/L_eq = 1/L + 1/L = 2/L, so L_eq = L/2.","hard","","oetp","net:past_paper"
"physics-ch14-q16","ph-ch14-q16","Physics","physics","14","electromagnetism","Electromagnetism","chapter","Magnetic effect of electric current was first discovered by:","Faraday","Oersted","Henry","None of these","b","Hans Christian Oersted (1820) first discovered that electric current produces a magnetic field.","easy","","oetp","net:past_paper"
"physics-ch14-q17","ph-ch14-q17","Physics","physics","14","electromagnetism","Electromagnetism","chapter","Unit of Magnetic Flux is:","Weber","Tesla","Volt","Weber/m^2","a","Magnetic flux Phi is measured in Weber (Wb). Weber = Volt x second = kg m^2 s^-2 A^-1.","easy","","oetp","net:past_paper"
"physics-ch14-q18","ph-ch14-q18","Physics","physics","14","electromagnetism","Electromagnetism","chapter","1 Tesla is equal to:","10^4 Gauss","Wb/m^2","Both a and b","None of these","c","1 Tesla = 10^4 Gauss = 1 Wb/m^2. Both a and b are correct.","easy","","oetp","net:past_paper"
"physics-ch14-q19","ph-ch14-q19","Physics","physics","14","electromagnetism","Electromagnetism","chapter","When ohmmeter measures infinite resistance, pointer lies at:","Centre of scale","Left end of scale","Right end of scale","None of these","b","On an ohmmeter scale, zero resistance is at the right end; infinite resistance is at the left end.","easy","","oetp","net:past_paper"
"physics-ch14-q20","ph-ch14-q20","Physics","physics","14","electromagnetism","Electromagnetism","chapter","Current conductor perpendicular to field, rotated 60 degrees counter-clockwise. Force will:","Increase","Decrease","Same","None of these","b","F = BIL sin(theta). Initially theta = 90 (perpendicular), F = BIL. After 60 degrees CCW: theta = 90-60 = 30. F_new = BIL sin(30) = 0.5 BIL. Force decreases.","hard","","oetp","net:past_paper"
"physics-ch14-q21","ph-ch14-q21","Physics","physics","14","electromagnetism","Electromagnetism","chapter","Dimension of magnetic field B:","[L A^-1 T^-2]","[ML^2 T^-2]","[ML^2 T^-2 A^-2]","[M T^-2 A^-1]","d","From F = qvB: B = F/(qv) = MLT^-2 / (AT x LT^-1) = MLT^-2 / (AL^2 T^-1) ... Correctly: B in Tesla = kg s^-2 A^-1 = MT^-2A^-1.","hard","","oetp","net:past_paper"
"physics-ch14-q22","ph-ch14-q22","Physics","physics","14","electromagnetism","Electromagnetism","chapter","If current through solenoid is increased, which must increase:","Length of solenoid","Number of turns","Magnetic field","All of these","c","B = mu_0*n*I. Magnetic field is directly proportional to current. Only B must increase.","medium","","oetp","net:past_paper"
"physics-ch14-q23","ph-ch14-q23","Physics","physics","14","electromagnetism","Electromagnetism","chapter","Current directed into page in wire held perpendicular to page. Magnetic field direction:","Clockwise","Anticlockwise","Both a and b","None of these","a","By right-hand rule: thumb into the page (current direction), fingers curl clockwise (viewed from front).","medium","","oetp","net:past_paper"
"physics-ch14-q24","ph-ch14-q24","Physics","physics","14","electromagnetism","Electromagnetism","chapter","Dimensions of magnetic flux:","ML^2 T^-1 I^-1","ML^2 T^-2 I^-1","MLT^-2 I^-1","ML^-1 T^-2 I^-1","b","Magnetic flux Phi = B x A = (MT^-2A^-1) x L^2 = ML^2T^-2A^-1. Dimensions = [ML^2 T^-2 I^-1].","hard","","oetp","net:past_paper"
"physics-ch14-q25","ph-ch14-q25","Physics","physics","14","electromagnetism","Electromagnetism","chapter","Value of permeability mu_0 is:","5pi x 10^-7 Wb/Am","4pi x 10^-7 Wb/Am","8 x 10^-7 Wb/Am","None of these","b","Permeability of free space mu_0 = 4pi x 10^-7 Wb/Am ≈ 1.257 x 10^-6 H/m.","easy","","oetp","net:past_paper"
"physics-ch14-q26","ph-ch14-q26","Physics","physics","14","electromagnetism","Electromagnetism","chapter","If direction of current in two parallel wires is opposite, the wires will:","Attract","Repel","Both a and b","None of these","b","Parallel wires with currents in opposite directions repel each other.","medium","","oetp","net:past_paper"
"physics-ch15-q1","ph-ch15-q1","Physics","physics","15","electromagnetic-induction","Electromagnetic Induction","chapter","Transformer works on which principle?","Electromagnetic induction","Electrostatics","Coulomb's law","Newton's law","a","A transformer works on the principle of electromagnetic induction (mutual induction). DC voltage cannot induce EMF in secondary coil.","easy","","oetp","net:past_paper"
"physics-ch15-q2","ph-ch15-q2","Physics","physics","15","electromagnetic-induction","Electromagnetic Induction","chapter","Which of the following is NOT a major application of electromagnetic induction?","T.V","Radio","Transformer","Telephone","d","Telephone is a digital device; it is not a major application of electromagnetic induction. T.V, radio and transformer are.","easy","","oetp","net:past_paper"
"physics-ch15-q3","ph-ch15-q3","Physics","physics","15","electromagnetic-induction","Electromagnetic Induction","chapter","A.C generator can be converted into D.C generator by:","Slip rings","Split rings","Stopper","Cannot be converted","b","An AC generator uses slip rings; replacing them with split rings (commutator) converts it to a DC generator.","medium","","oetp","net:past_paper"
"physics-ch15-q4","ph-ch15-q4","Physics","physics","15","electromagnetic-induction","Electromagnetic Induction","chapter","EMF will be induced in a coil near a magnet when:","Area of coil is changed","Coil is rotated","Magnet is moved closer","All of these","d","EMF is induced whenever there is a change in magnetic flux: changing area, rotating coil, or moving the magnet all change flux.","medium","","oetp","net:past_paper"
"physics-ch15-q5","ph-ch15-q5","Physics","physics","15","electromagnetic-induction","Electromagnetic Induction","chapter","Torsion balance is used to measure:","Spring constant","Electric force","Magnetic force","Gravitational constant","d","A torsion balance measures very small forces. It was used by Coulomb to measure gravitational constant and electric/magnetic forces. The gravitational constant G was measured by Cavendish using a torsion balance.","medium","","oetp","net:past_paper"
"physics-ch15-q6","ph-ch15-q6","Physics","physics","15","electromagnetic-induction","Electromagnetic Induction","chapter","Which statement is true? i) Toroid is a solenoid bent into circular path. ii) Solenoid is a toroid in open form.","i is true","ii is true","Both a and b","None of these","a","A toroid is indeed a solenoid bent into a circular (ring) form. Statement i is true.","medium","","oetp","net:past_paper"
"physics-ch15-q7","ph-ch15-q7","Physics","physics","15","electromagnetic-induction","Electromagnetic Induction","chapter","Induced EMF depends upon:","v","B","L","All of these","d","EMF = BLv for a conductor moving through a field. It depends on B (magnetic field), L (length) and v (velocity).","easy","","oetp","net:past_paper"
"physics-ch15-q8","ph-ch15-q8","Physics","physics","15","electromagnetic-induction","Electromagnetic Induction","chapter","If current flow increases to 100 times, energy stored in inductor increases to:","100 times","1000 times","10000 times","Remains same","c","E = (1/2)LI^2. If I increases 100 times: E' = (1/2)L(100I)^2 = 10000 x (1/2)LI^2 = 10000E.","hard","","oetp","net:past_paper"
"physics-ch15-q9","ph-ch15-q9","Physics","physics","15","electromagnetic-induction","Electromagnetic Induction","chapter","A changing electric field produces:","EMF","Current","Changing magnetic field","None of these","c","A changing electric field produces a changing magnetic field (Maxwell's correction to Ampere's law).","medium","","oetp","net:past_paper"
"physics-ch15-q10","ph-ch15-q10","Physics","physics","15","electromagnetic-induction","Electromagnetic Induction","chapter","Energy stored in inductor of L = 2H carrying current I = 10A:","1 J","100 J","200 J","50 J","b","E = (1/2)LI^2 = (1/2)(2)(10)^2 = 100 J.","hard","","oetp","net:past_paper"
"physics-ch15-q11","ph-ch15-q11","Physics","physics","15","electromagnetic-induction","Electromagnetic Induction","chapter","For a step-up transformer, turn ratio Ns/Np is:","Ns > Np","Ns = Np","Ns < Np","None of these","a","In a step-up transformer, secondary voltage is higher than primary. Vs/Vp = Ns/Np. Since Vs > Vp, Ns > Np.","easy","","oetp","net:past_paper"
"physics-ch15-q12","ph-ch15-q12","Physics","physics","15","electromagnetic-induction","Electromagnetic Induction","chapter","Inductor opposes:","Current","Change in current","EMF of battery","All of these","b","An inductor opposes changes in current (not current itself), by inducing a back-EMF proportional to dI/dt.","medium","","oetp","net:past_paper"
"physics-ch15-q13","ph-ch15-q13","Physics","physics","15","electromagnetic-induction","Electromagnetic Induction","chapter","Direction of induced EMF is given by which law?","Faraday's law","Lenz's law","Ampere's law","None of these","b","Lenz's law gives the direction of induced EMF — it always opposes the change that causes it.","medium","","oetp","net:past_paper"
"physics-ch15-q14","ph-ch15-q14","Physics","physics","15","electromagnetic-induction","Electromagnetic Induction","chapter","Which electrical quantity cannot be changed by a transformer?","Voltage","Current","Power","Inductance","c","A transformer can change voltage and current but not power (it is conserved, ignoring losses). Inductance is also not changed.","medium","","oetp","net:past_paper"
"physics-ch15-q15","ph-ch15-q15","Physics","physics","15","electromagnetic-induction","Electromagnetic Induction","chapter","When conductor moves in magnetic field, the induced EMF is called:","Motional EMF","Rotational EMF","Transferal EMF","None of these","a","EMF induced in a conductor moving through a magnetic field is called motional EMF.","easy","","oetp","net:past_paper"
"physics-ch15-q16","ph-ch15-q16","Physics","physics","15","electromagnetic-induction","Electromagnetic Induction","chapter","Potential difference in charge between two points in a circuit is known as:","EMF","Electric difference","Intensity","Volt","a","EMF (electromotive force) is defined as the potential difference (energy per unit charge) between two points that drives current.","medium","","oetp","net:past_paper"
"physics-ch15-q17","ph-ch15-q17","Physics","physics","15","electromagnetic-induction","Electromagnetic Induction","chapter","When carrying electricity on long distances, step-up transformers are used to:","Increase both voltage and current","Increase voltage, reduce current","Increase current, reduce voltage","None of these","b","Step-up transformers increase voltage. By conservation of power (P = VI), increased voltage means reduced current, reducing I^2R losses in transmission lines.","hard","","oetp","net:past_paper"
"physics-ch15-q18","ph-ch15-q18","Physics","physics","15","electromagnetic-induction","Electromagnetic Induction","chapter","A D.C generator is converted to A.C generator by:","Increasing the rings","Replacing split rings by slip rings","Replacing slip rings by split rings","Decreasing the rings","b","A DC generator uses split rings (commutator). Replacing them with slip rings allows AC output.","medium","","oetp","net:past_paper"
"physics-ch15-q19","ph-ch15-q19","Physics","physics","15","electromagnetic-induction","Electromagnetic Induction","chapter","Electric generators work on the principle of:","Coulomb's law","Newton's law of gravitation","Ampere's law","Electromagnetic induction","d","Electric generators convert mechanical energy to electrical energy using the principle of electromagnetic induction.","easy","","oetp","net:past_paper"
"physics-ch15-q20","ph-ch15-q20","Physics","physics","15","electromagnetic-induction","Electromagnetic Induction","chapter","Unit of induced EMF is:","Volts","Ampere","Newton","Joule","a","EMF is the work done per unit charge; its unit is the Volt (J/C).","easy","","oetp","net:past_paper"
"physics-ch15-q21","ph-ch15-q21","Physics","physics","15","electromagnetic-induction","Electromagnetic Induction","chapter","Which rings are used for A.C and D.C generators?","Slip rings for A.C, Split rings for D.C","Split rings for A.C, Slip rings for D.C","Either slip or split for A.C","Either slip or split for D.C","a","AC generators use slip rings (continuous contact); DC generators use split rings (commutator) to rectify current.","easy","","oetp","net:past_paper"
"physics-ch16-q1","ph-ch16-q1","Physics","physics","16","alternating-current","Alternating Current","chapter","In an AC circuit containing only resistance, current and voltage are:","In phase","Out of phase","Current leads","Voltage leads","a","In a pure resistive circuit, current and voltage are in phase — they peak and cross zero at the same time.","easy","","oetp","net:past_paper"
"physics-ch16-q2","ph-ch16-q2","Physics","physics","16","alternating-current","Alternating Current","chapter","Power factor of a pure capacitive circuit is:","−1","0","+1","0.5","b","In a pure capacitive circuit, current leads voltage by 90 degrees. PF = cos(90) = 0.","easy","","oetp","net:past_paper"
"physics-ch16-q3","ph-ch16-q3","Physics","physics","16","alternating-current","Alternating Current","chapter","A simple oscillating (LC) circuit consists of:","Inductor and Capacitor","Resistance and Capacitor","Resistance and Coil","Inductor and Resistance","a","A simple LC oscillating circuit consists of an inductor and a capacitor, which exchange energy at resonant frequency.","easy","","oetp","net:past_paper"
"physics-ch16-q4","ph-ch16-q4","Physics","physics","16","alternating-current","Alternating Current","chapter","Wavelength of X-rays is of the order of:","Centimeter","Micron (10^-6 m)","Angstrom (10^-10 m)","Meter","c","X-ray wavelengths are in the range of 0.01-10 nanometres, corresponding to about 1 Angstrom (10^-10 m).","medium","","oetp","net:past_paper"
"physics-ch16-q5","ph-ch16-q5","Physics","physics","16","alternating-current","Alternating Current","chapter","Process of combining low frequency waves with high frequency carrier is called:","Rectification","Amplification","Modulation","Magnification","c","Modulation is the process of superimposing a low-frequency signal (message) onto a high-frequency carrier wave.","medium","","oetp","net:past_paper"
"physics-ch16-q6","ph-ch16-q6","Physics","physics","16","alternating-current","Alternating Current","chapter","Inductor 1H connected across 220V, 50Hz supply. Peak current approximately:","0.5 A","0.7 A","1 A","1.4 A","b","X_L = 2pi*f*L = 2pi*50*1 = 314 ohm. I_rms = V_rms/X_L = 220/314 = 0.70 A. Peak I = I_rms*sqrt(2) ≈ 0.99 ≈ 1.0 A.","hard","Key gives 0.7 A (rms). If peak is required, it would be ~1 A. Verify whether question asks rms or peak.","oetp","net:past_paper"
"physics-ch16-q7","ph-ch16-q7","Physics","physics","16","alternating-current","Alternating Current","chapter","Frequency of AC used in Pakistan is:","30 c/s","50 c/s","90 c/s","180 c/s","b","Pakistan uses 50 Hz (cycles per second) AC power supply.","easy","","oetp","net:past_paper"
"physics-ch16-q8","ph-ch16-q8","Physics","physics","16","alternating-current","Alternating Current","chapter","For V = 10 sin(wt) and I = 20 sin(wt), impedance is:","200 ohm","2 ohm","0.5 ohm","0.707 ohm","c","Z = V_rms/I_rms = (10/sqrt2)/(20/sqrt2) = 10/20 = 0.5 ohm.","hard","","oetp","net:past_paper"
"physics-ch16-q9","ph-ch16-q9","Physics","physics","16","alternating-current","Alternating Current","chapter","Reactance of an inductor is given by:","wL","1/wL","wC","1/wC","a","Inductive reactance X_L = omega*L = 2pi*f*L.","easy","","oetp","net:past_paper"
"physics-ch16-q10","ph-ch16-q10","Physics","physics","16","alternating-current","Alternating Current","chapter","At resonance, RLC circuit behaves like:","Pure inductive","Pure resistive","Pure capacitive","All of these","b","At resonance X_L = X_C, they cancel. Only R remains, so circuit is purely resistive.","easy","","oetp","net:past_paper"
"physics-ch16-q11","ph-ch16-q11","Physics","physics","16","alternating-current","Alternating Current","chapter","In pure resistive circuit current and voltage are:","In phase","Out of phase","Current leads","Voltage leads","a","Pure resistive circuit: current and voltage are in phase.","easy","","oetp","net:past_paper"
"physics-ch16-q12","ph-ch16-q12","Physics","physics","16","alternating-current","Alternating Current","chapter","Power factor in an AC circuit is:","cos theta","sin theta","tan theta","None of these","a","Power factor = cos(phi) where phi is the phase angle between voltage and current.","easy","","oetp","net:past_paper"
"physics-ch16-q13","ph-ch16-q13","Physics","physics","16","alternating-current","Alternating Current","chapter","Angle made by coil of AC generator at time interval 3T/4:","2pi","pi/2","3pi/2","7pi/4","c","At t = 3T/4, angle = omega*t = (2pi/T)*(3T/4) = 3pi/2 radians.","medium","","oetp","net:past_paper"
"physics-ch16-q14","ph-ch16-q14","Physics","physics","16","alternating-current","Alternating Current","chapter","Resistance of RCL series circuit at resonance is:","Z","R","X_L","X_C","b","At resonance X_L = X_C; they cancel. Net impedance Z = R (pure resistive).","easy","","oetp","net:past_paper"
"physics-ch16-q15","ph-ch16-q15","Physics","physics","16","alternating-current","Alternating Current","chapter","Power of RCL circuit at resonance is:","Zero","Minimum","Maximum","None of these","c","P = V_rms*I_rms*cos(theta). At resonance, PF = cos(0) = 1 (maximum). So power is maximum.","easy","","oetp","net:past_paper"
"physics-ch16-q16","ph-ch16-q16","Physics","physics","16","alternating-current","Alternating Current","chapter","In a pure resistive circuit, current and voltage are:","In phase","Out of phase","Current leads","Voltage leads","a","In a pure resistive circuit, current and voltage are perfectly in phase.","easy","","oetp","net:past_paper"
"physics-ch16-q17","ph-ch16-q17","Physics","physics","16","alternating-current","Alternating Current","chapter","Voltage ___ current in RC circuit:","Leading","Lagging","In phase","None of these","b","In an RC circuit, current leads voltage (or equivalently, voltage lags current) because capacitor current peaks before voltage.","easy","","oetp","net:past_paper"
"physics-ch16-q18","ph-ch16-q18","Physics","physics","16","alternating-current","Alternating Current","chapter","Which of the following colour has highest frequency in visible spectrum?","Blue","Green","Violet","Yellow","c","VIBGYOR: Violet has the highest frequency (and energy) in the visible spectrum.","hard","","oetp","net:past_paper"
"physics-ch16-q19","ph-ch16-q19","Physics","physics","16","alternating-current","Alternating Current","chapter","Impedance in RLC series circuit is given by:","Z = R","Z = sqrt(R^2 + (X_L + X_C)^2)","Z = sqrt(R^2 + (X_L - X_C)^2)","Z = sqrt(R + X_L - X_C)","c","Z = sqrt(R^2 + (X_L - X_C)^2). At resonance X_L = X_C so Z = R.","hard","","oetp","net:past_paper"
"physics-ch16-q20","ph-ch16-q20","Physics","physics","16","alternating-current","Alternating Current","chapter","RLC circuit can be excited by:","AC","DC","Both a and b","None of these","a","An RLC circuit can only exhibit resonance and oscillation when driven by AC. DC produces only transient response.","easy","","oetp","net:past_paper"
"physics-ch16-q21","ph-ch16-q21","Physics","physics","16","alternating-current","Alternating Current","chapter","Impedance of a circuit is calculated as:","Z = V_rms / I_rms","Z = V_peak / I_rms","Z = V_rms / I_peak","Z = R only","a","Impedance Z = V_rms / I_rms, the ratio of rms voltage to rms current.","medium","","oetp","net:past_paper"
"physics-ch16-q22","ph-ch16-q22","Physics","physics","16","alternating-current","Alternating Current","chapter","Power factor of RLC circuit at resonance is:","0","1","-1","0.5","b","At resonance the circuit is purely resistive; current and voltage are in phase. PF = cos(0) = 1.","easy","","oetp","net:past_paper"
"physics-ch16-q23","ph-ch16-q23","Physics","physics","16","alternating-current","Alternating Current","chapter","X-rays have frequency greater than:","Visible light","Ultraviolet","Microwaves","All of these","d","X-rays have higher frequency than visible light, ultraviolet AND microwaves. All of these.","medium","","oetp","net:past_paper"
"physics-ch16-q24","ph-ch16-q24","Physics","physics","16","alternating-current","Alternating Current","chapter","Electromagnetic waves are produced due to flow of:","Negative charge","Positive charge","Both a and b","Changing electric field","d","EM waves are produced by accelerating charges (changing electric field), not simply by charge flow. The changing E field produces changing B field and vice versa.","hard","","oetp","net:past_paper"
"physics-ch17-q1","ph-ch17-q1","Physics","physics","17","physics-of-solids","Physics of Solids","chapter","If stress is doubled, then volume becomes?","Double","Half","Four times","None of these","b","Stress ∝ 1/Volume. Doubling stress halves the volume.","easy","","oetp","net:past_paper"
"physics-ch17-q2","ph-ch17-q2","Physics","physics","17","physics-of-solids","Physics of Solids","chapter","Young's modulus for a perfectly rigid body is:","1","0","Infinity","40","c","Young's modulus = stress/strain. For a rigid body, strain = 0, so Young's modulus = infinity.","easy","","oetp","net:past_paper"
"physics-ch17-q3","ph-ch17-q3","Physics","physics","17","physics-of-solids","Physics of Solids","chapter","Semiconductors have conductivity of the order:","10^1","10^-6 to 10^4","10^4 to 10^7","None of these","b","Semiconductors have conductivity between 10^-6 and 10^4 S/m — between conductors and insulators.","medium","","oetp","net:past_paper"
"physics-ch17-q4","ph-ch17-q4","Physics","physics","17","physics-of-solids","Physics of Solids","chapter","Aluminum is a:","Metal","Non-metal","Photoconductor","Semiconductor","a","Aluminum is a metal — it is a good conductor of electricity and heat.","easy","","oetp","net:past_paper"
"physics-ch17-q5","ph-ch17-q5","Physics","physics","17","physics-of-solids","Physics of Solids","chapter","Negative strain indicates that:","Length is increased","Length is decreased","Length remains same","None of these","b","Strain = ΔL/L. A negative strain (ΔL < 0) means the object has been compressed — length decreased.","easy","","oetp","net:past_paper"
"physics-ch17-q6","ph-ch17-q6","Physics","physics","17","physics-of-solids","Physics of Solids","chapter","In an extrinsic semiconductor charge carriers are:","Holes only","Electrons only","No charge carriers","Both holes and electrons","d","Extrinsic semiconductors are doped. n-type adds electrons; p-type adds holes. Both electron and hole charge carriers are present.","medium","","oetp","net:past_paper"
"physics-ch17-q7","ph-ch17-q7","Physics","physics","17","physics-of-solids","Physics of Solids","chapter","Dimension of modulus of elasticity:","[ML^-1 T^-2]","[ML^2 T^-2]","[ML^0 T^-2]","[M^2 L^-4 T^-4]","a","Modulus = stress/strain = (N/m^2)/dimensionless = Pa = kg m^-1 s^-2 = [ML^-1 T^-2].","hard","","oetp","net:past_paper"
"physics-ch17-q8","ph-ch17-q8","Physics","physics","17","physics-of-solids","Physics of Solids","chapter","Which type of current passes through a semiconductor diode?","Unidirectional","Bidirectional","Both a and b","None of these","a","A diode allows current only in one direction (forward bias). It passes unidirectional current, making it a rectifier.","medium","","oetp","net:past_paper"
"physics-ch17-q9","ph-ch17-q9","Physics","physics","17","physics-of-solids","Physics of Solids","chapter","Pascal is equal to:","Newton metre squared","Newton per metre squared","Newton per metre cubed","Newton metre cubed","b","1 Pascal = 1 N/m^2 (force per unit area). It is the SI unit of pressure and stress.","easy","","oetp","net:past_paper"
"physics-ch18-q1","ph-ch18-q1","Physics","physics","18","electronics","Electronics","chapter","Minimum number of diodes required to convert AC fully into DC:","1","2","3","4","d","A full-wave bridge rectifier needs 4 diodes to convert AC fully into DC.","easy","","oetp","net:past_paper"
"physics-ch18-q2","ph-ch18-q2","Physics","physics","18","electronics","Electronics","chapter","When transistor is forward biased, resistance will be:","Nano ohms","Kilo ohms","Mega ohms","Milli ohms","d","A forward-biased transistor (or diode) has very low resistance, in the order of milli-ohms.","hard","","oetp","net:past_paper"
"physics-ch18-q3","ph-ch18-q3","Physics","physics","18","electronics","Electronics","chapter","AC is converted to DC by:","Oscillator","Rectifier","Amplifier","DC motor","b","A rectifier converts alternating current (AC) to direct current (DC).","easy","","oetp","net:past_paper"
"physics-ch18-q4","ph-ch18-q4","Physics","physics","18","electronics","Electronics","chapter","A transistor cannot be used as:","A switch","An amplifier","A power source","An inverter","c","A transistor can be used as a switch, amplifier or inverter, but it cannot independently create or generate power — it cannot be a power source.","hard","","oetp","net:past_paper"
"physics-ch18-q5","ph-ch18-q5","Physics","physics","18","electronics","Electronics","chapter","Width of depletion region increases due to:","Transistor","Minority charge carriers","Majority charge carriers","None of these","c","In reverse bias, majority carriers move away from the junction, widening the depletion region.","medium","","oetp","net:past_paper"
"physics-ch18-q6","ph-ch18-q6","Physics","physics","18","electronics","Electronics","chapter","Semiconductors doped to become p-type use:","Pentavalent atoms","Trivalent atoms","Both a and b","None of these","b","P-type semiconductors are doped with trivalent impurities (e.g., Boron) which create holes (electron deficiencies).","easy","","oetp","net:past_paper"
"physics-ch18-q7","ph-ch18-q7","Physics","physics","18","electronics","Electronics","chapter","Metals showing zero resistance below critical temperature are called:","Conductors","Insulators","Semiconductors","Superconductors","d","Superconductors exhibit zero electrical resistance when cooled below their critical temperature (e.g., Mercury below 4 K).","easy","","oetp","net:past_paper"
"physics-ch18-q8","ph-ch18-q8","Physics","physics","18","electronics","Electronics","chapter","A p-n junction under reverse bias:","Has wide depletion layer","Has narrow depletion layer","Has no depletion layer","Conducts heavily","a","Under reverse bias, the positive terminal attracts electrons from n-side and negative attracts holes from p-side, widening the depletion layer.","hard","","oetp","net:past_paper"
"physics-ch19-q1","ph-ch19-q1","Physics","physics","19","dawn-of-modern-physics","Dawn of Modern Physics","chapter","Energy equivalent to 0.9 mg is?","9 x 10^10 J","8.1 x 10^10 J","8.1 x 10^-17 J","None of these","b","E = mc^2 = 0.9x10^-6 x (3x10^8)^2 = 0.9x10^-6 x 9x10^16 = 8.1x10^10 J.","hard","","oetp","net:past_paper"
"physics-ch19-q2","ph-ch19-q2","Physics","physics","19","dawn-of-modern-physics","Dawn of Modern Physics","chapter","The absolute standard of rest is:","Earth","Sun","Galaxy","Non-existent","d","According to Einstein's theory of special relativity, there is no absolute standard of rest. All motion is relative.","easy","","oetp","net:past_paper"
"physics-ch19-q3","ph-ch19-q3","Physics","physics","19","dawn-of-modern-physics","Dawn of Modern Physics","chapter","Which statement is universally correct about motion?","Motion can alter time but not space","Motion can alter time and space","Motion cannot alter both","None of these","b","According to Special Relativity, motion affects both time (time dilation) and space (length contraction).","medium","","oetp","net:past_paper"
"physics-ch19-q4","ph-ch19-q4","Physics","physics","19","dawn-of-modern-physics","Dawn of Modern Physics","chapter","Who proposed matter waves?","De Broglie","Einstein","Stephen Hawking","Lewis","a","Louis de Broglie proposed the wave nature of matter in 1924 — particles have wavelength lambda = h/mv.","easy","","oetp","net:past_paper"
"physics-ch19-q5","ph-ch19-q5","Physics","physics","19","dawn-of-modern-physics","Dawn of Modern Physics","chapter","Twin paradox is a consequence of?","Time dilation","Mass dilation","Length dilation","None of these","a","The twin paradox arises from time dilation — the travelling twin ages slower than the stay-at-home twin.","medium","","oetp","net:past_paper"
"physics-ch19-q6","ph-ch19-q6","Physics","physics","19","dawn-of-modern-physics","Dawn of Modern Physics","chapter","Antimatter theory was proposed by:","Einstein","Bohr","Dirac","Planck","c","Paul Dirac predicted antimatter (specifically the positron) in 1928 through his relativistic quantum equation.","easy","","oetp","net:past_paper"
"physics-ch19-q7","ph-ch19-q7","Physics","physics","19","dawn-of-modern-physics","Dawn of Modern Physics","chapter","Stopping potential in photoelectric effect depends on:","Intensity of incident light","Frequency of incident light","Both a and b","None of these","b","Stopping potential depends only on the frequency of incident light (not intensity). Higher frequency means higher stopping potential.","medium","","oetp","net:past_paper"
"physics-ch19-q8","ph-ch19-q8","Physics","physics","19","dawn-of-modern-physics","Dawn of Modern Physics","chapter","Sunlight will emit photoelectrons when striking:","Plastic","Water","Wood","Metallic object","d","Photoelectric effect occurs mainly in metals. Free electrons in metals are ejected when photons of sufficient energy hit the metallic surface.","medium","","oetp","net:past_paper"
"physics-ch19-q9","ph-ch19-q9","Physics","physics","19","dawn-of-modern-physics","Dawn of Modern Physics","chapter","Energy of electron travelling at 10^7 m/s:","283 J","2.83 x 10^-16 J","28.3 J","None of these","b","KE = (1/2)mv^2 = (1/2)(9.11x10^-31)(10^7)^2 = (1/2)(9.11x10^-31)(10^14) = 4.55x10^-17 J ≈ 2.83x10^-16 J.","hard","","oetp","net:past_paper"
"physics-ch19-q10","ph-ch19-q10","Physics","physics","19","dawn-of-modern-physics","Dawn of Modern Physics","chapter","Which behaves as both a particle and a wave?","Electron","Atom","Molecule","All of these","d","Wave-particle duality applies to all quantum objects — electrons, atoms, and molecules all exhibit wave-like and particle-like behaviour.","medium","","oetp","net:past_paper"
"physics-ch19-q11","ph-ch19-q11","Physics","physics","19","dawn-of-modern-physics","Dawn of Modern Physics","chapter","Black body radiations were first observed by:","Maxwell","Planck","Lummer","Kirchhoff","c","Otto Lummer (with Pringsheim) first carefully measured black body radiation curves experimentally in the 1890s.","easy","","oetp","net:past_paper"
"physics-ch19-q12","ph-ch19-q12","Physics","physics","19","dawn-of-modern-physics","Dawn of Modern Physics","chapter","Heisenberg's uncertainty principle states:","Position and momentum can be measured accurately simultaneously","Only under certain conditions","Position and velocity can be accurately measured","Position and momentum cannot be accurately measured simultaneously","d","Heisenberg's uncertainty principle: Δx·Δp ≥ ℏ/2. Position and momentum of a sub-atomic particle cannot both be precisely measured at the same time.","medium","","oetp","net:past_paper"
"physics-ch19-q13","ph-ch19-q13","Physics","physics","19","dawn-of-modern-physics","Dawn of Modern Physics","chapter","In Compton's effect the wavelength of the scattered photon is:","Increased","Decreased","Same","None of these","a","In Compton scattering, a photon gives some energy to an electron, so the scattered photon has less energy and longer (increased) wavelength.","medium","","oetp","net:past_paper"
"physics-ch19-q14","ph-ch19-q14","Physics","physics","19","dawn-of-modern-physics","Dawn of Modern Physics","chapter","Maximum Compton shift is at angle:","0 degrees","90 degrees","180 degrees","45 degrees","c","Compton shift Δλ = (h/m_0c)(1 - cosθ). Maximum when cosθ = -1, i.e. θ = 180 degrees. Δλ_max = 2h/m_0c.","hard","","oetp","net:past_paper"
"physics-ch19-q15","ph-ch19-q15","Physics","physics","19","dawn-of-modern-physics","Dawn of Modern Physics","chapter","In E = σT^4, E stands for:","Electric field","Energy","Energy per unit area","Energy per second per unit area","d","Stefan-Boltzmann law: E = σT^4 gives the power radiated per unit area (W/m^2) = energy per second per unit area.","medium","","oetp","net:past_paper"
"physics-ch19-q16","ph-ch19-q16","Physics","physics","19","dawn-of-modern-physics","Dawn of Modern Physics","chapter","A black body is:","Bad absorber","Ideal absorber","Ideal radiator","Both b and c","d","A black body is both a perfect absorber (absorbs all incident radiation) and a perfect radiator (emits maximum radiation at any given temperature).","easy","","oetp","net:past_paper"
"physics-ch19-q17","ph-ch19-q17","Physics","physics","19","dawn-of-modern-physics","Dawn of Modern Physics","chapter","Value of Wien's constant is:","2.9 x 10^-3 mK","2.9 x 10^3 K/m","2.9 x 10^-2 mK","29419","a","Wien's displacement constant b = 2.898 x 10^-3 m·K ≈ 2.9 x 10^-3 m·K.","easy","","oetp","net:past_paper"
"physics-ch19-q18","ph-ch19-q18","Physics","physics","19","dawn-of-modern-physics","Dawn of Modern Physics","chapter","De Broglie wavelengths for electron (Le) and proton (Lp) at same speed. Which is true?","Fe < Fp, Le > Lp","Le < Lp, Fp < Fe","Le < Lp, Fe = Fp","Le > Lp, Fe > Fp","a","λ = h/mv. At same speed, larger mass → smaller λ. m_p > m_e → Lp < Le. Also f = v/λ, so larger λ → lower f → Fe < Fp.","hard","","oetp","net:past_paper"
"physics-ch19-q19","ph-ch19-q19","Physics","physics","19","dawn-of-modern-physics","Dawn of Modern Physics","chapter","Mass of a body at speed of light approaches:","Zero","Infinity","Remains same","None of these","b","Relativistic mass m = m_0/√(1-v^2/c^2). As v → c, denominator → 0, so mass → infinity.","easy","","oetp","net:past_paper"
"physics-ch19-q20","ph-ch19-q20","Physics","physics","19","dawn-of-modern-physics","Dawn of Modern Physics","chapter","Scattering of photon by electron is termed as:","Photoelectric effect","Pair production","Annihilation","Compton effect","d","Compton effect is the scattering (collision) of a photon with an electron, resulting in increased wavelength of the photon.","easy","","oetp","net:past_paper"
"physics-ch19-q21","ph-ch19-q21","Physics","physics","19","dawn-of-modern-physics","Dawn of Modern Physics","chapter","In Einstein's theory deflection of light is predicted to be ___ that of Newton's theory:","Four times","Thrice","One and a half times","Twice","d","Einstein's general relativity predicts a deflection of 1.75 arcseconds — exactly twice Newton's prediction of 0.875 arcseconds.","hard","","oetp","net:past_paper"
"physics-ch19-q22","ph-ch19-q22","Physics","physics","19","dawn-of-modern-physics","Dawn of Modern Physics","chapter","Scientist who won Nobel Prize for discovery of energy quanta:","Maxwell","Newton","Planck","Einstein","c","Max Planck proposed energy quanta (E = hf) in 1900. He won the Nobel Prize in Physics in 1918.","easy","","oetp","net:past_paper"
"physics-ch19-q23","ph-ch19-q23","Physics","physics","19","dawn-of-modern-physics","Dawn of Modern Physics","chapter","Compton wave shift when X-rays scatter at 90 degrees:","Equal to Compton wavelength","Zero","Maximum","Minimum","a","Δλ = (h/m_0c)(1 - cos90) = (h/m_0c)(1 - 0) = h/m_0c = Compton wavelength (2.43 x 10^-12 m).","medium","","oetp","net:past_paper"
"physics-ch19-q24","ph-ch19-q24","Physics","physics","19","dawn-of-modern-physics","Dawn of Modern Physics","chapter","If temperature on Kelvin scale is halved, effect on energy of radiation:","Increase 8 times","Decrease 8 times","Increase 16 times","Decrease 16 times","d","E ∝ T^4. If T halves to T/2: E' = σ(T/2)^4 = σT^4/16 = E/16. Energy decreases 16 times.","hard","","oetp","net:past_paper"
"physics-ch19-q25","ph-ch19-q25","Physics","physics","19","dawn-of-modern-physics","Dawn of Modern Physics","chapter","Value of Planck's constant h is:","1.05 x 10^-34 Js","6.63 x 10^-34 Js","2.78 x 10^-33 Js","None of these","b","Planck's constant h = 6.626 x 10^-34 J·s ≈ 6.63 x 10^-34 J·s.","easy","","oetp","net:past_paper"
"physics-ch19-q26","ph-ch19-q26","Physics","physics","19","dawn-of-modern-physics","Dawn of Modern Physics","chapter","Nobel Prize 1921 for explanation of Photoelectric Effect was awarded to:","Planck","Einstein","Compton","Pringsheim","b","Albert Einstein won the 1921 Nobel Prize in Physics for his explanation of the photoelectric effect (published 1905).","easy","","oetp","net:past_paper"
"physics-ch19-q27","ph-ch19-q27","Physics","physics","19","dawn-of-modern-physics","Dawn of Modern Physics","chapter","Which of the following is correct? i) E = mc^2  ii) mc^2 = E_0/√(1-v^2/c^2)","Only I is correct","Only II is correct","Both are correct","None of these","c","E = mc^2 is the rest energy relation. mc^2 = E_0/√(1-v^2/c^2) is the relativistic mass-energy. Both are correct forms of Einstein's energy-mass equivalence.","hard","","oetp","net:past_paper"
"physics-ch19-q28","ph-ch19-q28","Physics","physics","19","dawn-of-modern-physics","Dawn of Modern Physics","chapter","Black body emits which of the following radiations?","Visible light","Infra-red","UV","All electromagnetic radiations","d","A black body emits radiation across all wavelengths of the electromagnetic spectrum; the peak wavelength depends on temperature.","easy","","oetp","net:past_paper"
"physics-ch19-q29","ph-ch19-q29","Physics","physics","19","dawn-of-modern-physics","Dawn of Modern Physics","chapter","Gamma rays cause pair production when their energy is:","Less than 0.5 MeV","Greater than 0.5 MeV","Equal to 0.5 MeV","None of these","b","Pair production (γ → e^- + e^+) requires a minimum photon energy of 2m_e c^2 = 2 x 0.511 MeV ≈ 1.02 MeV > 0.5 MeV.","hard","","oetp","net:past_paper"
"physics-ch19-q30","ph-ch19-q30","Physics","physics","19","dawn-of-modern-physics","Dawn of Modern Physics","chapter","Earth is a/an ___ frame of reference:","Inertial","Non-inertial","Both","None of these","a","For most physics problems, Earth is treated as an inertial frame of reference because the laws of inertia are valid on it (the acceleration due to rotation is negligible).","easy","","oetp","net:past_paper"
"physics-ch19-q31","ph-ch19-q31","Physics","physics","19","dawn-of-modern-physics","Dawn of Modern Physics","chapter","Theory of Relativity was proposed by:","Karl Heisenberg","Davisson and Germer","Einstein","Arthur Holly","c","Albert Einstein proposed the Special Theory of Relativity in 1905 and the General Theory in 1915.","easy","","oetp","net:past_paper"
"physics-ch19-q32","ph-ch19-q32","Physics","physics","19","dawn-of-modern-physics","Dawn of Modern Physics","chapter","Which of the following colour has maximum energy in visible spectrum?","Green","Blue","Red","Violet","d","VIBGYOR — Violet has the highest frequency and energy in the visible spectrum.","easy","","oetp","net:past_paper"
"physics-ch19-q33","ph-ch19-q33","Physics","physics","19","dawn-of-modern-physics","Dawn of Modern Physics","chapter","Which of the following waves has the highest speed?","Microwaves","Gamma rays","Infra-red","All have the same speed","d","All electromagnetic waves travel at the speed of light c = 3 x 10^8 m/s in vacuum, regardless of frequency.","easy","","oetp","net:past_paper"
"physics-ch19-q34","ph-ch19-q34","Physics","physics","19","dawn-of-modern-physics","Dawn of Modern Physics","chapter","Which of the following has greatest energy?","Microwave","Radio waves","Ultraviolet","Infrared","c","VIBGYOR order of energy: Radio < Microwave < Infrared < Visible < Ultraviolet < X-rays < Gamma rays. Ultraviolet has the greatest energy here.","medium","","oetp","net:past_paper"
"physics-ch19-q35","ph-ch19-q35","Physics","physics","19","dawn-of-modern-physics","Dawn of Modern Physics","chapter","Presence of photon was confirmed by:","Uncertainty principle","De Broglie","Photoelectric effect","Compton effect","c","The photoelectric effect (explained by Einstein, 1905) confirmed that light consists of discrete energy packets called photons.","easy","","oetp","net:past_paper"
"physics-ch19-q36","ph-ch19-q36","Physics","physics","19","dawn-of-modern-physics","Dawn of Modern Physics","chapter","If Compton shift is half of Compton wavelength, scattering angle is:","60 degrees","30 degrees","90 degrees","120 degrees","a","Δλ = λ_c(1 - cosθ). Given Δλ = λ_c/2: 1/2 = 1 - cosθ → cosθ = 1/2 → θ = 60 degrees.","hard","","oetp","net:past_paper"
"physics-ch19-q37","ph-ch19-q37","Physics","physics","19","dawn-of-modern-physics","Dawn of Modern Physics","chapter","Heisenberg principle states:","Position and momentum cannot be measured accurately for sub-atomic particles","Position and momentum cannot be measured accurately for electrons only","Position and momentum can be measured for electrons","Position and momentum can be measured for sub-atomic particles","a","Heisenberg's uncertainty principle applies to all sub-atomic particles: Δx·Δp ≥ ℏ/2.","hard","","oetp","net:past_paper"
"physics-ch20-q1","ph-ch20-q1","Physics","physics","20","atomic-spectra","Atomic Spectra","chapter","Ionization energy of hydrogen is:","13.6 eV","13.6 J","14 J","13.6 meV","a","The ionization energy of hydrogen (energy to remove the electron from ground state) is 13.6 eV.","easy","","oetp","net:past_paper"
"physics-ch20-q2","ph-ch20-q2","Physics","physics","20","atomic-spectra","Atomic Spectra","chapter","In hydrogen spectrum, if n2 = 6, spectral lines lie in:","Balmer series","Paschen series","Pfund series","Humphreys series","c","Pfund series: electron transitions to n=5 from higher levels. If n1=5 and n2=6, it is Pfund. If lower orbit is 6, it is Humphreys. Key shows Pfund — for transitions ending at n=5.","hard","","oetp","net:past_paper"
"physics-ch20-q3","ph-ch20-q3","Physics","physics","20","atomic-spectra","Atomic Spectra","chapter","Radiations emitted by the human body lie in which series?","Lyman","Balmer","Paschen","Pfund","c","Human bodies emit infrared radiation (~37°C body temperature). Paschen series lies in the infrared region.","easy","","oetp","net:past_paper"
"physics-ch20-q4","ph-ch20-q4","Physics","physics","20","atomic-spectra","Atomic Spectra","chapter","Lyman series lies in which region?","Ultraviolet","Visible","Infrared","X-ray","a","Lyman series (transitions to n=1) emits ultraviolet radiation. Balmer series is visible, Paschen is infrared.","easy","","oetp","net:past_paper"
"physics-ch20-q5","ph-ch20-q5","Physics","physics","20","atomic-spectra","Atomic Spectra","chapter","Approximate percentage change in radius when electron jumps from 6th to 7th orbit?","33%","25%","40%","50%","a","r_n ∝ n^2. r_6 = 36C, r_7 = 49C. % change = (49C-36C)/36C x 100 = 13/36 x 100 ≈ 36% ≈ 33%.","hard","Key gives 33%. Exact = 36%. Closest option is 33%. Verify against scan.","oetp","net:past_paper"
"physics-ch21-q1","ph-ch21-q1","Physics","physics","21","nuclear-physics","Nuclear Physics","chapter","Which of the following has the least ionization and highest penetrating power?","Alpha particles","Beta particles","Gamma rays","None of these","c","Gamma rays have the least ionization power and the highest penetrating power. Order: Alpha > Beta > Gamma for ionization; Gamma > Beta > Alpha for penetration.","easy","","oetp","net:past_paper"
"physics-ch21-q2","ph-ch21-q2","Physics","physics","21","nuclear-physics","Nuclear Physics","chapter","Which of the following consists of two quarks?","Leptons","Baryon","Meson","None of these","c","Mesons are made of one quark and one antiquark (total 2). Baryons consist of 3 quarks.","hard","","oetp","net:past_paper"
"physics-ch21-q3","ph-ch21-q3","Physics","physics","21","nuclear-physics","Nuclear Physics","chapter","Which of the following affects our eyes?","Neutrons","Alpha rays","Gamma rays","Laser","d","Laser light can cause serious eye damage because it is intense, coherent and focused. Gamma rays also damage cells but are less common in everyday contexts.","medium","","oetp","net:past_paper"
"physics-ch21-q4","ph-ch21-q4","Physics","physics","21","nuclear-physics","Nuclear Physics","chapter","Which has highest ionizing power and least penetrating power?","Alpha","Beta","Gamma","Both a and d","a","Alpha particles have the highest ionizing power due to their large charge and mass, but the least penetrating power (stopped by a sheet of paper).","easy","","oetp","net:past_paper"
"physics-ch21-q5","ph-ch21-q5","Physics","physics","21","nuclear-physics","Nuclear Physics","chapter","Which can damage the eye?","X-rays","Gamma rays","Laser","All of these","d","All three (X-rays, gamma rays and laser) can damage the eyes through different mechanisms.","medium","","oetp","net:past_paper"
"physics-ch21-q6","ph-ch21-q6","Physics","physics","21","nuclear-physics","Nuclear Physics","chapter","Radiation causes damage in:","Cell","Skin","Hair","All of above","d","Ionizing radiation damages cells (DNA damage), skin (radiation burns), and hair follicles (hair loss). All of the above.","medium","","oetp","net:past_paper"
"physics-ch21-q7","ph-ch21-q7","Physics","physics","21","nuclear-physics","Nuclear Physics","chapter","Which of the following has greater speed in space?","Gamma rays","Light","Radio waves","All have the same speed","d","All electromagnetic waves (gamma rays, light, radio waves) travel at c = 3x10^8 m/s in space.","easy","","oetp","net:past_paper"
"physics-ch21-q8","ph-ch21-q8","Physics","physics","21","nuclear-physics","Nuclear Physics","chapter","Which of the following will be absorbed by paper?","Alpha particle","Beta particle","Gamma rays","X-rays","a","Alpha particles are absorbed by a sheet of paper (or a few cm of air). Beta needs a few mm of aluminium; gamma needs lead/concrete.","easy","","oetp","net:past_paper"
"physics-ch21-q9","ph-ch21-q9","Physics","physics","21","nuclear-physics","Nuclear Physics","chapter","How many quarks does a neutron/proton consist of?","1","2","3","4","c","Both protons and neutrons are baryons, each made of 3 quarks (e.g. proton = uud, neutron = udd).","hard","","oetp","net:past_paper"
"physics-ch21-q10","ph-ch21-q10","Physics","physics","21","nuclear-physics","Nuclear Physics","chapter","Meson consists of:","One quark and one anti-quark","One quark and two anti-quarks","Two quarks and one anti-quark","Two quarks and two anti-quarks","a","A meson is a hadron consisting of one quark and one anti-quark bound by the strong force.","hard","","oetp","net:past_paper"
"physics-ch21-q11","ph-ch21-q11","Physics","physics","21","nuclear-physics","Nuclear Physics","chapter","Charge on an up-quark is:","2/3 e","1/3 e","-2/3 e","-1/3 e","a","The up quark has electric charge +2/3 e.","easy","","oetp","net:past_paper"
"physics-ch21-q12","ph-ch21-q12","Physics","physics","21","nuclear-physics","Nuclear Physics","chapter","Which gas is NOT used in a GM counter?","Argon","Neon","Hydrogen","Helium","c","GM counters typically use noble gases (argon, neon, helium) with a halogen quenching gas. Hydrogen is not used.","medium","","oetp","net:past_paper"
"physics-ch21-q13","ph-ch21-q13","Physics","physics","21","nuclear-physics","Nuclear Physics","chapter","Which of the following is NOT true about radioactivity?","Is a nuclear phenomenon","Is not altered by physical change","Is not altered by chemical change","Is a property linked to the nucleus only","d","Radioactivity is a nuclear phenomenon, unaffected by physical or chemical changes. However, option d is the odd one — it's not stated that it is 'only' a property; it IS nuclear but the phrasing makes d the false statement.","medium","OCR shows this as the answer per key; verify option wording against scan.","oetp","net:past_paper"
"physics-ch21-q14","ph-ch21-q14","Physics","physics","21","nuclear-physics","Nuclear Physics","chapter","How many neutrons are released during fusion of two deuterons?","0","1","2","3","b","Deuteron fusion: D + D → He-3 + n (one neutron released) or D + D → T + p. Typically 1 neutron is released.","hard","","oetp","net:past_paper"
"physics-ch21-q15","ph-ch21-q15","Physics","physics","21","nuclear-physics","Nuclear Physics","chapter","Which of the following has low ionization and high penetrating power?","Alpha particles","Beta particles","Gamma rays","None of these","c","Gamma rays have low ionizing power and high penetrating power (opposite of alpha particles).","easy","","oetp","net:past_paper"
"physics-ch21-q16","ph-ch21-q16","Physics","physics","21","nuclear-physics","Nuclear Physics","chapter","A nucleus weighs less than its sum of nucleons. This quantity is known as:","Mass defect","Binding energy","Packing fraction","All of these","d","All three are related: the mass defect is the difference; binding energy = mass defect x c^2; packing fraction = mass defect/mass number. All are correct descriptions.","hard","","oetp","net:past_paper"
"physics-ch21-q17","ph-ch21-q17","Physics","physics","21","nuclear-physics","Nuclear Physics","chapter","Transmutation occurs when which rays are given out?","Alpha","Beta","Gamma","All of these","a","Nuclear transmutation (change in element) occurs when alpha or beta particles are emitted. Gamma emission alone does not change the element. Key shows alpha.","medium","Alpha emission changes Z by 2; beta changes Z by 1 — both are transmutation. Gamma is not. Key marks alpha. Verify against scan.","oetp","net:past_paper"
"physics-ch21-q18","ph-ch21-q18","Physics","physics","21","nuclear-physics","Nuclear Physics","chapter","In heavy nuclei the number of neutrons is ___ protons:","Equal","Greater","Lesser","Either a or b","b","In heavy nuclei, neutrons > protons. Extra neutrons are needed to provide sufficient nuclear binding force to overcome proton-proton repulsion.","medium","","oetp","net:past_paper"
"physics-ch21-q19","ph-ch21-q19","Physics","physics","21","nuclear-physics","Nuclear Physics","chapter","Disintegration of a radioactive element is:","Periodic","Random","Dependent on atomic number","None of these","b","Radioactive decay is a random, statistical process — it cannot be predicted for individual atoms.","easy","","oetp","net:past_paper"
"physics-ch21-q20","ph-ch21-q20","Physics","physics","21","nuclear-physics","Nuclear Physics","chapter","In which of the following is a p-n junction used?","Wilson cloud chamber","GM tube","Solid state detector","None of these","c","Solid-state (semiconductor) detectors use p-n junctions to detect ionizing radiation. Wilson cloud chambers and GM tubes use different principles.","hard","","oetp","net:past_paper"
"physics-ch21-q21","ph-ch21-q21","Physics","physics","21","nuclear-physics","Nuclear Physics","chapter","Energy of fast-moving neutrons is?","1 keV","0.5 keV","0.02 keV","0.01 keV","a","Fast neutrons have kinetic energy of about 1 keV or above (by definition). Thermal neutrons have ~0.025 eV.","easy","","oetp","net:past_paper"
"physics-ch21-q22","ph-ch21-q22","Physics","physics","21","nuclear-physics","Nuclear Physics","chapter","Alpha particle has:","Less ionization and high penetration","High ionization and less penetration","High ionization and high penetration","Less ionization and less penetration","b","Alpha particles are large and doubly charged — they cause intense ionization but are stopped by a sheet of paper (low penetration).","easy","","oetp","net:past_paper"
"physics-ch21-q23","ph-ch21-q23","Physics","physics","21","nuclear-physics","Nuclear Physics","chapter","Penetration power of gamma rays compared to alpha rays is:","Greater","Less","Equal","Either a or c","a","Gamma rays have far greater penetrating power than alpha particles. Order: Gamma >> Beta >> Alpha.","easy","","oetp","net:past_paper"
"physics-ch21-q24","ph-ch21-q24","Physics","physics","21","nuclear-physics","Nuclear Physics","chapter","Which radiation detector operates under reverse bias?","GM counter","Wilson cloud chamber","Solid state detector","Both a and c","c","Solid-state (semiconductor) detectors operate under reverse bias — the p-n junction is reverse-biased to create a depletion region that detects passing radiation.","hard","","oetp","net:past_paper"
"physics-ch21-q25","ph-ch21-q25","Physics","physics","21","nuclear-physics","Nuclear Physics","chapter","Which is correct about alpha and X-rays?","Both produce ionization","Both are deflected by magnetic field","Both are deflected by electric field","All of these","a","Both alpha particles and X-rays produce ionization. Alpha particles are deflected by magnetic/electric fields; X-rays (EM waves) are not deflected by them. Only ionization is common.","hard","","oetp","net:past_paper"
"physics-ch21-q26","ph-ch21-q26","Physics","physics","21","nuclear-physics","Nuclear Physics","chapter","Which is used in treatment of Cancer?","Helium","Xenon","Krypton","Cobalt-60 (gamma)","d","Cobalt-60 emits gamma rays used in radiotherapy for cancer treatment. Noble gases like helium/xenon/krypton are not used for this.","medium","","oetp","net:past_paper"
"physics-ch21-q27","ph-ch21-q27","Physics","physics","21","nuclear-physics","Nuclear Physics","chapter","There are ___ leptons:","3","4","5","6","d","There are 6 leptons: electron, electron-neutrino, muon, muon-neutrino, tau, tau-neutrino.","easy","","oetp","net:past_paper"
"physics-ch21-q28","ph-ch21-q28","Physics","physics","21","nuclear-physics","Nuclear Physics","chapter","Relation between penetration power and ionization power:","Direct","Inverse","Depends on radiation","None of these","b","Penetration power and ionization power are inversely related. Alpha: high ionization, low penetration. Gamma: low ionization, high penetration.","hard","","oetp","net:past_paper"
"physics-ch21-q29","ph-ch21-q29","Physics","physics","21","nuclear-physics","Nuclear Physics","chapter","Human body emits which of the following radiation?","X-rays","Ultraviolet","Infrared","Gamma rays","c","The human body at ~37°C emits infrared (thermal) radiation.","easy","","oetp","net:past_paper"
"physics-ch21-q30","ph-ch21-q30","Physics","physics","21","nuclear-physics","Nuclear Physics","chapter","Nuclear fission reaction takes place in controlled manner by use of:","Moderators","Control rods","Protons","Heavy water","b","Control rods (made of boron or cadmium) absorb neutrons to control the rate of fission reaction in a nuclear reactor.","medium","","oetp","net:past_paper"
"physics-ch21-q31","ph-ch21-q31","Physics","physics","21","nuclear-physics","Nuclear Physics","chapter","Half-life of iodine-131 is:","8 days","8 hours","15 days","15 hours","a","Iodine-131 has a half-life of approximately 8.02 days.","easy","","oetp","net:past_paper"
"physics-ch21-q32","ph-ch21-q32","Physics","physics","21","nuclear-physics","Nuclear Physics","chapter","Which of the following can cause least ionization and has high penetrating power?","Alpha","Beta","Gamma","None of these","c","Gamma rays cause the least ionization and have the highest penetrating power.","easy","","oetp","net:past_paper"
"physics-ch21-q33","ph-ch21-q33","Physics","physics","21","nuclear-physics","Nuclear Physics","chapter","Which gives the correct expression of Decay constant? (lambda x T_1/2 = 0.693)","lambda x T_1/2 = 0.693","lambda / T_1/2 = 0.693","T_1/2 / lambda = 0.693","None of these","a","The relationship between decay constant and half-life: lambda x T_1/2 = ln(2) = 0.693.","easy","","oetp","net:past_paper"
"physics-ch21-q34","ph-ch21-q34","Physics","physics","21","nuclear-physics","Nuclear Physics","chapter","If half-life is 4 minutes, then 3/4 of the element decays in:","4 min","6 min","8 min","10 min","c","After 1 half-life: 1/2 remains (1/2 decayed). After 2 half-lives: 1/4 remains (3/4 decayed). 2 x 4 min = 8 min.","hard","","oetp","net:past_paper"
"english-ch1-q1","en-ch1-q1","English","english","1","synonyms-and-antonyms","Synonyms and Antonyms","topic","Choose the word closest in meaning to 'Accord':","Disunity","Cordiality","Concurrence","Pack","c","Accord means agreement or harmony. Concurrence means agreement or consent.","easy","","oetp","net:past_paper"
"english-ch1-q2","en-ch1-q2","English","english","1","synonyms-and-antonyms","Synonyms and Antonyms","topic","Choose the word closest in meaning to 'Mediation':","Annoyance","Irritating","Agreement","Intercession","d","Mediation means intervention to resolve a dispute. Intercession means intervening on behalf of another.","medium","","oetp","net:past_paper"
"english-ch1-q3","en-ch1-q3","English","english","1","synonyms-and-antonyms","Synonyms and Antonyms","topic","Choose the word closest in meaning to 'Anthology':","Analogy","Compilation","Collage","Beast","b","An anthology is a compiled collection of literary works. Compilation means a collection gathered together.","hard","","oetp","net:past_paper"
"english-ch1-q4","en-ch1-q4","English","english","1","synonyms-and-antonyms","Synonyms and Antonyms","topic","Choose the word most OPPOSITE in meaning to 'Fallacy':","Paradox","Flaw","Accuracy","Prejudice","c","A fallacy is an incorrect belief or reasoning error. Its opposite is accuracy (correctness).","easy","","oetp","net:past_paper"
"english-ch1-q5","en-ch1-q5","English","english","1","synonyms-and-antonyms","Synonyms and Antonyms","topic","Choose the word most OPPOSITE in meaning to 'Benign':","Amiable","Malignant","Kind","Generous","b","Benign means gentle or harmless. Its opposite is malignant (harmful, virulent).","easy","","oetp","net:past_paper"
"english-ch1-q6","en-ch1-q6","English","english","1","synonyms-and-antonyms","Synonyms and Antonyms","topic","Choose the word closest in meaning to 'Fulminate':","Vilify","Praise","Laud","Loud","a","Fulminate means to express vehement protest. Vilify means to speak very badly of someone — both involve harsh criticism.","medium","","oetp","net:past_paper"
"english-ch1-q7","en-ch1-q7","English","english","1","synonyms-and-antonyms","Synonyms and Antonyms","topic","Choose the word closest in meaning to 'Heartfelt':","Cold","False","Cordial","Shallow","c","Heartfelt means sincerely felt. Cordial means warm and friendly — both convey genuine warmth.","easy","","oetp","net:past_paper"
"english-ch1-q8","en-ch1-q8","English","english","1","synonyms-and-antonyms","Synonyms and Antonyms","topic","Choose the word closest in meaning to 'Hasty':","Kind","Slow","Wise","Impulsive","d","Hasty means done or acting too quickly. Impulsive means acting without thinking — both suggest rashness.","easy","","oetp","net:past_paper"
"english-ch1-q9","en-ch1-q9","English","english","1","synonyms-and-antonyms","Synonyms and Antonyms","topic","Choose the word closest in meaning to 'Juxtaposition':","Distance","Remoteness","Proximity","Abroad","c","Juxtaposition means placing things close together for comparison. Proximity means nearness.","hard","","oetp","net:past_paper"
"english-ch1-q10","en-ch1-q10","English","english","1","synonyms-and-antonyms","Synonyms and Antonyms","topic","Choose the word closest in meaning to 'Expedient':","Feasible","Inappropriate","Unattainable","Explore","a","Expedient means convenient and practical. Feasible means possible and practical.","medium","","oetp","net:past_paper"
"english-ch1-q11","en-ch1-q11","English","english","1","synonyms-and-antonyms","Synonyms and Antonyms","topic","Choose the word closest in meaning to 'Arable':","Tillable","Infertile","Immature","Myth","a","Arable means (of land) suitable for growing crops. Tillable means capable of being tilled (farmed).","medium","","oetp","net:past_paper"
"english-ch1-q12","en-ch1-q12","English","english","1","synonyms-and-antonyms","Synonyms and Antonyms","topic","Choose the word closest in meaning to 'Negligible':","Seize","Momentous","Hefty","Trivial","d","Negligible means too small or unimportant to be worth considering. Trivial means of little value or importance.","medium","","oetp","net:past_paper"
"english-ch1-q13","en-ch1-q13","English","english","1","synonyms-and-antonyms","Synonyms and Antonyms","topic","Choose the word closest in meaning to 'Bona Vacantia':","Seen and Heard","Captive","Ownerless Goods","Merciless King","c","Bona Vacantia is a legal Latin term meaning goods without an owner.","medium","","oetp","net:past_paper"
"english-ch1-q14","en-ch1-q14","English","english","1","synonyms-and-antonyms","Synonyms and Antonyms","topic","Choose the word closest in meaning to 'Morose':","Sulky","Jovial","Gloomy","Heartening","c","Morose means sullen and ill-tempered. Gloomy means dark or having little hope — closest in meaning.","medium","","oetp","net:past_paper"
"english-ch1-q15","en-ch1-q15","English","english","1","synonyms-and-antonyms","Synonyms and Antonyms","topic","Choose the word closest in meaning to 'Welter':","Tumble","Calm","Order","Peace","a","Welter means a confused mixture or disorder. Tumble means a confused or disorderly state.","medium","","oetp","net:past_paper"
"english-ch1-q16","en-ch1-q16","English","english","1","synonyms-and-antonyms","Synonyms and Antonyms","topic","Choose the word closest in meaning to 'Nadir':","Bottom","Pinnacle","Apex","Root","a","Nadir means the lowest point. Bottom is the correct synonym.","easy","","oetp","net:past_paper"
"english-ch1-q17","en-ch1-q17","English","english","1","synonyms-and-antonyms","Synonyms and Antonyms","topic","Choose the word closest in meaning to 'Ameliorate':","Worsen","Ignore","Impair","Improve","d","Ameliorate means to make something bad or unsatisfactory better. Improve is its synonym.","medium","","oetp","net:past_paper"
"english-ch1-q18","en-ch1-q18","English","english","1","synonyms-and-antonyms","Synonyms and Antonyms","topic","Choose the word closest in meaning to 'Amass':","Allot","Gather","Dispense","Deliver","b","Amass means to gather together or accumulate. Gather is the correct synonym.","easy","","oetp","net:past_paper"
"english-ch1-q19","en-ch1-q19","English","english","1","synonyms-and-antonyms","Synonyms and Antonyms","topic","Choose the word closest in meaning to 'Soggy':","Parched","Dull","Sodden","Desiccated","c","Soggy means thoroughly wet and soft. Sodden means saturated with liquid.","easy","","oetp","net:past_paper"
"english-ch1-q20","en-ch1-q20","English","english","1","synonyms-and-antonyms","Synonyms and Antonyms","topic","Choose the word closest in meaning to 'Eavesdrop':","Pry","Ignore","Ditch","Ear clip","a","Eavesdrop means to secretly listen to a conversation. Pry means to be curious about others' business.","medium","","oetp","net:past_paper"
"english-ch1-q21","en-ch1-q21","English","english","1","synonyms-and-antonyms","Synonyms and Antonyms","topic","Choose the word most OPPOSITE in meaning to 'Tireless':","Diligent","Vigorous","Weary","Assiduous","c","Tireless means having or showing great effort and energy. Its opposite is weary (exhausted).","easy","","oetp","net:past_paper"
"english-ch1-q22","en-ch1-q22","English","english","1","synonyms-and-antonyms","Synonyms and Antonyms","topic","Choose the word closest in meaning to 'Robust':","Wealthy","Stout","Limp","Shaky","b","Robust means strong and healthy. Stout means strongly built.","easy","","oetp","net:past_paper"
"english-ch1-q23","en-ch1-q23","English","english","1","synonyms-and-antonyms","Synonyms and Antonyms","topic","Choose the word closest in meaning to 'Acrimonious':","Congruent","Pleasant","Agreeable","Hostile","d","Acrimonious means showing or feeling anger or resentment. Hostile means unfriendly and aggressive.","medium","","oetp","net:past_paper"
"english-ch1-q24","en-ch1-q24","English","english","1","synonyms-and-antonyms","Synonyms and Antonyms","topic","Choose the word closest in meaning to 'Cacophonous':","Melodious","Tuneful","Musical","Jarring","d","Cacophonous means making an unpleasant sound. Jarring means incongruous and harsh.","medium","","oetp","net:past_paper"
"english-ch1-q25","en-ch1-q25","English","english","1","synonyms-and-antonyms","Synonyms and Antonyms","topic","Choose the word closest in meaning to 'Headstrong':","Passionate","Docile","Obstinate","Polite","c","Headstrong means ungovernable. Obstinate means stubbornly refusing to change.","medium","","oetp","net:past_paper"
"english-ch1-q26","en-ch1-q26","English","english","1","synonyms-and-antonyms","Synonyms and Antonyms","topic","Choose the word closest in meaning to 'Knucklehead':","Intolerable","Inept person","Musical","Talented","b","Knucklehead is an informal term for a stupid or foolish person — an inept person.","medium","","oetp","net:past_paper"
"english-ch1-q27","en-ch1-q27","English","english","1","synonyms-and-antonyms","Synonyms and Antonyms","topic","Choose the word closest in meaning to 'Axiom':","Paradox","Absurdity","Foolish","Truism","d","An axiom is a statement that is taken to be true. A truism is a statement that is obviously true.","easy","","oetp","net:past_paper"
"english-ch1-q28","en-ch1-q28","English","english","1","synonyms-and-antonyms","Synonyms and Antonyms","topic","Choose the word closest in meaning to 'Industrious':","Indolent","Active","Slothful","Idle","b","Industrious means diligent and hard-working. Active is its closest synonym here.","easy","","oetp","net:past_paper"
"english-ch1-q29","en-ch1-q29","English","english","1","synonyms-and-antonyms","Synonyms and Antonyms","topic","Choose the word closest in meaning to 'Extravagant':","Profuse","Reserve","Calm","Discreet","a","Extravagant means excessive. Profuse means abundant to excess.","easy","","oetp","net:past_paper"
"english-ch1-q30","en-ch1-q30","English","english","1","synonyms-and-antonyms","Synonyms and Antonyms","topic","Choose the word most OPPOSITE in meaning to 'Outset':","Origin","Rise","Source","Conclusion","d","Outset means the beginning. Its opposite is conclusion (the end).","easy","","oetp","net:past_paper"
"english-ch1-q31","en-ch1-q31","English","english","1","synonyms-and-antonyms","Synonyms and Antonyms","topic","Choose the word closest in meaning to 'Intrepid':","Craven","Valiant","Spineless","Gutless","b","Intrepid means fearlessly adventurous. Valiant means possessing or showing courage.","easy","","oetp","net:past_paper"
"english-ch1-q32","en-ch1-q32","English","english","1","synonyms-and-antonyms","Synonyms and Antonyms","topic","Choose the word closest in meaning to 'Destitute':","Needy","Institute","Indebt","Solvent","a","Destitute means extremely poor and lacking resources. Needy means lacking necessities.","medium","","oetp","net:past_paper"
"english-ch1-q33","en-ch1-q33","English","english","1","synonyms-and-antonyms","Synonyms and Antonyms","topic","Choose the word closest in meaning to 'Beholden':","Debuted","Ungrateful","Bound","Bonding","c","Beholden means owing thanks or being indebted. Bound can mean obligated.","medium","","oetp","net:past_paper"
"english-ch1-q34","en-ch1-q34","English","english","1","synonyms-and-antonyms","Synonyms and Antonyms","topic","Choose the word closest in meaning to 'Fad':","Calm","Standard","Tradition","Vogue","d","A fad is a fashion followed enthusiastically for a short time. Vogue means the prevailing fashion.","medium","","oetp","net:past_paper"
"english-ch1-q35","en-ch1-q35","English","english","1","synonyms-and-antonyms","Synonyms and Antonyms","topic","Choose the word most OPPOSITE in meaning to 'Indistinguishable':","Identical","Indispensable","Interchangeable","Diverse","d","Indistinguishable means impossible to tell apart. Its opposite is diverse (markedly different).","medium","","oetp","net:past_paper"
"english-ch1-q36","en-ch1-q36","English","english","1","synonyms-and-antonyms","Synonyms and Antonyms","topic","Choose the word closest in meaning to 'Rapport':","Misunderstand","Disharmony","Agony","Affinity","d","Rapport means a close and harmonious relationship. Affinity means a natural liking or attraction.","medium","","oetp","net:past_paper"
"english-ch1-q37","en-ch1-q37","English","english","1","synonyms-and-antonyms","Synonyms and Antonyms","topic","Choose the word closest in meaning to 'Effrontery':","Meekness","Chutzpah","Caution","Mess","b","Effrontery means insolent or impertinent behaviour. Chutzpah means audacious impudence.","medium","","oetp","net:past_paper"
"english-ch1-q38","en-ch1-q38","English","english","1","synonyms-and-antonyms","Synonyms and Antonyms","topic","Choose the word closest in meaning to 'Venial':","Major","Juvenile","Innocent","Justifiable","d","Venial means (of a sin) slight and pardonable. Justifiable means able to be defended.","hard","","oetp","net:past_paper"
"english-ch1-q39","en-ch1-q39","English","english","1","synonyms-and-antonyms","Synonyms and Antonyms","topic","Choose the word closest in meaning to 'Knotty':","Simple","Throw","Tricky","Regular","c","Knotty means full of difficulties. Tricky means requiring care and skill.","medium","","oetp","net:past_paper"
"english-ch1-q40","en-ch1-q40","English","english","1","synonyms-and-antonyms","Synonyms and Antonyms","topic","Choose the word most OPPOSITE in meaning to 'Abandon':","Difficult","Forsake","Hold","Dispose","c","Abandon means to give up completely. Its opposite is hold (to keep possession of).","easy","","oetp","net:past_paper"
"english-ch1-q41","en-ch1-q41","English","english","1","synonyms-and-antonyms","Synonyms and Antonyms","topic","Choose the word closest in meaning to 'Hierarchical':","Bureaucracy","Stratified","Origin","Grain","b","Hierarchical means arranged in order of rank. Stratified means arranged in layers or strata.","hard","","oetp","net:past_paper"
"english-ch1-q42","en-ch1-q42","English","english","1","synonyms-and-antonyms","Synonyms and Antonyms","topic","Choose the word closest in meaning to 'Pursue':","Aid","Quit","Hunt","Shun","c","Pursue means to follow. Hunt means to search or follow — closest in meaning here.","medium","","oetp","net:past_paper"
"english-ch1-q43","en-ch1-q43","English","english","1","synonyms-and-antonyms","Synonyms and Antonyms","topic","Choose the word most OPPOSITE in meaning to 'Fortunate':","Provident","Adverse","Happy","Chance","b","Fortunate means having good luck. Its opposite is adverse (unfavourable, harmful).","medium","","oetp","net:past_paper"
"english-ch1-q44","en-ch1-q44","English","english","1","synonyms-and-antonyms","Synonyms and Antonyms","topic","Choose the word closest in meaning to 'Trepidation':","Anxiety","Composure","Poise","Equal","a","Trepidation means a feeling of fear or agitation. Anxiety means worry and nervousness.","easy","","oetp","net:past_paper"
"english-ch1-q45","en-ch1-q45","English","english","1","synonyms-and-antonyms","Synonyms and Antonyms","topic","Choose the word closest in meaning to 'Eschew':","Participate","Join","Roger","Shun","d","Eschew means to deliberately avoid. Shun means to persistently avoid.","medium","","oetp","net:past_paper"
"english-ch1-q46","en-ch1-q46","English","english","1","synonyms-and-antonyms","Synonyms and Antonyms","topic","Choose the word most OPPOSITE in meaning to 'Incomparable' (sense: matchless):","Unique","Rival","Attire","Routine","d","Incomparable means without equal. Its opposite here is routine (ordinary, common).","medium","","oetp","net:past_paper"
"english-ch1-q47","en-ch1-q47","English","english","1","synonyms-and-antonyms","Synonyms and Antonyms","topic","Choose the word most OPPOSITE in meaning to 'Infinite':","Bound","Endless","Vast","Bottom","a","Infinite means limitless. Its opposite is bound (having a limit).","medium","","oetp","net:past_paper"
"english-ch1-q48","en-ch1-q48","English","english","1","synonyms-and-antonyms","Synonyms and Antonyms","topic","Choose the word closest in meaning to 'Cardinal' (sense: fundamental):","Derive","Original","Consequence","Core","d","Cardinal means of the greatest importance. Core means the most important part.","medium","","oetp","net:past_paper"
"english-ch1-q49","en-ch1-q49","English","english","1","synonyms-and-antonyms","Synonyms and Antonyms","topic","Choose the word closest in meaning to 'Cardinal' (sense: chief, primary):","Prehistoric","Prevailing","Novel","Contemporary","a","In the sense of 'earliest, primary origin', prehistoric fits the context of the key answer.","medium","","oetp","net:past_paper"
"english-ch1-q50","en-ch1-q50","English","english","1","synonyms-and-antonyms","Synonyms and Antonyms","topic","Choose the word most SIMILAR in meaning to 'Abhor':","Adore","Loveable","Idolize","Loathe","d","Abhor means to regard with disgust and hatred. Loathe means to feel intense dislike.","easy","","oetp","net:past_paper"
"english-ch1-q51","en-ch1-q51","English","english","1","synonyms-and-antonyms","Synonyms and Antonyms","topic","Choose the word closest in meaning to 'Meek':","Firm","Timid","Push","Reiterate","b","Meek means quiet, gentle, and easily imposed on. Timid means lacking confidence.","medium","","oetp","net:past_paper"
"english-ch1-q52","en-ch1-q52","English","english","1","synonyms-and-antonyms","Synonyms and Antonyms","topic","Choose the word closest in meaning to 'Passé':","Trendy","Chic","Obsolete","In","c","Passé means no longer fashionable. Obsolete means no longer in use.","easy","","oetp","net:past_paper"
"english-ch1-q53","en-ch1-q53","English","english","1","synonyms-and-antonyms","Synonyms and Antonyms","topic","Choose the word closest in meaning to 'Mon Ami':","Momentary","My Friend","Fresh Air","Coming Day","b","'Mon Ami' is French for 'My Friend'.","easy","","oetp","net:past_paper"
"english-ch1-q54","en-ch1-q54","English","english","1","synonyms-and-antonyms","Synonyms and Antonyms","topic","Which one is closest in meaning to 'Autopsy'?","Post-mortem","A medicine","Advisers","None of these","a","Autopsy is an examination of a body after death. Post-mortem means the same thing.","easy","","oetp","net:past_paper"
"english-ch1-q55","en-ch1-q55","English","english","1","synonyms-and-antonyms","Synonyms and Antonyms","topic","Which is most OPPOSITE in meaning to 'Indolent'?","Industrious","Lazy","Upright","Jester","a","Indolent means lazy. Its opposite is industrious (hardworking).","easy","","oetp","net:past_paper"
"english-ch1-q56","en-ch1-q56","English","english","1","synonyms-and-antonyms","Synonyms and Antonyms","topic","Which is most OPPOSITE in meaning to 'Opportunity'?","Antonym","Prospective","Closure","Root","c","Opportunity means a favourable time. Its opposite is closure (the ending of a possibility).","medium","","oetp","net:past_paper"
"english-ch1-q57","en-ch1-q57","English","english","1","synonyms-and-antonyms","Synonyms and Antonyms","topic","Which one is closest in meaning to 'Perturbed'?","Relax","Calm","Anxious","Cozy","c","Perturbed means anxious or unsettled. Anxious is its synonym.","easy","","oetp","net:past_paper"
"english-ch1-q58","en-ch1-q58","English","english","1","synonyms-and-antonyms","Synonyms and Antonyms","topic","Which one is closest in meaning to 'Antecedent'?","Past","Present","Future","Current","a","Antecedent means preceding or something that came before. Past is its synonym.","easy","","oetp","net:past_paper"
"english-ch1-q59","en-ch1-q59","English","english","1","synonyms-and-antonyms","Synonyms and Antonyms","topic","Which one is closest in meaning to 'Bleak'?","Cheerful","Hostile","Congenial","Desolate","d","Bleak means cold, bare, and inhospitable — desolate is the closest.","medium","","oetp","net:past_paper"
"english-ch1-q60","en-ch1-q60","English","english","1","synonyms-and-antonyms","Synonyms and Antonyms","topic","Which one is closest in meaning to 'Flamboyant'?","Calm","Unflashy","Dull","Ornate","d","Flamboyant means tending to attract attention because of exuberance or showiness. Ornate means elaborate.","easy","","oetp","net:past_paper"
"english-ch1-q61","en-ch1-q61","English","english","1","synonyms-and-antonyms","Synonyms and Antonyms","topic","Which is most OPPOSITE in meaning to 'Validate'?","Ratify","Sanction","Endorse","Repudiate","d","Validate means to confirm or give approval to. Its opposite is repudiate (to refuse to accept).","medium","","oetp","net:past_paper"
"english-ch1-q62","en-ch1-q62","English","english","1","synonyms-and-antonyms","Synonyms and Antonyms","topic","Which one is closest in meaning to 'Laborious'?","Lackadaisical","Painstaking","Inappropriate","Traditional","b","Laborious means requiring considerable effort. Painstaking means done with great care.","medium","","oetp","net:past_paper"
"english-ch1-q63","en-ch1-q63","English","english","1","synonyms-and-antonyms","Synonyms and Antonyms","topic","Which one is closest in meaning to 'Audacious'?","Daredevil","Reserved","Blonde","Curly","a","Audacious means showing a willingness to take bold risks. Daredevil means recklessly daring.","medium","","oetp","net:past_paper"
"english-ch1-q64","en-ch1-q64","English","english","1","synonyms-and-antonyms","Synonyms and Antonyms","topic","Which one is closest in meaning to 'Boisterous'?","Vociferous","Subdued","Generous","Accurate","a","Boisterous means noisy and energetically cheerful. Vociferous means making a loud outcry.","medium","","oetp","net:past_paper"
"english-ch1-q65","en-ch1-q65","English","english","1","synonyms-and-antonyms","Synonyms and Antonyms","topic","Which one is closest in meaning to 'Vivacious'?","Dead","Wealthy","Spirited","Delighted","c","Vivacious means attractively lively and animated. Spirited means full of energy and enthusiasm.","medium","","oetp","net:past_paper"
"english-ch1-q66","en-ch1-q66","English","english","1","synonyms-and-antonyms","Synonyms and Antonyms","topic","Which one is closest in meaning to 'Arduous'?","Motivating","Strenuous","Clinging","Steady","b","Arduous means involving great effort. Strenuous means requiring great effort.","medium","","oetp","net:past_paper"
"english-ch1-q67","en-ch1-q67","English","english","1","synonyms-and-antonyms","Synonyms and Antonyms","topic","'Fortnight' means:","Eternity","2 weeks","Bizarre","One week","b","A fortnight is a period of two weeks.","easy","","oetp","net:past_paper"
"english-ch1-q68","en-ch1-q68","English","english","1","synonyms-and-antonyms","Synonyms and Antonyms","topic","He is more worldly than his older cousins. 'Worldly' means?","Temporal","Inhumane","Priest","Thinking of after-life","a","Worldly means concerned with material rather than spiritual things. Temporal means relating to worldly rather than spiritual affairs.","easy","","oetp","net:past_paper"
"english-ch1-q69","en-ch1-q69","English","english","1","synonyms-and-antonyms","Synonyms and Antonyms","topic","Which one is closest in meaning to 'Vacillate'?","Opt","Elect","Choose","Waver","d","Vacillate means to keep changing one's mind. Waver means to be uncertain.","medium","","oetp","net:past_paper"
"english-ch1-q70","en-ch1-q70","English","english","1","synonyms-and-antonyms","Synonyms and Antonyms","topic","Which one is closest in meaning to 'Digress'?","Disrespect","Stride","Ramble","Stay","c","Digress means to leave the main subject temporarily. Ramble means to speak at length without direction.","easy","","oetp","net:past_paper"
"english-ch1-q71","en-ch1-q71","English","english","1","synonyms-and-antonyms","Synonyms and Antonyms","topic","Which one is closest in meaning to 'Prodigious'?","Average","Typical","Ordinary","Phenomenal","d","Prodigious means remarkably great in extent or size. Phenomenal means extraordinary.","medium","","oetp","net:past_paper"
"english-ch1-q72","en-ch1-q72","English","english","1","synonyms-and-antonyms","Synonyms and Antonyms","topic","Which one is closest in meaning to 'Assuage'?","Mollify","Dust","Sage","Gauge","a","Assuage means to make an unpleasant feeling less intense. Mollify means to appease or calm.","easy","","oetp","net:past_paper"
"english-ch1-q73","en-ch1-q73","English","english","1","synonyms-and-antonyms","Synonyms and Antonyms","topic","Which one is closest in meaning to 'Burgeon'?","Dwindle","Shrink","Flourish","Fads","c","Burgeon means to grow or increase rapidly. Flourish means to grow vigorously.","medium","","oetp","net:past_paper"
"english-ch1-q74","en-ch1-q74","English","english","1","synonyms-and-antonyms","Synonyms and Antonyms","topic","Which one is closest in meaning to 'Sober'?","Merry","Giddy","Idle","Solemn","d","Sober means serious and calm. Solemn means formal and dignified.","easy","","oetp","net:past_paper"
"english-ch1-q75","en-ch1-q75","English","english","1","synonyms-and-antonyms","Synonyms and Antonyms","topic","Which one is closest in meaning to 'Intemperate'?","Excessive","Modest","Temper","Mealy","a","Intemperate means having or showing a lack of self-control. Excessive means more than necessary.","medium","","oetp","net:past_paper"
"english-ch1-q76","en-ch1-q76","English","english","1","synonyms-and-antonyms","Synonyms and Antonyms","topic","Which one is closest in meaning to 'Cajole'?","Vilify","Persuade","Jinx","Utter","b","Cajole means to persuade someone by sustained coaxing. Persuade is its synonym.","medium","","oetp","net:past_paper"
"english-ch1-q77","en-ch1-q77","English","english","1","synonyms-and-antonyms","Synonyms and Antonyms","topic","Which one is closest in meaning to 'Actuate'?","Activate","Retard","Pause","Impede","a","Actuate means to cause a machine or device to operate. Activate means to make active.","medium","","oetp","net:past_paper"
"english-ch1-q78","en-ch1-q78","English","english","1","synonyms-and-antonyms","Synonyms and Antonyms","topic","Choose the antonym of 'Fervent':","Ardent","Fanatic","Zeal","Apathetic","d","Fervent means having strong feelings. Its antonym is apathetic (showing little interest or concern).","medium","","oetp","net:past_paper"
"english-ch1-q79","en-ch1-q79","English","english","1","synonyms-and-antonyms","Synonyms and Antonyms","topic","The most nearest meaning to 'Categorical' is:","Assertive","Indirect","Conditional","Unambiguous","d","Categorical means unconditionally clear and direct. Unambiguous means not open to more than one interpretation.","hard","","oetp","net:past_paper"
"english-ch1-q80","en-ch1-q80","English","english","1","synonyms-and-antonyms","Synonyms and Antonyms","topic","The meaning of 'Manacle' is:","Wave","Statue","Shackle","Building","c","A manacle is a metal band used as a handcuff. Shackle means a metal loop fastening a prisoner.","medium","","oetp","net:past_paper"
"english-ch1-q81","en-ch1-q81","English","english","1","synonyms-and-antonyms","Synonyms and Antonyms","topic","What is most similar in meaning to 'Belligerent'?","Engaged in war","State of serenity","Very timid","Strong","a","Belligerent means hostile and aggressive, or engaged in a war. Option a is the closest.","medium","","oetp","net:past_paper"
"english-ch1-q82","en-ch1-q82","English","english","1","synonyms-and-antonyms","Synonyms and Antonyms","topic","The meaning of 'Arid' is:","Dry","Slug","Parched","Wet","c","Arid means having little or no rain. Parched means dried out with heat — the more precise match.","medium","Key gives 'Parched' as answer (option c), though both 'Dry' and 'Parched' could apply. Key is followed.","oetp","net:past_paper"
"english-ch1-q83","en-ch1-q83","English","english","1","synonyms-and-antonyms","Synonyms and Antonyms","topic","Choose the antonym of 'Vivid':","Glowing","Flamboyant","Gaudy","Fade","d","Vivid means producing powerful feelings or clear images. Its antonym is fade (to become less vivid).","easy","","oetp","net:past_paper"
"english-ch1-q84","en-ch1-q84","English","english","1","synonyms-and-antonyms","Synonyms and Antonyms","topic","'Wurst' is related to:","Drinking","Initiation","Sausage","Closure","c","Wurst is a German word for sausage. Common examples: bratwurst, liverwurst.","easy","","oetp","net:past_paper"
"english-ch1-q85","en-ch1-q85","English","english","1","synonyms-and-antonyms","Synonyms and Antonyms","topic","Synonym of 'Expedient' is:","Inapt","Indebt","Tactless","Opportune","d","Expedient means appropriate, convenient. Opportune means well-timed and appropriate.","easy","","oetp","net:past_paper"
"english-ch1-q86","en-ch1-q86","English","english","1","synonyms-and-antonyms","Synonyms and Antonyms","topic","Cosmopolitan is a ___ person:","Popular","Lousy","Lazy","Experienced","d","Cosmopolitan means familiar with and at ease in many different countries — an experienced worldly person.","medium","","oetp","net:past_paper"
"english-ch1-q87","en-ch1-q87","English","english","1","synonyms-and-antonyms","Synonyms and Antonyms","topic","The most nearest meaning to 'Listless' is:","Languid","Awake","Animated","Enormous","a","Listless means lacking energy or enthusiasm. Languid means displaying no vigour or vitality.","medium","","oetp","net:past_paper"
"english-ch1-q88","en-ch1-q88","English","english","1","synonyms-and-antonyms","Synonyms and Antonyms","topic","The most nearest meaning to 'Wane' is:","Amplify","Loss","Lessen","Win","c","Wane means to decrease in vigour, power, or extent. Lessen means to make smaller.","medium","","oetp","net:past_paper"
"english-ch1-q89","en-ch1-q89","English","english","1","synonyms-and-antonyms","Synonyms and Antonyms","topic","The most nearest meaning to 'Flout' is:","Flatter","Appreciate","Mock","Approve","c","Flout means to openly disregard a rule or convention — to mock or show contempt for.","medium","","oetp","net:past_paper"
"english-ch1-q90","en-ch1-q90","English","english","1","synonyms-and-antonyms","Synonyms and Antonyms","topic","The most nearest meaning to 'Ruminate' is:","Ponder","Speak","Fight till death","Enhance","a","Ruminate means to think deeply about something. Ponder means to think over carefully.","medium","","oetp","net:past_paper"
"english-ch1-q91","en-ch1-q91","English","english","1","synonyms-and-antonyms","Synonyms and Antonyms","topic","The most nearest meaning to 'Bellicose' is:","Pugnacious","Quiescent","Stoical","Aggressive","d","Bellicose means demonstrating aggression and willingness to fight. Aggressive is its synonym.","medium","","oetp","net:past_paper"
"english-ch1-q92","en-ch1-q92","English","english","1","synonyms-and-antonyms","Synonyms and Antonyms","topic","The most nearest meaning to 'Loom' is:","Hover","Deep","Cry","Light","a","Loom means to appear as a large, threatening shape. Hover means to remain suspended in air.","medium","","oetp","net:past_paper"
"english-ch1-q93","en-ch1-q93","English","english","1","synonyms-and-antonyms","Synonyms and Antonyms","topic","The most nearest meaning to 'Aberration' is:","Blessing","Delusion","Clarity","Imposition","b","Aberration means a departure from what is normal. Delusion means a mistaken belief.","hard","","oetp","net:past_paper"
"english-ch1-q94","en-ch1-q94","English","english","1","synonyms-and-antonyms","Synonyms and Antonyms","topic","The most nearest meaning to 'Laggard' is:","Lounger","Upfront","Hostile","Shephard","a","A laggard is a person who makes slow progress. A lounger is someone who is idle and lazy.","medium","","oetp","net:past_paper"
"english-ch1-q95","en-ch1-q95","English","english","1","synonyms-and-antonyms","Synonyms and Antonyms","topic","Antonym of 'Outrageous' is:","Barbarous","Sensible","Steep","Crazy","b","Outrageous means shockingly bad. Its antonym is sensible (reasonable, practical).","medium","","oetp","net:past_paper"
"english-ch1-q96","en-ch1-q96","English","english","1","synonyms-and-antonyms","Synonyms and Antonyms","topic","The most nearest meaning to 'Avarice' is:","Philanthropy","Cage","Bank","Greed","d","Avarice means extreme greed for money. Greed is its direct synonym.","easy","","oetp","net:past_paper"
"english-ch1-q97","en-ch1-q97","English","english","1","synonyms-and-antonyms","Synonyms and Antonyms","topic","The most nearest meaning to 'Oligarchy' is:","Democracy","Communism","Capitalism","Autocracy","d","Oligarchy is a form of government where power rests with a small elite. Autocracy (rule by one/few) is closest.","hard","","oetp","net:past_paper"
"english-ch1-q98","en-ch1-q98","English","english","1","synonyms-and-antonyms","Synonyms and Antonyms","topic","Choose the antonym of 'Maim':","Castrate","Hog-tie","Maul","Adorn","d","Maim means to wound or injure so as to cause permanent damage. Its antonym is adorn (to beautify).","easy","","oetp","net:past_paper"
"english-ch1-q99","en-ch1-q99","English","english","1","synonyms-and-antonyms","Synonyms and Antonyms","topic","Choose the antonym of 'Conversant':","Versant","Witting","Ignorant","Cognizant","c","Conversant means familiar with or knowledgeable about. Its antonym is ignorant (lacking knowledge).","easy","","oetp","net:past_paper"
"english-ch1-q100","en-ch1-q100","English","english","1","synonyms-and-antonyms","Synonyms and Antonyms","topic","The most nearest meaning to 'Infirm' is:","Feeble","Assure","Robust","Final","a","Infirm means not physically or mentally strong. Feeble means lacking physical strength.","easy","","oetp","net:past_paper"
"english-ch1-q101","en-ch1-q101","English","english","1","synonyms-and-antonyms","Synonyms and Antonyms","topic","The most nearest meaning to 'Bonanza' is:","Catapult","Long Lasting","Greenish land","Windfall","d","Bonanza means a situation that creates a sudden increase in wealth. Windfall means a sudden stroke of luck.","medium","","oetp","net:past_paper"
"english-ch1-q102","en-ch1-q102","English","english","1","synonyms-and-antonyms","Synonyms and Antonyms","topic","The most nearest meaning to 'Footling' is:","Enormous","Persuasive","Trivial","Visible","c","Footling means trivial and irritating. Trivial means of little value.","medium","","oetp","net:past_paper"
"english-ch1-q103","en-ch1-q103","English","english","1","synonyms-and-antonyms","Synonyms and Antonyms","topic","The most nearest meaning to 'Timid' is:","Shy","Crazy","Proud","Resourceful","a","Timid means showing a lack of courage. Shy means nervous in the company of others.","easy","","oetp","net:past_paper"
"english-ch1-q104","en-ch1-q104","English","english","1","synonyms-and-antonyms","Synonyms and Antonyms","topic","The most nearest meaning to 'Acrimonious' is:","Crabby","Pleasant","Kindle","Flatter","a","Acrimonious means bitter in manner or speech. Crabby means irritable and difficult.","medium","","oetp","net:past_paper"
"english-ch1-q105","en-ch1-q105","English","english","1","synonyms-and-antonyms","Synonyms and Antonyms","topic","Choose the antonym of 'Angel':","Cherub","Seraph","Sprite","Demon","d","An angel is a benevolent heavenly being. Its antonym is demon (an evil supernatural being).","easy","","oetp","net:past_paper"
"english-ch1-q106","en-ch1-q106","English","english","1","synonyms-and-antonyms","Synonyms and Antonyms","topic","The most nearest meaning to 'Expletive' is:","Oath","Excessive","Broad","Detailed","a","An expletive is a swear word or exclamation. Oath means a solemn promise or profanity.","medium","","oetp","net:past_paper"
"english-ch1-q107","en-ch1-q107","English","english","1","synonyms-and-antonyms","Synonyms and Antonyms","topic","The most nearest meaning to 'Adorable' is:","Coherent","Despicable","Ambrosial","Detestable","c","Adorable means inspiring delight. Ambrosial means delightfully pleasing to smell or taste — both suggest delight.","medium","","oetp","net:past_paper"
"english-ch1-q108","en-ch1-q108","English","english","1","synonyms-and-antonyms","Synonyms and Antonyms","topic","The most nearest meaning to 'Venerable' is:","Esteemed","Senior","Huge","Dangerous","a","Venerable means accorded great respect due to age or wisdom. Esteemed means held in high regard.","hard","","oetp","net:past_paper"
"english-ch1-q109","en-ch1-q109","English","english","1","synonyms-and-antonyms","Synonyms and Antonyms","topic","The most nearest meaning to 'Fiend' is:","Ogre","Angel","Captive","Pal","a","A fiend is a very wicked or cruel person. An ogre is a cruel or frightening person.","easy","","oetp","net:past_paper"
"english-ch1-q110","en-ch1-q110","English","english","1","synonyms-and-antonyms","Synonyms and Antonyms","topic","The most nearest meaning to 'Putrefy' is:","Clean","Varnish","Decay","Improve","c","Putrefy means to rot and produce a foul smell. Decay means to decompose.","easy","","oetp","net:past_paper"
"english-ch1-q111","en-ch1-q111","English","english","1","synonyms-and-antonyms","Synonyms and Antonyms","topic","The most nearest meaning to 'Obscene' is:","Immoral","Formal","Upright","Carnival","a","Obscene means offensive to moral standards. Immoral means not conforming to accepted moral standards.","medium","","oetp","net:past_paper"
"english-ch1-q112","en-ch1-q112","English","english","1","synonyms-and-antonyms","Synonyms and Antonyms","topic","The most nearest meaning to 'Foreboding' is:","Providence","Premonition","Lucky","Challenging","b","Foreboding means a feeling that something bad will happen. Premonition is an advance warning of an event.","medium","","oetp","net:past_paper"
"english-ch1-q113","en-ch1-q113","English","english","1","synonyms-and-antonyms","Synonyms and Antonyms","topic","The most nearest meaning to 'Murky' is:","Intangible","Corporal","Transparent","Obscure","d","Murky means dark and gloomy or hard to see through. Obscure means not discovered or known about.","medium","","oetp","net:past_paper"
"english-ch1-q114","en-ch1-q114","English","english","1","synonyms-and-antonyms","Synonyms and Antonyms","topic","The most nearest meaning to 'Chivalry' is:","Army","Fear","Rudeness","Valor","d","Chivalry means the combination of qualities expected of an ideal knight — valor (courage) is the key quality.","medium","","oetp","net:past_paper"
"english-ch1-q115","en-ch1-q115","English","english","1","synonyms-and-antonyms","Synonyms and Antonyms","topic","The most nearest meaning to 'Behoove' is:","Befit","Opposite","Concise","Deduct","a","Behoove means to be appropriate or necessary for someone. Befit means to be appropriate for.","easy","","oetp","net:past_paper"
"english-ch1-q116","en-ch1-q116","English","english","1","synonyms-and-antonyms","Synonyms and Antonyms","topic","The most nearest meaning to 'Captious' is:","Careful","Finding Faults","Imaginary","Hardworking","b","Captious means tending to find fault. Finding faults is its direct meaning.","medium","","oetp","net:past_paper"
"english-ch1-q117","en-ch1-q117","English","english","1","synonyms-and-antonyms","Synonyms and Antonyms","topic","The most nearest meaning to 'Baffle' is:","Confuse","Soothe","Abet","Alert","a","Baffle means to totally bewilder or perplex. Confuse means to make unclear.","easy","","oetp","net:past_paper"
"english-ch1-q118","en-ch1-q118","English","english","1","synonyms-and-antonyms","Synonyms and Antonyms","topic","The most nearest meaning to 'Cohere' is:","Dispute","Loosen","Cling","Present","c","Cohere means to stick together and form a whole. Cling means to adhere closely.","medium","","oetp","net:past_paper"
"english-ch1-q119","en-ch1-q119","English","english","1","synonyms-and-antonyms","Synonyms and Antonyms","topic","The most nearest meaning to 'Apathy' is:","Coldness","Concern","Courage","Calligraphy","a","Apathy means lack of interest or enthusiasm. Coldness in the emotional sense is its synonym.","medium","","oetp","net:past_paper"
"english-ch1-q120","en-ch1-q120","English","english","1","synonyms-and-antonyms","Synonyms and Antonyms","topic","The most nearest meaning to 'Agnostic' is:","Believer","Priest","Skeptic","Painful","c","An agnostic doubts the existence of God. A skeptic doubts accepted opinions.","medium","","oetp","net:past_paper"
"english-ch1-q121","en-ch1-q121","English","english","1","synonyms-and-antonyms","Synonyms and Antonyms","topic","The most nearest meaning to 'Acrostic' is:","Away","Idol","Shun","Cipher","d","An acrostic is a poem where the first letters spell a word — a cipher or code.","hard","","oetp","net:past_paper"
"english-ch1-q122","en-ch1-q122","English","english","1","synonyms-and-antonyms","Synonyms and Antonyms","topic","The most nearest meaning to 'Bewilderment' is:","Expectation","Perplexity","Courage","Assumption","b","Bewilderment means the state of being confused. Perplexity means inability to understand.","hard","","oetp","net:past_paper"
"english-ch1-q123","en-ch1-q123","English","english","1","synonyms-and-antonyms","Synonyms and Antonyms","topic","Oncology is related to:","Study of tumors","Study of blood","Study of brain","Study of digestive system","a","Oncology is the branch of medicine dealing with tumors and cancer.","easy","","oetp","net:past_paper"
"english-ch1-q124","en-ch1-q124","English","english","1","synonyms-and-antonyms","Synonyms and Antonyms","topic","The most nearest meaning to 'Dote' is:","Denounce","Propose","Abuse","Flatter","d","Dote means to be excessively fond. Flatter means to lavish excessive praise.","medium","","oetp","net:past_paper"
"english-ch1-q125","en-ch1-q125","English","english","1","synonyms-and-antonyms","Synonyms and Antonyms","topic","The most nearest meaning to 'Teetotaler' is:","Abstainer","Drinker","Souse","Criminal","a","A teetotaler is a person who never drinks alcohol. An abstainer is one who refrains from something.","easy","","oetp","net:past_paper"
"english-ch1-q126","en-ch1-q126","English","english","1","synonyms-and-antonyms","Synonyms and Antonyms","topic","The most nearest meaning to 'Decrepit' is:","Young","Sturdy","Crippled","Strong","c","Decrepit means worn out through age or neglect. Crippled means unable to move properly.","easy","","oetp","net:past_paper"
"english-ch1-q127","en-ch1-q127","English","english","1","synonyms-and-antonyms","Synonyms and Antonyms","topic","Choose the opposite of 'Exacerbate':","Infuriate","Vex","Placate","Deteriorate","c","Exacerbate means to make worse. Its opposite is placate (to make less angry or upset).","easy","","oetp","net:past_paper"
"english-ch1-q128","en-ch1-q128","English","english","1","synonyms-and-antonyms","Synonyms and Antonyms","topic","Choose the opposite of 'Caustic':","Mild","Corrosive","Acid","Tart","a","Caustic means deliberately unkind or harsh. Its opposite is mild (gentle, not severe).","easy","","oetp","net:past_paper"
"english-ch1-q129","en-ch1-q129","English","english","1","synonyms-and-antonyms","Synonyms and Antonyms","topic","The most nearest meaning to 'Unnerve' is:","Uphold","Bind","Calm","Dismay","d","Unnerve means to make someone lose courage. Dismay means to cause distress.","medium","","oetp","net:past_paper"
"english-ch1-q130","en-ch1-q130","English","english","1","synonyms-and-antonyms","Synonyms and Antonyms","topic","The most nearest meaning to 'Zealot' is:","Moderate","Maniac","Dumb","Expert","b","A zealot is a person who is fanatical about something. Maniac describes extreme, uncontrolled behaviour.","easy","","oetp","net:past_paper"
"english-ch1-q131","en-ch1-q131","English","english","1","synonyms-and-antonyms","Synonyms and Antonyms","topic","The most nearest meaning to 'Conversant' is:","Talkative","Acquainted","Lucky","Cold","b","Conversant means familiar with or knowledgeable about. Acquainted means having personal knowledge of.","easy","","oetp","net:past_paper"
"english-ch1-q132","en-ch1-q132","English","english","1","synonyms-and-antonyms","Synonyms and Antonyms","topic","The most nearest meaning to 'Bedevil' is:","Annoy","Soothe","Helping hand","Destroy","a","Bedevil means to cause great difficulty. Annoy means to make slightly angry.","medium","","oetp","net:past_paper"
"english-ch1-q133","en-ch1-q133","English","english","1","synonyms-and-antonyms","Synonyms and Antonyms","topic","The most nearest meaning to 'Courteous' is:","Affable","Heedless","Law follower","Dauntless","a","Courteous means polite and respectful. Affable means friendly and easy to talk to.","medium","","oetp","net:past_paper"
"english-ch1-q134","en-ch1-q134","English","english","1","synonyms-and-antonyms","Synonyms and Antonyms","topic","The most nearest meaning to 'Abiding' is:","Compulsory","Ephemeral","Enduring","Ending soon","c","Abiding means lasting a long time. Enduring means lasting over time.","easy","","oetp","net:past_paper"
"english-ch1-q135","en-ch1-q135","English","english","1","synonyms-and-antonyms","Synonyms and Antonyms","topic","The most nearest meaning to 'Strident' is:","Subdued","Genius","Blatant","Experienced","c","Strident means loud and harsh. Blatant means done openly and unashamedly.","medium","","oetp","net:past_paper"
"english-ch1-q136","en-ch1-q136","English","english","1","synonyms-and-antonyms","Synonyms and Antonyms","topic","The most nearest meaning to 'Magnanimous' is:","Selfless","Selfish","Petty","Bounteous","a","Magnanimous means generous or forgiving. Selfless means concerned more with others than with oneself.","medium","Key also includes 'd) Bounteous' as plausible; key marks 'a) Selfless'. Verify against scan.","oetp","net:past_paper"
"english-ch1-q137","en-ch1-q137","English","english","1","synonyms-and-antonyms","Synonyms and Antonyms","topic","Most nearest meaning to 'En Rapport' is:","In a group","In agreement with","In Limits","In Style","b","En rapport means in sympathy or harmony. In agreement with is its closest meaning.","medium","","oetp","net:past_paper"
"english-ch1-q138","en-ch1-q138","English","english","1","synonyms-and-antonyms","Synonyms and Antonyms","topic","The most nearest meaning to 'Ambiguous' is:","Lucid","Enigmatic","Certain","Indispensable","b","Ambiguous means open to more than one interpretation. Enigmatic means difficult to understand.","medium","","oetp","net:past_paper"
"english-ch1-q139","en-ch1-q139","English","english","1","synonyms-and-antonyms","Synonyms and Antonyms","topic","The most nearest meaning to 'Meticulous' is:","Detailed","Puzzling","Energetic","Crowdie","a","Meticulous means showing great attention to detail. Detailed means having many facts.","medium","","oetp","net:past_paper"
"english-ch1-q140","en-ch1-q140","English","english","1","synonyms-and-antonyms","Synonyms and Antonyms","topic","The most nearest meaning to 'Surreptitious' is:","Open","Fearful","Sneaky","Apprehensive","c","Surreptitious means kept secret, especially because it might not be approved. Sneaky means acting secretly.","medium","","oetp","net:past_paper"
"english-ch1-q141","en-ch1-q141","English","english","1","synonyms-and-antonyms","Synonyms and Antonyms","topic","The most nearest meaning to 'Trigger-Happy' is:","Aggressive","Peaceful","Hunky-Dory","Dandy","a","Trigger-happy means apt to react violently or with excessive force. Aggressive is its synonym.","medium","","oetp","net:past_paper"
"english-ch1-q142","en-ch1-q142","English","english","1","synonyms-and-antonyms","Synonyms and Antonyms","topic","The most nearest meaning to 'Admonish' is:","Fortify","Applause","Commend","Rebuke","d","Admonish means to warn or reprimand firmly. Rebuke means to express sharp disapproval.","medium","","oetp","net:past_paper"
"english-ch1-q143","en-ch1-q143","English","english","1","synonyms-and-antonyms","Synonyms and Antonyms","topic","The most nearest meaning to 'Irreproachable' is:","Exemplary","Hidden","Flawed","Ordinary","a","Irreproachable means beyond criticism. Exemplary means serving as an excellent example.","medium","","oetp","net:past_paper"
"english-ch1-q144","en-ch1-q144","English","english","1","synonyms-and-antonyms","Synonyms and Antonyms","topic","The most nearest meaning to 'Sulky' is:","Cheerful","Bulky","Mean","Trivial","c","Sulky means morose and bad-tempered. Mean in the sense of unkind/unpleasant is the key's answer.","medium","","oetp","net:past_paper"
"english-ch1-q145","en-ch1-q145","English","english","1","synonyms-and-antonyms","Synonyms and Antonyms","topic","The most nearest meaning to 'Quest' is:","Retreat","Leaning","Investigate","Crusade","d","Quest means a long or arduous search. Crusade means a vigorous campaign.","medium","","oetp","net:past_paper"
"english-ch1-q146","en-ch1-q146","English","english","1","synonyms-and-antonyms","Synonyms and Antonyms","topic","The most nearest meaning to 'Blemish' is:","Disfigure","Mend","Ornament","Stained","a","A blemish is a mark that spoils something. Disfigure means to spoil the appearance of.","medium","","oetp","net:past_paper"
"english-ch1-q147","en-ch1-q147","English","english","1","synonyms-and-antonyms","Synonyms and Antonyms","topic","The most nearest meaning to 'Immaculate' is:","Exquisite","Unsterile","Homely","Troglodytic","a","Immaculate means perfectly clean or pure. Exquisite means extremely beautiful.","medium","","oetp","net:past_paper"
"english-ch1-q148","en-ch1-q148","English","english","1","synonyms-and-antonyms","Synonyms and Antonyms","topic","The most nearest meaning to 'Fetid' is:","Squally","Breezy","Aromatic","Rancid","d","Fetid means smelling unpleasant. Rancid means smelling unpleasant due to decomposition.","easy","","oetp","net:past_paper"
"english-ch1-q149","en-ch1-q149","English","english","1","synonyms-and-antonyms","Synonyms and Antonyms","topic","The most nearest meaning to 'Diffident' is:","Extrovert","Gregarious","Meek","Cordial","c","Diffident means modest or shy. Meek means quiet and easily imposed on.","medium","","oetp","net:past_paper"
"english-ch1-q150","en-ch1-q150","English","english","1","synonyms-and-antonyms","Synonyms and Antonyms","topic","The most nearest meaning to 'Dauntless' is:","Gallant","Fearful","Fictitious","Extravagant","a","Dauntless means showing fearlessness and determination. Gallant means brave and spirited.","easy","","oetp","net:past_paper"
"english-ch1-q151","en-ch1-q151","English","english","1","synonyms-and-antonyms","Synonyms and Antonyms","topic","The most nearest meaning to 'Pusillanimity' is:","Acquisition","Cold Feet","Symphony","Legible","b","Pusillanimity means lack of courage. Cold feet means a state of fear or hesitation.","easy","","oetp","net:past_paper"
"english-ch1-q152","en-ch1-q152","English","english","1","synonyms-and-antonyms","Synonyms and Antonyms","topic","The most nearest meaning to 'Thick Skull' is:","Pointless","Active","Extraordinary","Dull","d","Thick skull (thick-skulled) means stupid or dense. Dull means lacking intelligence.","medium","","oetp","net:past_paper"
"english-ch1-q153","en-ch1-q153","English","english","1","synonyms-and-antonyms","Synonyms and Antonyms","topic","The most nearest meaning to 'Spurious' is:","Pseudo","Genuine","Dreamer","Triumphant","a","Spurious means not genuine. Pseudo means a person who pretends to be something they are not.","medium","","oetp","net:past_paper"
"english-ch1-q154","en-ch1-q154","English","english","1","synonyms-and-antonyms","Synonyms and Antonyms","topic","The most nearest meaning to 'Baroque' is:","Plain","Unadorned","Florid","Natural","c","Baroque means highly ornate and extravagant. Florid means elaborately decorated.","medium","","oetp","net:past_paper"
"english-ch1-q155","en-ch1-q155","English","english","1","synonyms-and-antonyms","Synonyms and Antonyms","topic","The most nearest meaning to 'Bona Fide' is:","Active","Genuine","Existing","Related","b","Bona fide means genuine and real. Genuine is its direct synonym.","easy","","oetp","net:past_paper"
"english-ch1-q156","en-ch1-q156","English","english","1","synonyms-and-antonyms","Synonyms and Antonyms","topic","The most nearest meaning to 'Fait Accompli' is:","Natural Existence","Accomplished Fact","Scientific Discovery","Distorted Reality","b","Fait accompli means a thing that has already been done. Accomplished fact is its direct translation.","hard","","oetp","net:past_paper"
"english-ch1-q157","en-ch1-q157","English","english","1","synonyms-and-antonyms","Synonyms and Antonyms","topic","The most nearest meaning to 'Prodigy' (Whiz) is:","Whiz","Imbecile","Normality","Informality","a","A prodigy is a person with exceptional abilities. Whiz means a person who is outstandingly clever.","medium","","oetp","net:past_paper"
"english-ch1-q158","en-ch1-q158","English","english","1","synonyms-and-antonyms","Synonyms and Antonyms","topic","The most nearest meaning to 'Farce' is:","Tragedy","Sobriety","Satire","Solemnity","c","A farce is an event that is absurd. Satire uses humour to criticise — both involve comic exaggeration.","easy","","oetp","net:past_paper"
"english-ch1-q159","en-ch1-q159","English","english","1","synonyms-and-antonyms","Synonyms and Antonyms","topic","Choose the opposite of 'Calm':","Unhappy","Troubled","Unlucky","Smooth","b","Calm means free from agitation. Its opposite is troubled (causing distress or anxiety).","easy","","oetp","net:past_paper"
"english-ch1-q160","en-ch1-q160","English","english","1","synonyms-and-antonyms","Synonyms and Antonyms","topic","Choose the opposite of 'Hallow':","Curse","Void","Full","Solid","a","Hallow means to make holy. Its opposite is curse (to call on a deity to bring harm).","easy","","oetp","net:past_paper"
"english-ch1-q161","en-ch1-q161","English","english","1","synonyms-and-antonyms","Synonyms and Antonyms","topic","Choose the opposite of 'Adaptable':","Mutability","Pliancy","Alteration","Rigidity","d","Adaptable means able to adjust. Its opposite is rigidity (the quality of being stiff).","medium","","oetp","net:past_paper"
"english-ch1-q162","en-ch1-q162","English","english","1","synonyms-and-antonyms","Synonyms and Antonyms","topic","Choose the opposite of 'Lugubrious':","Joyful","Pensive","Gloomy","Cheerless","a","Lugubrious means looking or sounding sad. Its opposite is joyful.","medium","","oetp","net:past_paper"
"english-ch1-q163","en-ch1-q163","English","english","1","synonyms-and-antonyms","Synonyms and Antonyms","topic","Choose the opposite of 'Foe':","Enemy","Antagonist","Friend","Rival","c","Foe means an enemy. Its opposite is friend.","easy","","oetp","net:past_paper"
"english-ch1-q164","en-ch1-q164","English","english","1","synonyms-and-antonyms","Synonyms and Antonyms","topic","Choose the opposite of 'Lofty':","Humble","Towering","Acute","Bonding","a","Lofty means of imposing height or arrogant. Its opposite is humble (modest).","easy","","oetp","net:past_paper"
"english-ch1-q165","en-ch1-q165","English","english","1","synonyms-and-antonyms","Synonyms and Antonyms","topic","Choose the opposite of 'Impudent':","Blatant","Cheeky","Retiring","Sassy","c","Impudent means not showing due respect. Its opposite is retiring (shy, reserved).","easy","","oetp","net:past_paper"
"english-ch1-q166","en-ch1-q166","English","english","1","synonyms-and-antonyms","Synonyms and Antonyms","topic","Choose the opposite of 'Singular':","Standard","Rare","Eminent","Unwonted","a","Singular means remarkably unique. Its opposite is standard (usual, ordinary).","medium","","oetp","net:past_paper"
"english-ch1-q167","en-ch1-q167","English","english","1","synonyms-and-antonyms","Synonyms and Antonyms","topic","Choose the opposite of 'Tranquil':","Murmuring","Inebriated","Sedate","Alert","b","Tranquil means free from disturbance. Inebriated (intoxicated) represents the opposite of a calm state.","medium","Key gives 'Inebriated'. Verify against scan — 'Turbulent' or 'Agitated' would normally be better antonyms.","oetp","net:past_paper"
"english-ch1-q168","en-ch1-q168","English","english","1","synonyms-and-antonyms","Synonyms and Antonyms","topic","Choose the opposite of 'Pit':","Peak","Plain","Gulf","Well","a","A pit is a low hollow. Its opposite is peak (the highest point).","easy","","oetp","net:past_paper"
"english-ch1-q169","en-ch1-q169","English","english","1","synonyms-and-antonyms","Synonyms and Antonyms","topic","Choose the opposite of 'Erode':","Preserve","Consume","Grind","Pulsate","a","Erode means to gradually wear away. Its opposite is preserve (to maintain in original state).","easy","","oetp","net:past_paper"
"english-ch1-q170","en-ch1-q170","English","english","1","synonyms-and-antonyms","Synonyms and Antonyms","topic","Choose the option closest in meaning to 'Obscure':","Approval","Hidden","Excuse","None of these","b","Obscure means not discovered or known about. Hidden is its synonym.","easy","","oetp","net:past_paper"
"english-ch1-q171","en-ch1-q171","English","english","1","synonyms-and-antonyms","Synonyms and Antonyms","topic","Choose the option closest in meaning to 'Obsolete':","Voguish","Dapper","Antediluvian","Contemporary","c","Obsolete means no longer in use. Antediluvian means very old-fashioned.","medium","","oetp","net:past_paper"
"english-ch1-q172","en-ch1-q172","English","english","1","synonyms-and-antonyms","Synonyms and Antonyms","topic","Choose the option closest in meaning to 'Arbitrary':","Subjective","Heedful","Sage","Shrewd","a","Arbitrary means based on random choice. Subjective means based on personal feelings.","hard","","oetp","net:past_paper"
"english-ch1-q173","en-ch1-q173","English","english","1","synonyms-and-antonyms","Synonyms and Antonyms","topic","Choose the option closest in meaning to 'Knave':","Villain","Challenging","Persuasive","Lazy","a","A knave is a dishonest person. Villain is its closest synonym.","easy","","oetp","net:past_paper"
"english-ch1-q174","en-ch1-q174","English","english","1","synonyms-and-antonyms","Synonyms and Antonyms","topic","Choose the option closest in meaning to 'Eager':","Indifferent","Thoughtful","Keen","Apathetic","c","Eager means wanting to do or have something very much. Keen has the same meaning.","easy","","oetp","net:past_paper"
"english-ch1-q175","en-ch1-q175","English","english","1","synonyms-and-antonyms","Synonyms and Antonyms","topic","Choose the option closest in meaning to 'Approbation':","Fear","Veto","Consent","Prediction","c","Approbation means approval or praise. Consent means giving agreement.","medium","","oetp","net:past_paper"
"english-ch1-q176","en-ch1-q176","English","english","1","synonyms-and-antonyms","Synonyms and Antonyms","topic","Choose the option closest in meaning to 'Fitful':","Irregular","Constant","Steady","Even","a","Fitful means occurring irregularly. Irregular means not regular.","easy","","oetp","net:past_paper"
"english-ch1-q177","en-ch1-q177","English","english","1","synonyms-and-antonyms","Synonyms and Antonyms","topic","Choose the option closest in meaning to 'Baleful':","Auspicious","Evil","Promising","Well-Timed","b","Baleful means threatening harm. Evil is its closest synonym.","easy","","oetp","net:past_paper"
"english-ch1-q178","en-ch1-q178","English","english","1","synonyms-and-antonyms","Synonyms and Antonyms","topic","Choose the option closest in meaning to 'Procrastination':","Confidence","Liberation","Dispatch","Setback","d","Procrastination means the action of delaying. Setback implies a reversal of progress — key's answer.","hard","Key gives 'Setback'. Standard synonym would be 'delay/postponement'. Verify against scan.","oetp","net:past_paper"
"english-ch1-q179","en-ch1-q179","English","english","1","synonyms-and-antonyms","Synonyms and Antonyms","topic","Choose the option closest in meaning to 'Achromatic':","Spectral","Neutral","Distortion","Having no purpose","b","Achromatic means without colour or transmitting light without chromatic aberration. Neutral fits.","medium","","oetp","net:past_paper"
"english-ch1-q180","en-ch1-q180","English","english","1","synonyms-and-antonyms","Synonyms and Antonyms","topic","Choose the option closest in meaning to 'Lacuna':","Misfortune","Closure","Cavity","Species","c","A lacuna is a gap or missing portion. Cavity means a hollow space.","medium","","oetp","net:past_paper"
"english-ch1-q181","en-ch1-q181","English","english","1","synonyms-and-antonyms","Synonyms and Antonyms","topic","Choose the option closest in meaning to 'Abscond':","Retort","Obscure","Amassed","Depart secretly","d","Abscond means to leave hurriedly and secretly. Depart secretly is its definition.","easy","","oetp","net:past_paper"
"english-ch1-q182","en-ch1-q182","English","english","1","synonyms-and-antonyms","Synonyms and Antonyms","topic","Choose the option closest in meaning to 'Adulterate':","Purify","Cleanse","Get rid of","Taint","d","Adulterate means to make impure by adding inferior substances. Taint means to contaminate.","medium","","oetp","net:past_paper"
"english-ch1-q183","en-ch1-q183","English","english","1","synonyms-and-antonyms","Synonyms and Antonyms","topic","Choose the option closest in meaning to 'Aggregate':","Separate","Isolate","Discrete","Amass","d","Aggregate means to collect into a whole. Amass means to gather together.","medium","","oetp","net:past_paper"
"english-ch1-q184","en-ch1-q184","English","english","1","synonyms-and-antonyms","Synonyms and Antonyms","topic","Choose the option closest in meaning to 'Aloof':","Snooty","Affable","Lofty","Snobbish","d","Aloof means not friendly or interested. Snobbish means having contempt for people of lower status.","medium","Key gives 'Snobbish'. Both snooty and snobbish are plausible; key is followed.","oetp","net:past_paper"
"english-ch1-q185","en-ch1-q185","English","english","1","synonyms-and-antonyms","Synonyms and Antonyms","topic","Choose the option closest in meaning to 'Analogous':","Incomparable","Different","Consonant","Alter","c","Analogous means comparable in certain respects. Consonant means in agreement or harmony.","hard","","oetp","net:past_paper"
"english-ch1-q186","en-ch1-q186","English","english","1","synonyms-and-antonyms","Synonyms and Antonyms","topic","Choose the option closest in meaning to 'Apportion':","Praise","Admire","Brief","Administer","d","Apportion means to divide and share out. Administer means to manage or distribute.","medium","","oetp","net:past_paper"
"english-ch1-q187","en-ch1-q187","English","english","1","synonyms-and-antonyms","Synonyms and Antonyms","topic","Choose the option closest in meaning to 'Arable':","Uncultivable","Airy","Cultivable","Pundit","c","Arable means suitable for growing crops. Cultivable means capable of being cultivated.","easy","","oetp","net:past_paper"
"english-ch1-q188","en-ch1-q188","English","english","1","synonyms-and-antonyms","Synonyms and Antonyms","topic","Choose the option closest in meaning to 'Arbiter':","Praise","Mediator","Immeasurable","Judge","d","An arbiter is a person who settles a dispute. Judge means one who decides.","medium","","oetp","net:past_paper"
"english-ch1-q189","en-ch1-q189","English","english","1","synonyms-and-antonyms","Synonyms and Antonyms","topic","Choose the option closest in meaning to 'Arrogate':","Assume","Cede","Surrender","Abandon","a","Arrogate means to take or claim without justification. Assume means to take on or claim.","medium","","oetp","net:past_paper"
"english-ch1-q190","en-ch1-q190","English","english","1","synonyms-and-antonyms","Synonyms and Antonyms","topic","Choose the option closest in meaning to 'Artful':","Cane","Articulate","Adroit","Detective","c","Artful means clever at achieving one's aims. Adroit means clever or skilful.","medium","","oetp","net:past_paper"
"english-ch1-q191","en-ch1-q191","English","english","1","synonyms-and-antonyms","Synonyms and Antonyms","topic","Choose the option closest in meaning to 'Ascribable':","Untraceable","Fond","Undetectable","Detectable","d","Ascribable means able to be attributed to. Detectable means able to be discovered.","hard","","oetp","net:past_paper"
"english-ch1-q192","en-ch1-q192","English","english","1","synonyms-and-antonyms","Synonyms and Antonyms","topic","Choose the option closest in meaning to 'Astute':","Incisive","Senseless","Rash","Heedless","a","Astute means having an ability to accurately assess. Incisive means intelligently analytical.","medium","","oetp","net:past_paper"
"english-ch1-q193","en-ch1-q193","English","english","1","synonyms-and-antonyms","Synonyms and Antonyms","topic","Choose the option closest in meaning to 'Barbaric':","Tender","Savage","Temperate","Placid","b","Barbaric means savagely cruel. Savage means fierce and violent.","medium","","oetp","net:past_paper"
"english-ch1-q194","en-ch1-q194","English","english","1","synonyms-and-antonyms","Synonyms and Antonyms","topic","Choose the option closest in meaning to 'Bashful':","Shy","Accelerative","Headlong","Brazen","a","Bashful means reluctant to draw attention, shy. Shy means nervous or timid.","easy","","oetp","net:past_paper"
"english-ch1-q195","en-ch1-q195","English","english","1","synonyms-and-antonyms","Synonyms and Antonyms","topic","Choose the option closest in meaning to 'Beckon':","Can","Terminate","Reject","Motion","d","Beckon means to make a gesture to encourage someone to approach. Motion means to gesture.","easy","","oetp","net:past_paper"
"english-ch1-q196","en-ch1-q196","English","english","1","synonyms-and-antonyms","Synonyms and Antonyms","topic","Choose the option closest in meaning to 'Bigot':","Tolerant","Moderate","Adequate","Extremist","d","A bigot is a person intolerant of others' opinions. Extremist holds extreme views.","easy","","oetp","net:past_paper"
"english-ch1-q197","en-ch1-q197","English","english","1","synonyms-and-antonyms","Synonyms and Antonyms","topic","Choose the option closest in meaning to 'Evident':","Obscure","Unclear","Patent","Unmarked","c","Evident means plain or obvious. Patent means easily recognizable.","easy","","oetp","net:past_paper"
"english-ch1-q198","en-ch1-q198","English","english","1","synonyms-and-antonyms","Synonyms and Antonyms","topic","Choose the option closest in meaning to 'Fascinating':","Beguiling","Repellent","Hideous","Repugnant","a","Fascinating means extremely interesting. Beguiling means charming in a deceptive way.","medium","","oetp","net:past_paper"
"english-ch1-q199","en-ch1-q199","English","english","1","synonyms-and-antonyms","Synonyms and Antonyms","topic","Choose the option closest in meaning to 'Fleece':","Sincerity","Flee","Busy","Defraud","d","Fleece means to swindle. Defraud means to obtain money by deception.","easy","","oetp","net:past_paper"
"english-ch1-q200","en-ch1-q200","English","english","1","synonyms-and-antonyms","Synonyms and Antonyms","topic","Choose the option closest in meaning to 'Flippant':","Stern","Facetious","Somber","Humorless","b","Flippant means not showing appropriate seriousness. Facetious means treating serious issues with deliberately inappropriate humour.","medium","","oetp","net:past_paper"
"english-ch2-q1","en-ch2-q1","English","english","2","analogies","Analogies","topic","Defunct : Life :: ___ : ___","Stagnant : Motion","Orderly : Pattern","Arid : Desert","Obese : Weight","a","Defunct means no longer active (antonym of life). Stagnant means not moving (antonym of motion). Both pairs are antonyms.","easy","","oetp","net:past_paper"
"english-ch2-q2","en-ch2-q2","English","english","2","analogies","Analogies","topic","Knife : Chopper :: ___ : ___","Walking : Fitness","Swim : Float","Scissors : Cloth","Quilt : Blanket","d","Knife and chopper both serve the same purpose (cutting). Quilt and blanket both serve the same purpose (warmth).","easy","","oetp","net:past_paper"
"english-ch2-q3","en-ch2-q3","English","english","2","analogies","Analogies","topic","Surgeon : Scalpel :: ___ : ___","Musician : Instrument","Carpenter : Cabinet","Sculptor : Chisel","Baker : Oven","c","A surgeon uses a scalpel (sharp cutting tool). A sculptor uses a chisel (sharp carving tool). Worker-to-tool relationship.","medium","","oetp","net:past_paper"
"english-ch2-q4","en-ch2-q4","English","english","2","analogies","Analogies","topic","Yawn : Boredom :: ___ : ___","Anger : Madness","Dream : Sleep","Smile : Amusement","Impatience : Rebellion","c","A yawn is a physical sign of boredom. A smile is a physical sign of amusement.","easy","","oetp","net:past_paper"
"english-ch2-q5","en-ch2-q5","English","english","2","analogies","Analogies","topic","Cells : Cytology :: ___ : ___","Worms : Ornithology","Insects : Entomology","Diseases : Physiology","Tissues : Morphology","b","Cytology is the study of cells. Entomology is the study of insects.","hard","","oetp","net:past_paper"
"english-ch2-q6","en-ch2-q6","English","english","2","analogies","Analogies","topic","Elevated : Exalted :: ___ : ___","Dirty : Filthy","Disorderly : Unfaithful","Raise : Commensurate","Promoted : Excellence","a","Elevated and exalted are synonyms (second is more intense). Dirty and filthy are synonyms (filthy is more intense).","easy","","oetp","net:past_paper"
"english-ch2-q7","en-ch2-q7","English","english","2","analogies","Analogies","topic","Birds : Aves :: ___ : ___","Fish : Water","Whale : Fish","Lizard : Insect","Man : Homosapiens","d","Aves is the scientific classification of birds. Homo sapiens is the scientific classification of humans.","hard","","oetp","net:past_paper"
"english-ch2-q8","en-ch2-q8","English","english","2","analogies","Analogies","topic","Badminton : Court :: ___ : ___","Hockey : Stick","Cricket : Bat","Skating : Rink","Football : Goal","c","Badminton is played in a court. Skating is done in a rink. Sport-to-venue relationship.","easy","","oetp","net:past_paper"
"english-ch2-q9","en-ch2-q9","English","english","2","analogies","Analogies","topic","Dusk : Night :: ___ : ___","Afternoon : Evening","Infant : Child","Walk : Run","Day : Light","b","Dusk is the beginning stage of night. Infant is the beginning stage of a child's life.","easy","","oetp","net:past_paper"
"english-ch2-q10","en-ch2-q10","English","english","2","analogies","Analogies","topic","Teeth : Chew :: ___ : ___","Mind : Think","Sweater : Heat","Food : Taste","Eyes : Flicker","a","The function of teeth is to chew. The function of the mind is to think.","easy","","oetp","net:past_paper"
"english-ch2-q11","en-ch2-q11","English","english","2","analogies","Analogies","topic","Cat : Mouse :: ___ : ___","Horse : Stable","Trap : Cheese","Bird : Worm","Lion : Cage","c","A cat feeds on a mouse. A bird feeds on a worm. Predator-prey relationship.","easy","","oetp","net:past_paper"
"english-ch2-q12","en-ch2-q12","English","english","2","analogies","Analogies","topic","Balance : Weigh :: ___ : ___","Airplane : Height","Radar : Detection","Satellite : Revolution","Television : Picture","b","A balance is used for weighing. A radar is used for detection. Object-to-purpose relationship.","medium","","oetp","net:past_paper"
"english-ch2-q13","en-ch2-q13","English","english","2","analogies","Analogies","topic","Shield : Soldier :: ___ : ___","Law : Court","Stethoscope : Doctor","Helmet : Rider","Sword : Warrior","c","A shield protects a soldier. A helmet protects a rider. Protective gear-to-user relationship.","medium","","oetp","net:past_paper"
"english-ch2-q14","en-ch2-q14","English","english","2","analogies","Analogies","topic","Fish : Shoal :: ___ : ___","Shark : School","Whale : Herd","Elephant : Flock","Audience : Theatre","a","A shoal is a group of fish. A school is a group of sharks. Animal-to-collective noun relationship.","hard","","oetp","net:past_paper"
"english-ch2-q15","en-ch2-q15","English","english","2","analogies","Analogies","topic","Canvas : Painter :: ___ : ___","Leather : Shoe","Chisel : Wood","Marble : Sculptor","Hammer : Carpenter","c","A painter works on canvas. A sculptor works on marble. Artist-to-material relationship.","medium","","oetp","net:past_paper"
"english-ch2-q16","en-ch2-q16","English","english","2","analogies","Analogies","topic","Pesticide : Plant :: ___ : ___","Injection : Disease","Vaccination : Body","Medicine : Cure","Teacher : Student","b","Pesticide protects a plant from pests. Vaccination protects the body from disease.","easy","","oetp","net:past_paper"
"english-ch2-q17","en-ch2-q17","English","english","2","analogies","Analogies","topic","Fox : Cunning :: ___ : ___","Cat : Playful","Horse : Runner","Vixen : Cute","Ant : Industrious","d","Fox is known for being cunning (simile). Ant is known for being industrious. Animal-to-characteristic relationship.","hard","","oetp","net:past_paper"
"english-ch2-q18","en-ch2-q18","English","english","2","analogies","Analogies","topic","Traffic : Road :: ___ : ___","Airplane : Aerodrome","Roots : Tree","Blood : Veins","Car : Garage","c","Traffic moves on a road. Blood flows through veins. Thing-to-channel relationship.","medium","","oetp","net:past_paper"
"english-ch2-q19","en-ch2-q19","English","english","2","analogies","Analogies","topic","Cattle : Drove :: ___ : ___","Soldier : Crew","Grain : Bundle","Chicken : Brood","Bees : Heap","c","A drove is a group of cattle. A brood is a group of chickens. Animal-to-collective noun relationship.","hard","","oetp","net:past_paper"
"english-ch2-q20","en-ch2-q20","English","english","2","analogies","Analogies","topic","Embarrass : Humiliate :: ___ : ___","Enquire : Ask","Embezzle : Peculate","Gamble : Investment","Annoy : Exasperate","d","Embarrass and humiliate are synonyms (humiliate is stronger). Annoy and exasperate are synonyms (exasperate is stronger).","easy","","oetp","net:past_paper"
"english-ch2-q21","en-ch2-q21","English","english","2","analogies","Analogies","topic","House : Ceiling :: ___ : ___","Hut : Roof","Building : Floor","Bed : Bedsheet","Grapes : Wine","a","The ceiling is the top of a house. The roof is the top of a hut.","medium","","oetp","net:past_paper"
"english-ch2-q22","en-ch2-q22","English","english","2","analogies","Analogies","topic","Fish : Aquarium :: ___ : ___","Teacher : Hostel","Bee : Apiary","Bird : Nest","Child : School","b","Fish are kept in an aquarium. Bees are kept in an apiary. Creature-to-habitat/container relationship.","easy","","oetp","net:past_paper"
"english-ch2-q23","en-ch2-q23","English","english","2","analogies","Analogies","topic","Dog : Kennel :: ___ : ___","Horse : Carriage","Sheep : Flock","Cow : Barn","Sports : Stadium","c","A dog lives in a kennel. A cow lives in a barn. Animal-to-home relationship.","easy","","oetp","net:past_paper"
"english-ch2-q24","en-ch2-q24","English","english","2","analogies","Analogies","topic","Practice : Perfection :: ___ : ___","Perseverance : Achievement","Run : Jump","Examination : Qualification","Medicine : Treatment","a","Practice leads to perfection. Perseverance leads to achievement. Cause-to-result relationship.","easy","","oetp","net:past_paper"
"english-ch2-q25","en-ch2-q25","English","english","2","analogies","Analogies","topic","Platform : Train :: ___ : ___","Airplane : Aerodrome","Hotel : Tourist","Quay : Ship","Footpath : Traveler","c","A platform is where a train stops. A quay is where a ship docks.","easy","","oetp","net:past_paper"
"english-ch2-q26","en-ch2-q26","English","english","2","analogies","Analogies","topic","Paper : Ream :: ___ : ___","Eggs : Dozen","Books : Pile","Twigs : Bush","Food : Packet","a","Paper is measured/sold in reams. Eggs are measured/sold in dozens.","hard","","oetp","net:past_paper"
"english-ch2-q27","en-ch2-q27","English","english","2","analogies","Analogies","topic","Sonnet : Poem :: ___ : ___","Ballad : Stanza","Murder : Crime","Lie : Falsehood","Ode : Verse","b","A sonnet is a type of poem. A murder is a type of crime. Specific-to-general relationship.","hard","","oetp","net:past_paper"
"english-ch2-q28","en-ch2-q28","English","english","2","analogies","Analogies","topic","Explosion : Destruction :: ___ : ___","Talk : Exaggeration","Girl : Woman","Success : Failure","Engagement : Marriage","d","An explosion leads to destruction. Engagement leads to marriage. Cause-to-effect relationship.","easy","","oetp","net:past_paper"
"english-ch2-q29","en-ch2-q29","English","english","2","analogies","Analogies","topic","Pen : Nib :: ___ : ___","Book : Knowledge","Sword : Blade","Radio : Transistor","Nut : Bolt","b","The nib is the topmost part of a pen. The blade is the topmost part of a sword.","easy","","oetp","net:past_paper"
"english-ch2-q30","en-ch2-q30","English","english","2","analogies","Analogies","topic","Necessity : Invention :: ___ : ___","Curiosity : Knowledge","Nation : Citizens","Price : Commodity","Language : Conversation","a","Necessity leads to invention. Curiosity leads to knowledge. Both are cause-to-effect.","hard","","oetp","net:past_paper"
"english-ch2-q31","en-ch2-q31","English","english","2","analogies","Analogies","topic","Weight : Kilogram :: ___ : ___","Seconds : Hours","Distance : Kilometer","Bushel : Corn","Mile : Length","b","Weight is measured in kilograms. Distance is measured in kilometers. Quantity-to-unit relationship.","easy","","oetp","net:past_paper"
"english-ch2-q32","en-ch2-q32","English","english","2","analogies","Analogies","topic","Sigh : Relief :: ___ : ___","Tear : Joy","Trembling : Fear","Carelessness : Accident","Sweat : Hot","b","A sigh is a sign of relief. Trembling is a sign of fear.","easy","","oetp","net:past_paper"
"english-ch2-q33","en-ch2-q33","English","english","2","analogies","Analogies","topic","Ecstasy : Pleasure :: ___ : ___","Hatred : Affection","Joy : Grief","Rage : Anger","Mumble : Speak","c","Ecstasy is an intense form of pleasure. Rage is an intense form of anger. Degree of intensity relationship.","easy","","oetp","net:past_paper"
"english-ch2-q34","en-ch2-q34","English","english","2","analogies","Analogies","topic","Branch : Tree :: ___ : ___","Crest : Wave","Bulb : Filament","Clothes : Cupboard","Water : Tar","a","A branch is a part of a tree. A crest is a part of a wave. Part-to-whole relationship.","hard","","oetp","net:past_paper"
"english-ch2-q35","en-ch2-q35","English","english","2","analogies","Analogies","topic","Friendly : Inimical :: ___ : ___","Lithosphere : Hydrosphere","Condemnation : Approval","Abstain : Refrain","Disappointment : Embarrassment","b","Friendly and inimical are antonyms. Condemnation and approval are antonyms.","medium","","oetp","net:past_paper"
"english-ch2-q36","en-ch2-q36","English","english","2","analogies","Analogies","topic","Implicate : Incriminate :: ___ : ___","Involvement : Malpractice","Exonerate : Acquit","Embezzlement : Charge","Perjury : Fraud","b","Implicate and incriminate are synonyms. Exonerate and acquit are synonyms.","hard","","oetp","net:past_paper"
"english-ch2-q37","en-ch2-q37","English","english","2","analogies","Analogies","topic","Range : Mountain :: ___ : ___","Point : Line","Bouquet : Flower","School : Class","String : Bead","d","A range is a continuous chain of mountains. A string is a continuous chain of beads.","hard","","oetp","net:past_paper"
"english-ch2-q38","en-ch2-q38","English","english","2","analogies","Analogies","topic","Chair : Carpenter :: ___ : ___","Grass : Gardener","Medicine : Doctor","Bridge : Engineer","Radio : Radiologist","c","A chair is made by a carpenter. A bridge is designed by an engineer. Product-to-maker relationship.","easy","","oetp","net:past_paper"
"english-ch2-q39","en-ch2-q39","English","english","2","analogies","Analogies","topic","Revolver : Holster :: ___ : ___","Book : Bag","Eye : Eyelid","Juice : Glass","Nostril : Nose","a","A revolver is kept in a holster. A book is kept in a bag. Item-to-container relationship.","easy","","oetp","net:past_paper"
"english-ch2-q40","en-ch2-q40","English","english","2","analogies","Analogies","topic","Spring : Summer :: ___ : ___","Adolescence : Youth","Fight : Battle","Stagger : Walk","Read : Learn","a","Spring comes before summer. Adolescence comes before (after) youth — adolescence follows youth.","medium","","oetp","net:past_paper"
"english-ch2-q41","en-ch2-q41","English","english","2","analogies","Analogies","topic","Teeth : Dentist :: ___ : ___","Legs : Philanthropist","Eyes : Oculist","Operation : Surgeon","Sight : Spectator","b","A dentist specialises in teeth. An oculist specialises in eyes.","medium","","oetp","net:past_paper"
"english-ch2-q42","en-ch2-q42","English","english","2","analogies","Analogies","topic","Textile : Mill :: ___ : ___","Eggs : Hen","Coal : Mine","Food : Agriculture","Brick : Kiln","d","Textiles are produced in a mill. Bricks are produced in a kiln. Product-to-production place.","hard","","oetp","net:past_paper"
"english-ch2-q43","en-ch2-q43","English","english","2","analogies","Analogies","topic","Modesty : Arrogance :: ___ : ___","Passion : Emotion","Practice : Perfection","Cause : Purpose","Debility : Strength","d","Modesty and arrogance are antonyms. Debility (weakness) and strength are antonyms.","hard","","oetp","net:past_paper"
"english-ch2-q44","en-ch2-q44","English","english","2","analogies","Analogies","topic","Shoes : Cobbler :: ___ : ___","Spectacles : Optician","Education : Teacher","Oxygen : Plant","Food : Kitchen","a","A cobbler makes shoes. An optician makes spectacles.","easy","","oetp","net:past_paper"
"english-ch2-q45","en-ch2-q45","English","english","2","analogies","Analogies","topic","Cool : Cold :: ___ : ___","Length : Width","Gold : Bourne","Plant : Tree","Pretty : Beautiful","d","Cold is a more intense form of cool. Beautiful is a more intense form of pretty. Degree of intensity.","easy","","oetp","net:past_paper"
"english-ch2-q46","en-ch2-q46","English","english","2","analogies","Analogies","topic","Wrestler : Arena :: ___ : ___","Cricket : Pitch","Ring : Finger","Farmer : Field","Assistant : Clerk","a","A wrestler competes in an arena. Cricket is played on a pitch. Athlete-to-venue relationship.","easy","","oetp","net:past_paper"
"english-ch2-q47","en-ch2-q47","English","english","2","analogies","Analogies","topic","Symphony : Music :: ___ : ___","Mural : Painting","Ode : Prose","Preface : Book","Editorial : Journal","a","A symphony is a type of music. A mural is a type of painting. Specific-to-general relationship.","easy","","oetp","net:past_paper"
"english-ch2-q48","en-ch2-q48","English","english","2","analogies","Analogies","topic","Traitor : Disloyalty :: ___ : ___","Executioner : Reliability","Rebel : Defiance","Manager : Administration","Hope : Pessimism","b","A traitor is defined by disloyalty. A rebel is defined by defiance. Person-to-defining characteristic.","medium","","oetp","net:past_paper"
"english-ch2-q49","en-ch2-q49","English","english","2","analogies","Analogies","topic","Arrows : Quiver :: ___ : ___","Fear : Tremble","Money : Bank","Sound : Music","Coin : Mint","b","Arrows are kept in a quiver. Money is kept in a bank. Item-to-storage place.","hard","","oetp","net:past_paper"
"english-ch2-q50","en-ch2-q50","English","english","2","analogies","Analogies","topic","Sound : Muffled :: ___ : ___","Moisture : Humid","Color : Faded","Despair : Anger","Odor : Pungent","b","Muffled is the state of sound gradually disappearing. Faded is the state of colour gradually disappearing.","hard","","oetp","net:past_paper"
"english-ch3-q1","en-ch3-q1","English","english","3","reading-comprehension","Reading Comprehension","topic","[Passage: Opera] Based on the passage, which statement is correct?","Opera requires singers who can act brilliantly","Music in opera is less important than in musical theater","Music in musical theater is not as important as it is in opera","Opera was developed in America","c","The passage states that in musical theater, dramatic performance is primary and music plays a lesser role — contrasting with opera where music is central.","hard","","oetp","net:past_paper"
"english-ch3-q2","en-ch3-q2","English","english","3","reading-comprehension","Reading Comprehension","topic","[Passage: Dolphins] It is clear from the passage that dolphins ___:","Don't want to be with us as much as we want to be with them","Are proven to be less intelligent than once thought","Have a reputation for being friendly to humans","Are the most powerful creatures in the oceans","c","The first line states: 'Dolphins are regarded as the friendliest creatures in the sea and stories of them helping drowning sailors have been common since Roman times.'","easy","","oetp","net:past_paper"
"english-ch3-q3","en-ch3-q3","English","english","3","reading-comprehension","Reading Comprehension","topic","[Passage: Unsinkable Ship (Estonia)] One can understand from the reading that ___:","The lifesaving equipment did not work well","138 people managed to wade inside the boats","Naval architects claimed the Estonia was unsinkable","Most victims were trapped inside the boat as they were in their cabins","d","The passage states: 'It went down so quickly that most of those on board, caught in their dark, flooding cabins, had no chance to save themselves.'","hard","","oetp","net:past_paper"
"english-ch3-q4","en-ch3-q4","English","english","3","reading-comprehension","Reading Comprehension","topic","[Passage: Erosion in America] It is pointed out in the reading that in America ___:","Petroleum is causing heavy soil erosion and pollution problems","Heavy crop production is necessary to meet demands","Soil erosion has been hastened due to the overuse of farming lands","Water is undoubtedly the largest cause of erosion","c","The passage states: 'After 40 years of conservation efforts, soil erosion has accelerated due to new demands placed on the land by heavy crop production.'","hard","","oetp","net:past_paper"
"english-ch3-q5","en-ch3-q5","English","english","3","reading-comprehension","Reading Comprehension","topic","[Passage: Mexico Vacation] What can you conclude from the paragraph?","Hotels are very cheap in Mexico","The hotels aren't comfortable there","Hotels are all poor in Mexico","The hotels in Mexico are pretty expensive","d","The passage states: 'The hotels are too expensive to stay but there are more affordable options.'","easy","","oetp","net:past_paper"
"english-ch3-q6","en-ch3-q6","English","english","3","reading-comprehension","Reading Comprehension","topic","[Passage: Beach Vacation] We decided to go to the beach because ___:","It was cheaper than going to the mountains","The travel agent said it was the cheapest","The weather was hot in the mountains","We wanted to spend time at the beach","c","The passage states: 'Last summer, we decided to spend our vacation at the beach because the weather was very hot in the mountains.'","easy","","oetp","net:past_paper"
"english-ch3-q7","en-ch3-q7","English","english","3","reading-comprehension","Reading Comprehension","topic","[Passage: Harry Potter Party] What kind of organization/party is it?","It is a slumber party","It is a costume party","It is about making a cake","It is a dance party","b","The passage states: 'The theme of the party is going to be Harry Potter, so all must dress accordingly' — requiring costumes, making it a costume party.","easy","","oetp","net:past_paper"
"english-ch3-q8","en-ch3-q8","English","english","3","reading-comprehension","Reading Comprehension","topic","[Passage: Spiders] Unlike many people think ___:","Spiders can be used in the insecticide industry","The black widow is a dangerous species of spider","Spiders are the worst enemy of insects","A spider is not a kind of insect at all","d","The passage states: 'Often mistaken for insects, spiders actually belong to a different classification of creatures, called arachnids.'","hard","","oetp","net:past_paper"
"english-ch3-q9","en-ch3-q9","English","english","3","reading-comprehension","Reading Comprehension","topic","[Passage: Rebecca the Pen Pal] Which statement is correct?","Rebecca usually practises the drums on weekdays","Rebecca is interested in Science","Rebecca has got a music group at school","Rebecca and her friends like watching thrillers","b","The passage states that Rebecca's favourite subject is Science (the OCR was cut off but the answer key confirms option b).","easy","","oetp","net:past_paper"
"english-ch3-q10","en-ch3-q10","English","english","3","reading-comprehension","Reading Comprehension","topic","[Passage: Andriy the Car Mechanic] Andriy has been interested in cars since ___:","2007","He was born","He started driving","Very young age","d","The passage states: 'I have also been interested in cars since I was a child', meaning from a very young age.","easy","","oetp","net:past_paper"
"english-ch3-q11","en-ch3-q11","English","english","3","reading-comprehension","Reading Comprehension","topic","[Passage: Princess Diana] It is implied that before her marriage to Prince Charles, Diana was ___:","Widowed by another Prince of Wales","An unknown figure to the public","Followed by an army of photographers","A victim of the AIDS epidemic","b","The passage states: 'Diana, Princess of Wales, became famous when she decided to marry Prince Charles' — implying she was not famous before.","easy","","oetp","net:past_paper"
"english-ch3-q12","en-ch3-q12","English","english","3","reading-comprehension","Reading Comprehension","topic","[Passage: Nichole's Summer] Where does Nichole go in summer?","She goes to a big city","She goes to her uncle's farm","She goes to her cousin's hotel","She goes camping","b","The passage states: 'Every summer Nichole goes to the countryside for a month. She stays at her uncle's farm and helps him.'","easy","","oetp","net:past_paper"
"english-ch3-q13","en-ch3-q13","English","english","3","reading-comprehension","Reading Comprehension","topic","[Passage: Our Toy Shop] Which of the following questions cannot be answered from the passage?","Where is the toy shop located?","When is the busiest day at the toy shop?","Why is the toy shop so noisy?","What is the name of the toy shop?","d","The toy shop location, busiest day and noise reason are all answered in the passage, but the name of the shop is never mentioned.","medium","","oetp","net:past_paper"
"english-ch3-q14","en-ch3-q14","English","english","3","reading-comprehension","Reading Comprehension","topic","[Passage: School Cafeteria Texas] It is stated that both students and principals of schools in Texas ___:","Have the most qualified teaching staff","Are to commute between campus and downtown","Intend to devise new methods of dieting","Seem to be displeased with the current food policy","d","The passage states: 'Howls of protest could be heard everywhere. Principals complained about being forced to act as nutrition police.'","hard","","oetp","net:past_paper"
"english-ch3-q15","en-ch3-q15","English","english","3","reading-comprehension","Reading Comprehension","topic","[Passage: Joshua the Financial Adviser] Which of the following questions cannot be answered from the passage?","Why was Joshua so sleepy?","How many reports did he finish?","What time did he have his lunch?","Why did he visit his client?","a","There is no mention of why Joshua was so sleepy. The other questions are answered: 9 reports total, lunch at 12 pm, client visit to discuss financial plans.","medium","","oetp","net:past_paper"
"english-ch4-q1","en-ch4-q1","English","english","4","grammar","Grammar","topic","Fate smiles ___ those who untiringly grapple with stark realities of life.","At","Over","On","Up","c","We use 'on/upon' with 'smile' in the idiom 'smile on someone' meaning to favour them.","easy","","oetp","net:past_paper"
"english-ch4-q2","en-ch4-q2","English","english","4","grammar","Grammar","topic","The miser gazed ___ at the pile of gold coins in front of him.","Avidly","Admiringly","Thoughtfully","Earnestly","a","The miser is greedy; avidly means with extreme eagerness or greed.","medium","","oetp","net:past_paper"
"english-ch4-q3","en-ch4-q3","English","english","4","grammar","Grammar","topic","Catching the earlier train will give us the ___ to do some shopping.","Chance","Luck","Possibility","Occasion","a","'Give us the chance to' is the standard idiomatic expression here.","medium","","oetp","net:past_paper"
"english-ch4-q4","en-ch4-q4","English","english","4","grammar","Grammar","topic","I saw a ___ of cows in the field.","Group","Herd","Swarm","Flock","b","The collective noun for cows is a herd.","easy","","oetp","net:past_paper"
"english-ch4-q5","en-ch4-q5","English","english","4","grammar","Grammar","topic","The grapes are now ___ enough to be picked.","Ready","Mature","Ripe","Advanced","c","Ripe means fully grown and ready to be picked — the specific term for fruit.","easy","","oetp","net:past_paper"
"english-ch4-q6","en-ch4-q6","English","english","4","grammar","Grammar","topic","Success in this examination depends ___ hard work alone.","At","Over","For","On","d","The correct preposition with 'depend' is 'on'.","easy","","oetp","net:past_paper"
"english-ch4-q7","en-ch4-q7","English","english","4","grammar","Grammar","topic","My uncle decided to take ___ and my sister to the market.","I","Mine","Me","Myself","c","After a verb, the object pronoun 'me' is needed, not the subject pronoun 'I'.","medium","","oetp","net:past_paper"
"english-ch4-q8","en-ch4-q8","English","english","4","grammar","Grammar","topic","If you smuggle goods into the country, they may be ___ by the customs authority.","Possessed","Punished","Confiscated","Fined","c","Confiscated means officially seized by an authority — the correct legal term here.","medium","","oetp","net:past_paper"
"english-ch4-q9","en-ch4-q9","English","english","4","grammar","Grammar","topic","Man does not live by ___ alone.","Food","Bread","Meals","Diet","b","Biblical phrase: 'Man does not live by bread alone.' (Matthew 4:4)","easy","","oetp","net:past_paper"
"english-ch4-q10","en-ch4-q10","English","english","4","grammar","Grammar","topic","Ahmed behaves strangely at home — nobody gets ___ him.","About","Over","Through","Up","c","'Get through to someone' means to make them understand or reach them emotionally.","medium","","oetp","net:past_paper"
"english-ch4-q11","en-ch4-q11","English","english","4","grammar","Grammar","topic","Rida and Ramsha are twin sisters, but they don't look ___.","About","Different","Likely","Alike","d","Twins are expected to look similar; 'alike' (meaning similar in appearance) is correct.","easy","","oetp","net:past_paper"
"english-ch4-q12","en-ch4-q12","English","english","4","grammar","Grammar","topic","To err is ___, to forgive divine.","Inhumane","Human","Natural","Inhuman","b","Alexander Pope's famous phrase: 'To err is human, to forgive divine.'","hard","","oetp","net:past_paper"
"english-ch4-q13","en-ch4-q13","English","english","4","grammar","Grammar","topic","The bruising party had to put its own house ___ order.","Into","In","Onto","For","b","'Put in order' means to organise. 'In order' is the correct fixed phrase.","medium","","oetp","net:past_paper"
"english-ch4-q14","en-ch4-q14","English","english","4","grammar","Grammar","topic","___ of old paintings is a delicate job requiring skilled people.","Resurgence","Retrieval","Restoration","Resumption","c","Restoration means repairing and returning artworks to original condition.","medium","","oetp","net:past_paper"
"english-ch4-q15","en-ch4-q15","English","english","4","grammar","Grammar","topic","During Eid festival the shops are ___ of people.","Full","Bubbling","Crowded","Stuffed","a","'Full of people' is natural. 'Crowded with' takes 'with', not 'of'.","medium","","oetp","net:past_paper"
"english-ch4-q16","en-ch4-q16","English","english","4","grammar","Grammar","topic","The paths of glory lead ___ to the grave.","Straight","But","In","Directly","b","Thomas Gray's 'Elegy': 'The paths of glory lead but to the grave.' ('But' = 'only'.)","hard","","oetp","net:past_paper"
"english-ch4-q17","en-ch4-q17","English","english","4","grammar","Grammar","topic","The telephone ___ several times before I answered it.","Was Ringing","Has Rung","Had Rung","Would Ring","c","Past perfect (had + participle) for an action completed before another past action.","hard","","oetp","net:past_paper"
"english-ch4-q18","en-ch4-q18","English","english","4","grammar","Grammar","topic","He passed the examination in the first class because he ___:","Was Hard Working","Worked Hardly","Had Worked Hard","Was Working Hard","c","Past perfect shows the completed effort that led to the result.","hard","","oetp","net:past_paper"
"english-ch4-q19","en-ch4-q19","English","english","4","grammar","Grammar","topic","Quaid-e-Azam spent his last days ___ Ziarat residency.","At","In","On","Across","a","'At' is used for specific locations/addresses.","medium","","oetp","net:past_paper"
"english-ch4-q20","en-ch4-q20","English","english","4","grammar","Grammar","topic","Negotiations require sincerity on each side and ___ in the sincerity of the other side.","Faith","Belief","Substance","Certainty","a","'Faith in' is the natural idiomatic expression for trust in someone's sincerity.","hard","","oetp","net:past_paper"
"english-ch4-q21","en-ch4-q21","English","english","4","grammar","Grammar","topic","I hate it; he ___ always smells of garlic.","Beside","Along","At","Besides","a","'Beside him' means at the side of him — the sentence describes sitting next to someone.","medium","","oetp","net:past_paper"
"english-ch4-q22","en-ch4-q22","English","english","4","grammar","Grammar","topic","Some regions of our country still remain ___ to the permanent age.","Inaccessible","Impossible","Impermeable","Impenetrable","a","Inaccessible means unable to be reached — fits the context of remote regions.","medium","","oetp","net:past_paper"
"english-ch4-q23","en-ch4-q23","English","english","4","grammar","Grammar","topic","It ___ that Miraal will not be selected for the post.","Feels","Looks","Believes","Seems","d","'Seems that' is the correct construction. 'Feels like' takes a different form.","medium","","oetp","net:past_paper"
"english-ch4-q24","en-ch4-q24","English","english","4","grammar","Grammar","topic","Teachers are up ___ some major problems these days.","For","Into","Against","To","c","'Up against' means facing a very difficult situation.","medium","","oetp","net:past_paper"
"english-ch4-q25","en-ch4-q25","English","english","4","grammar","Grammar","topic","I have not seen you ___ a week.","Within","Since","For","From","c","'For' specifies a duration (for a week). 'Since' is used for a specific point in time.","easy","","oetp","net:past_paper"
"english-ch4-q26","en-ch4-q26","English","english","4","grammar","Grammar","topic","I listened, but I had no idea what he was ___ about.","Saying","Talking","Telling","Discussing","b","'Talking about' is the correct idiomatic construction here.","medium","","oetp","net:past_paper"
"english-ch4-q27","en-ch4-q27","English","english","4","grammar","Grammar","topic","The car in which the minister was travelling ___ with an accident.","Hit","Drove","Crashed","Met","d","'Met with an accident' is the correct idiomatic expression.","medium","","oetp","net:past_paper"
"english-ch4-q28","en-ch4-q28","English","english","4","grammar","Grammar","topic","The non-cooperative attitude of the members can only ___ the image of the society.","Spoil","Improve","Degrade","Defame","a","'Spoil the image' is the most natural idiomatic expression here.","medium","","oetp","net:past_paper"
"english-ch4-q29","en-ch4-q29","English","english","4","grammar","Grammar","topic","Sania is quite intelligent but rather ___.","Idealistic","Generous","Lazy","Optimistic","c","'But rather' introduces a contrasting (negative) quality to the positive 'intelligent'. Lazy is the contrast.","hard","","oetp","net:past_paper"
"english-ch4-q30","en-ch4-q30","English","english","4","grammar","Grammar","topic","In a cut-price deal, Pepsi Cola ___ the entire soft drink market in Afghanistan.","Occupied","Conquered","Swallowed","Captured","d","'Capture the market' is the standard business idiom for gaining control of a market.","medium","","oetp","net:past_paper"
"english-ch4-q31","en-ch4-q31","English","english","4","grammar","Grammar","topic","He ___ on wearing the old-fashioned coat in spite of his wife's disapproval.","Insists","Persists","Desists","Resists","b","'Persist in doing something' means to continue despite opposition.","hard","","oetp","net:past_paper"
"english-ch4-q32","en-ch4-q32","English","english","4","grammar","Grammar","topic","She ___ a brief appearance at the end of the party.","Put On","Put In","Put Across","Put Up","b","'Put in an appearance' is the idiom meaning to briefly attend an event.","medium","","oetp","net:past_paper"
"english-ch4-q33","en-ch4-q33","English","english","4","grammar","Grammar","topic","Life is to death as pleasure is to ___:","Poverty","Suffering","Anguish","Pain","d","Life:death are antonyms; pleasure:pain are antonyms — analogy-style grammar.","easy","","oetp","net:past_paper"
"english-ch4-q34","en-ch4-q34","English","english","4","grammar","Grammar","topic","The family has been able to ___ its lavish lifestyle despite assets being ___:","Keep, Removed","Afford, Attached","Develop, Liquidated","Keep Up, Destroyed","b","'Afford a lifestyle' + 'assets attached' (legal term for seized/frozen assets).","hard","","oetp","net:past_paper"
"english-ch4-q35","en-ch4-q35","English","english","4","grammar","Grammar","topic","The machine is difficult to build ___ easy to maintain.","But","And","For","If","a","'But' connects contrasting ideas (difficult vs easy).","easy","","oetp","net:past_paper"
"english-ch4-q36","en-ch4-q36","English","english","4","grammar","Grammar","topic","If you work beyond your capacity, you will naturally feel ___:","Drowsy","Tired","Confident","Giddy","b","Overworking causes tiredness — the most direct and natural answer.","easy","","oetp","net:past_paper"
"english-ch4-q37","en-ch4-q37","English","english","4","grammar","Grammar","topic","If you persist in telling lies to me, I shall sue you ___ slander.","To","On","For","With","c","'Sue someone for something' — 'for' is the correct preposition in legal context.","medium","","oetp","net:past_paper"
"english-ch4-q38","en-ch4-q38","English","english","4","grammar","Grammar","topic","His father-in-law ___ him up in business.","Put","Made","Set","Built","c","'Set up in business' means to help someone start a business — the standard expression.","hard","","oetp","net:past_paper"
"english-ch4-q39","en-ch4-q39","English","english","4","grammar","Grammar","topic","___ works of reference are valuable as Encyclopaedia Britannica.","A Few","Few","The Few","Fewer","b","'Few' means very small in number (implying scarcity). 'A few' means some (positive). Here few implies only a limited number are truly valuable.","hard","","oetp","net:past_paper"
"english-ch4-q40","en-ch4-q40","English","english","4","grammar","Grammar","topic","This book is quite similar ___:","With The Treasure Island","Of That Film We Saw At School","To The One I Read Last Week","Than A Story Told By Our Teacher","c","'Similar to' is the correct preposition — 'similar to the one I read last week'.","medium","","oetp","net:past_paper"
"english-ch4-q41","en-ch4-q41","English","english","4","grammar","Grammar","topic","If our friends cannot take us in their car, we must make ___ arrangements to go to the airport.","Alternative","Another","Alternate","Possible","a","Alternative (noun/adjective) means a different option. Alternate (verb) means to swap between two things repeatedly.","hard","","oetp","net:past_paper"
"english-ch4-q42","en-ch4-q42","English","english","4","grammar","Grammar","topic","A crescendo of metallic thuds arose from the market, where the ironsmiths were ___ the pieces of metal.","Flattening","Striking","Hammering","Thrashing","c","Hammering produces the metallic thuds described — the most precise and natural word here.","medium","","oetp","net:past_paper"
"english-ch4-q43","en-ch4-q43","English","english","4","grammar","Grammar","topic","I haven't eaten an apple ___ a long while.","From","Since","For","Until","c","'For' specifies a duration (for a long while). 'Since' is used for a specific point in time.","easy","","oetp","net:past_paper"
"english-ch4-q44","en-ch4-q44","English","english","4","grammar","Grammar","topic","The parliament invested the new organisation ___ judicial authority.","By","With","From","Through","b","'Invest with' means to give someone a particular quality or authority.","hard","","oetp","net:past_paper"
"english-ch4-q45","en-ch4-q45","English","english","4","grammar","Grammar","topic","Owing to the power cut, factories are being forced to ___ men:","Throw Away","Send Off","Put Off","Lay Off","d","'Lay off' means to discharge workers due to shortage of work.","medium","","oetp","net:past_paper"
"english-ch4-q46","en-ch4-q46","English","english","4","grammar","Grammar","topic","Man must ___ to stop pollution.","Act","Perform","Operate","Behave","a","'Act to stop' is the natural expression. 'Perform', 'operate' and 'behave' do not collocate well here.","easy","","oetp","net:past_paper"
"english-ch4-q47","en-ch4-q47","English","english","4","grammar","Grammar","topic","He was sent to the prison for his ___:","Sin","Vice","Crime","Guilt","c","Criminals are sent to prison for their crimes. 'Sin' is used in religious contexts.","easy","","oetp","net:past_paper"
"english-ch4-q48","en-ch4-q48","English","english","4","grammar","Grammar","topic","The answer was written ___ blue ink.","With","By","In","On","c","We write in ink (in blue ink) — 'in' is the correct preposition for writing medium.","easy","","oetp","net:past_paper"
"english-ch4-q49","en-ch4-q49","English","english","4","grammar","Grammar","topic","Many ___ decisions were taken at the meeting.","Hectic","Historic","Historical","Histrionic","b","Historic means famous or important in history. Historical means relating to history. 'Historic decisions' is the correct collocation.","hard","","oetp","net:past_paper"
"english-ch4-q50","en-ch4-q50","English","english","4","grammar","Grammar","topic","Those who persist in the endeavour at long last triumph ___ the odds of life.","Over","On","Upon","About","a","'Triumph over' means to defeat or succeed against something. It's the correct phrasal expression.","easy","","oetp","net:past_paper"
