external_id,source_id,subject,subject_slug,chapter_num,chapter_slug,chapter_title,node_kind,statement,option_a,option_b,option_c,option_d,option_e,correct_option,explanation,difficulty,flag_for_review,source,tests
pu-verbal-reasoning-ch1-q1,p010-q1,Verbal Reasoning,pu-verbal-reasoning,1,analogy,Analogy,topic,Jesus is related to Christians in the same way as Zoroaster is related to ___?,Jews,Parsis,Tribals,Catholics,,b,"Zoroaster is the prophet of the Parsis (Zoroastrians), just as Jesus is central to Christians. Prophet-to-followers relationship.",easy,,pu-dogar,pu-e:past_paper;pu-m:past_paper;pu-ahs:past_paper;pu-csp:past_paper;pu-css:past_paper;pu-cse:past_paper;pu-gs:past_paper;pu-com:past_paper
pu-verbal-reasoning-ch1-q2,p010-q2,Verbal Reasoning,pu-verbal-reasoning,1,analogy,Analogy,topic,South is related to North-West in the same way as West is related to ___?,South-West,East,North-East,South,,c,The second term is the direction 135 degrees clockwise from the first; by the same rotation West maps to North-East.,medium,,pu-dogar,pu-e:past_paper;pu-m:past_paper;pu-ahs:past_paper;pu-csp:past_paper;pu-css:past_paper;pu-cse:past_paper;pu-gs:past_paper;pu-com:past_paper
pu-verbal-reasoning-ch1-q3,p010-q3,Verbal Reasoning,pu-verbal-reasoning,1,analogy,Analogy,topic,Summit is related to Apex in the same way as Summon is related to ___?,Court,Judge,Witness,Beckon,,d,Summit and Apex are synonyms (highest point); Summon and Beckon are synonyms (to call someone).,easy,,pu-dogar,pu-e:past_paper;pu-m:past_paper;pu-ahs:past_paper;pu-csp:past_paper;pu-css:past_paper;pu-cse:past_paper;pu-gs:past_paper;pu-com:past_paper
pu-verbal-reasoning-ch1-q4,p010-q4,Verbal Reasoning,pu-verbal-reasoning,1,analogy,Analogy,topic,Distil is related to Whisky in the same way as Brew is related to ___?,Ferment,Gin,Beer,Sugar,,c,Distilling produces whisky; brewing produces beer. Process-to-product relationship.,medium,,pu-dogar,pu-e:past_paper;pu-m:past_paper;pu-ahs:past_paper;pu-csp:past_paper;pu-css:past_paper;pu-cse:past_paper;pu-gs:past_paper;pu-com:past_paper
pu-verbal-reasoning-ch1-q5,p010-q5,Verbal Reasoning,pu-verbal-reasoning,1,analogy,Analogy,topic,DDT is related to Abbreviation in the same way as LASER is related to ___?,Antithesis,Acronym,Epigram,Epithet,,b,DDT is an abbreviation (spelled out); LASER is an acronym (pronounced as a word).,medium,,pu-dogar,pu-e:past_paper;pu-m:past_paper;pu-ahs:past_paper;pu-csp:past_paper;pu-css:past_paper;pu-cse:past_paper;pu-gs:past_paper;pu-com:past_paper
pu-verbal-reasoning-ch2-q1,p011-q6,Verbal Reasoning,pu-verbal-reasoning,2,synonyms,Synonyms,topic,Choose the synonym of STRIDENCY:,Harshness,Flippant,Consistency,Stress,,a,"Stridency means a harsh, grating quality of sound; its synonym is harshness.",medium,,pu-dogar,pu-e:past_paper;pu-m:past_paper;pu-ahs:past_paper;pu-csp:past_paper;pu-css:past_paper;pu-cse:past_paper;pu-gs:past_paper;pu-com:past_paper
pu-verbal-reasoning-ch2-q2,p011-q7,Verbal Reasoning,pu-verbal-reasoning,2,synonyms,Synonyms,topic,Choose the synonym of ACUTE:,Curious,Severe,Accidental,Rice,,b,Acute means intense or severe (as in acute pain); synonym is severe.,easy,,pu-dogar,pu-e:past_paper;pu-m:past_paper;pu-ahs:past_paper;pu-csp:past_paper;pu-css:past_paper;pu-cse:past_paper;pu-gs:past_paper;pu-com:past_paper
pu-verbal-reasoning-ch3-q1,p011-q8,Verbal Reasoning,pu-verbal-reasoning,3,antonyms,Antonyms,topic,Choose the antonym of OFTEN:,Quickly,Never,Never,Sometimes,,b,The antonym of 'often' (frequently) is 'never' (not at any time). 'Sometimes' means 'on some occasions' and is not the true antonym.,medium,,pu-dogar,pu-e:past_paper;pu-m:past_paper;pu-ahs:past_paper;pu-csp:past_paper;pu-css:past_paper;pu-cse:past_paper;pu-gs:past_paper;pu-com:past_paper
pu-verbal-reasoning-ch3-q2,p011-q9,Verbal Reasoning,pu-verbal-reasoning,3,antonyms,Antonyms,topic,Choose the antonym of REJECT:,Allow,Agree,Refuse,Accept,,d,The antonym of reject (to refuse) is accept.,easy,,pu-dogar,pu-e:past_paper;pu-m:past_paper;pu-ahs:past_paper;pu-csp:past_paper;pu-css:past_paper;pu-cse:past_paper;pu-gs:past_paper;pu-com:past_paper
pu-verbal-reasoning-ch4-q1,p011-q10,Verbal Reasoning,pu-verbal-reasoning,4,sentence-completion,Sentence Completion,topic,Stop taking drugs lest you ___ caught.,Might be caught,Will be caught,May be caught,Would be caught,,a,Lest' is followed by 'should/might' + base verb; 'might be caught' is correct.,medium,,pu-dogar,pu-e:past_paper;pu-m:past_paper;pu-ahs:past_paper;pu-csp:past_paper;pu-css:past_paper;pu-cse:past_paper;pu-gs:past_paper;pu-com:past_paper
pu-verbal-reasoning-ch4-q2,p011-q11,Verbal Reasoning,pu-verbal-reasoning,4,sentence-completion,Sentence Completion,topic,It is ___ to me whether he lives in Karachi or Hyderabad.,All but one,All one,One and the same,All or one,,c,The idiom 'one and the same' means it makes no difference.,medium,,pu-dogar,pu-e:past_paper;pu-m:past_paper;pu-ahs:past_paper;pu-csp:past_paper;pu-css:past_paper;pu-cse:past_paper;pu-gs:past_paper;pu-com:past_paper
pu-verbal-reasoning-ch4-q3,p011-q12,Verbal Reasoning,pu-verbal-reasoning,4,sentence-completion,Sentence Completion,topic,"In his lecture, he dealt ___ the cause of the Gulf War.",With,On,For,No improvement,,a,Deal with' is the correct collocation meaning to address a topic.,easy,,pu-dogar,pu-e:past_paper;pu-m:past_paper;pu-ahs:past_paper;pu-csp:past_paper;pu-css:past_paper;pu-cse:past_paper;pu-gs:past_paper;pu-com:past_paper
pu-verbal-reasoning-ch4-q4,p011-q13,Verbal Reasoning,pu-verbal-reasoning,4,sentence-completion,Sentence Completion,topic,It is ___ since Haris went away.,One and quarter,One and quarter hour,One hours and quarter,One hour and a quarter,,d,The grammatically correct time expression is 'one hour and a quarter'.,medium,,pu-dogar,pu-e:past_paper;pu-m:past_paper;pu-ahs:past_paper;pu-csp:past_paper;pu-css:past_paper;pu-cse:past_paper;pu-gs:past_paper;pu-com:past_paper
pu-verbal-reasoning-ch4-q5,p011-q14,Verbal Reasoning,pu-verbal-reasoning,4,sentence-completion,Sentence Completion,topic,"Where politics fails, economics ___.",May sometimes succeeds,May sometime succeeds,Sometimes succeed,Sometimes succeeds,,d,'Sometimes succeeds' is the grammatically correct form: 'economics' is a singular noun requiring the singular verb 'succeeds'. 'May sometimes succeeds' (option a) is ungrammatical.,medium,,pu-dogar,pu-e:past_paper;pu-m:past_paper;pu-ahs:past_paper;pu-csp:past_paper;pu-css:past_paper;pu-cse:past_paper;pu-gs:past_paper;pu-com:past_paper
pu-verbal-reasoning-ch4-q6,p011-q15,Verbal Reasoning,pu-verbal-reasoning,4,sentence-completion,Sentence Completion,topic,He has been working ___ for several years to compile a dictionary.,Regularly,Constantly,On and off,On or off,,c,Off and on' means the same as 'on and off' (intermittently).,easy,,pu-dogar,pu-e:past_paper;pu-m:past_paper;pu-ahs:past_paper;pu-csp:past_paper;pu-css:past_paper;pu-cse:past_paper;pu-gs:past_paper;pu-com:past_paper
pu-verbal-reasoning-ch5-q1,p011-q16,Verbal Reasoning,pu-verbal-reasoning,5,comprehension,Comprehension,topic,[Cricket passage] What is/are true of Shrewsbury? I. He was a cricket player. II. His technical knowledge about cricket was poor. III. There was no spirit in his play.,I and II,I and III,Only I,None of these,,b,The passage says Shrewsbury was technically astonishing (so II is false) but lacked spirit; statements I (player) and III (no spirit) are true.,hard,,pu-dogar,pu-e:past_paper;pu-m:past_paper;pu-ahs:past_paper;pu-csp:past_paper;pu-css:past_paper;pu-cse:past_paper;pu-gs:past_paper;pu-com:past_paper
pu-verbal-reasoning-ch5-q2,p012-q17,Verbal Reasoning,pu-verbal-reasoning,5,comprehension,Comprehension,topic,[Cricket passage] The author feels that:,Technical perfection is not required in playing an enjoyable cricket,He who plays cricket with adventure and enthusiasm makes it enjoyable,He who scores a century must be a good cricketer,Cricket is a monotonous game,,b,The author values joyous adventure and enthusiasm over mere technical run-scoring.,medium,,pu-dogar,pu-e:past_paper;pu-m:past_paper;pu-ahs:past_paper;pu-csp:past_paper;pu-css:past_paper;pu-cse:past_paper;pu-gs:past_paper;pu-com:past_paper
pu-verbal-reasoning-ch5-q3,p012-q18,Verbal Reasoning,pu-verbal-reasoning,5,comprehension,Comprehension,topic,[Cricket passage] Jam Sahib:,Was a splendid cricket player,Lived in Nawanagar,Neither (A) nor (B) is true,Both (A) and (B) are true,,d,"The passage describes Jam Sahib as a splendid player and the ruler of Nawanagar, so both statements are true.",medium,,pu-dogar,pu-e:past_paper;pu-m:past_paper;pu-ahs:past_paper;pu-csp:past_paper;pu-css:past_paper;pu-cse:past_paper;pu-gs:past_paper;pu-com:past_paper
pu-verbal-reasoning-ch5-q4,p012-q19,Verbal Reasoning,pu-verbal-reasoning,5,comprehension,Comprehension,topic,[Cricket passage] 'In literature as in finance... much paper and much poverty may co-exist.' What does it mean?,Jam Sahib was rich man as he was the king of Nawanagar,Shrewsbury was a poor man,The cricketer who gets lot of runs may not play an enjoyable cricket,None of these,,c,The metaphor means quantity (many runs / much paper) can coexist with poverty of quality; a high-scoring cricketer may still play joyless cricket.,hard,,pu-dogar,pu-e:past_paper;pu-m:past_paper;pu-ahs:past_paper;pu-csp:past_paper;pu-css:past_paper;pu-cse:past_paper;pu-gs:past_paper;pu-com:past_paper
pu-verbal-reasoning-ch5-q5,p012-q20,Verbal Reasoning,pu-verbal-reasoning,5,comprehension,Comprehension,topic,[Cricket passage] What gives cricket its character?,The spirit of sacrifice,The spirit of joyous adventure,The gaiety daring attitude of the player,All of these,,d,"The passage attributes cricket's character to sacrifice, joyous adventure, and the player's daring gaiety together.",medium,,pu-dogar,pu-e:past_paper;pu-m:past_paper;pu-ahs:past_paper;pu-csp:past_paper;pu-css:past_paper;pu-cse:past_paper;pu-gs:past_paper;pu-com:past_paper
pu-quantitative-reasoning-ch1-q1,p012-q21,Quantitative Reasoning,pu-quantitative-reasoning,1,arithmetic,Arithmetic,topic,The number of chairs in a school hall that can be set out in 35 equal rows or in 45 equal rows or in 105 equal rows is:,600,400,40,80,,a,"Printed key marks 600. Note: a number divisible by 35, 45 and 105 must be a multiple of their LCM (315); 600 is not, so the item is inconsistent. Verify against scan.",medium,,pu-dogar,pu-e:past_paper;pu-m:past_paper;pu-ahs:past_paper;pu-csp:past_paper;pu-css:past_paper;pu-cse:past_paper;pu-gs:past_paper;pu-com:past_paper
pu-quantitative-reasoning-ch1-q2,p012-q22,Quantitative Reasoning,pu-quantitative-reasoning,1,arithmetic,Arithmetic,topic,"Three bells toll at intervals of 6, 9 and 15 minutes respectively. If they toll together at 5 p.m., when will they toll together next?",6:30,5:30,6:45,5:45,,a,"LCM(6, 9, 15) = 90 minutes = 1 hour 30 minutes. 5:00 + 1:30 = 6:30.",medium,,pu-dogar,pu-e:past_paper;pu-m:past_paper;pu-ahs:past_paper;pu-csp:past_paper;pu-css:past_paper;pu-cse:past_paper;pu-gs:past_paper;pu-com:past_paper
pu-quantitative-reasoning-ch1-q3,p012-q23,Quantitative Reasoning,pu-quantitative-reasoning,1,arithmetic,Arithmetic,topic,"It takes Riaz 30 minutes to mark a paper and Razi 25 minutes. If both start marking at 11:00 AM, when will they first finish a paper at the same time?",12:30,12:45,1:30,12:25,,c,"LCM(30, 25) = 150 minutes = 2 hours 30 minutes. 11:00 AM + 2:30 = 1:30 PM.",medium,,pu-dogar,pu-e:past_paper;pu-m:past_paper;pu-ahs:past_paper;pu-csp:past_paper;pu-css:past_paper;pu-cse:past_paper;pu-gs:past_paper;pu-com:past_paper
pu-quantitative-reasoning-ch1-q4,p013-q24,Quantitative Reasoning,pu-quantitative-reasoning,1,arithmetic,Arithmetic,topic,"Sonia buys two off-cuts of ribbon, one 153 cm and the other 204 cm long. She cuts them into pieces all of the same length. What is the greatest length each piece can be?",39,6,17,51,,d,"Greatest equal length = HCF(153, 204) = 51 cm (153 = 3x51, 204 = 4x51).",medium,,pu-dogar,pu-e:past_paper;pu-m:past_paper;pu-ahs:past_paper;pu-csp:past_paper;pu-css:past_paper;pu-cse:past_paper;pu-gs:past_paper;pu-com:past_paper
pu-quantitative-reasoning-ch1-q5,p013-q25,Quantitative Reasoning,pu-quantitative-reasoning,1,arithmetic,Arithmetic,topic,"A farmer fences a triangular field with sides 477, 2412 and 639 feet, placing posts at equal distances (a post at each corner) as far apart as possible. How far apart will the posts be?",18 feet,9 feet,27 feet,159 feet,,b,"Greatest equal spacing = HCF(477, 2412, 639) = 9 feet.",hard,,pu-dogar,pu-e:past_paper;pu-m:past_paper;pu-ahs:past_paper;pu-csp:past_paper;pu-css:past_paper;pu-cse:past_paper;pu-gs:past_paper;pu-com:past_paper
pu-quantitative-reasoning-ch2-q1,p013-q26,Quantitative Reasoning,pu-quantitative-reasoning,2,algebra-and-functions,Algebra and Functions,topic,A solid brass cylinder 12 cm high and 6 cm in radius is melted and recast into a right circular cone of diameter 16 cm. Find the height of the cone.,10.15 cm,20.25 cm,28.75 cm,26.28 cm,,b,Cylinder volume = pi*6^2*12 = 432 pi. Cone volume = (1/3)*pi*8^2*H. Equate: H = 432*3/64 = 20.25 cm.,hard,,pu-dogar,pu-e:past_paper;pu-m:past_paper;pu-ahs:past_paper;pu-csp:past_paper;pu-css:past_paper;pu-cse:past_paper;pu-gs:past_paper;pu-com:past_paper
pu-quantitative-reasoning-ch2-q2,p013-q27,Quantitative Reasoning,pu-quantitative-reasoning,2,algebra-and-functions,Algebra and Functions,topic,The slant height l of a cone with base radius r and height h is given by l =,sqrt(h^2 + r^2),sqrt(h^2 - r^2),pi*r*sqrt(h^2 + r^2),pi*r*sqrt(h^2 - r^2),,a,By Pythagoras' theorem the slant height l = sqrt(h^2 + r^2).,easy,,pu-dogar,pu-e:past_paper;pu-m:past_paper;pu-ahs:past_paper;pu-csp:past_paper;pu-css:past_paper;pu-cse:past_paper;pu-gs:past_paper;pu-com:past_paper
pu-quantitative-reasoning-ch2-q3,p013-q28,Quantitative Reasoning,pu-quantitative-reasoning,2,algebra-and-functions,Algebra and Functions,topic,"If a, b and c are the measures of the sides of a triangle, then the area of the triangle is:","sqrt(s(s+a)(s+b)(s+c)), where 2s = a+b+c","sqrt(s(s-a)(s-b)(s-c)), where s = a+b+c","sqrt((s-a)(s-b)(s-c)), where 3s = a+b+c","sqrt(s(s-a)(s-b)(s-c)), where 2s = a+b+c",,d,"Heron's formula: Area = sqrt(s(s-a)(s-b)(s-c)) with s = (a+b+c)/2, i.e. 2s = a+b+c (option d).",hard,,pu-dogar,pu-e:past_paper;pu-m:past_paper;pu-ahs:past_paper;pu-csp:past_paper;pu-css:past_paper;pu-cse:past_paper;pu-gs:past_paper;pu-com:past_paper
pu-quantitative-reasoning-ch3-q1,p013-q29,Quantitative Reasoning,pu-quantitative-reasoning,3,geometry,Geometry,topic,20 degrees is equal to how many minutes of arc?,360',630',1200',3600',,c,"1 degree = 60 minutes, so 20 x 60 = 1200 minutes (1200').",easy,,pu-dogar,pu-e:past_paper;pu-m:past_paper;pu-ahs:past_paper;pu-csp:past_paper;pu-css:past_paper;pu-cse:past_paper;pu-gs:past_paper;pu-com:past_paper
pu-quantitative-reasoning-ch3-q2,p013-q30,Quantitative Reasoning,pu-quantitative-reasoning,3,geometry,Geometry,topic,5pi/6 radians is equal to how many degrees?,115,135,150,30,,c,5pi/6 rad x (180/pi) = 150 degrees.,medium,,pu-dogar,pu-e:past_paper;pu-m:past_paper;pu-ahs:past_paper;pu-csp:past_paper;pu-css:past_paper;pu-cse:past_paper;pu-gs:past_paper;pu-com:past_paper
pu-quantitative-reasoning-ch3-q3,p013-q31,Quantitative Reasoning,pu-quantitative-reasoning,3,geometry,Geometry,topic,"In the figure, triangle ABC is right-angled at B with hypotenuse AC = 16; D lies on BC with BD = 3 and DC = 4. Find AD.",3 sqrt(2),6 sqrt(6),6 sqrt(3),3 sqrt(7),,b,BC=BD+DC=7. AB²=AC²−BC²=256−49=207. AD²=AB²+BD²=207+9=216. AD=√216=6√6.,hard,,pu-dogar,pu-e:past_paper;pu-m:past_paper;pu-ahs:past_paper;pu-csp:past_paper;pu-css:past_paper;pu-cse:past_paper;pu-gs:past_paper;pu-com:past_paper
pu-quantitative-reasoning-ch4-q1,p013-q32,Quantitative Reasoning,pu-quantitative-reasoning,4,equations,Equations,topic,"If 3x + 17 = 9 - x, what is the value of x?",2,3,-2,-3,,c,3x + x = 9 - 17 -> 4x = -8 -> x = -2.,easy,,pu-dogar,pu-e:past_paper;pu-m:past_paper;pu-ahs:past_paper;pu-csp:past_paper;pu-css:past_paper;pu-cse:past_paper;pu-gs:past_paper;pu-com:past_paper
pu-quantitative-reasoning-ch4-q2,p013-q33,Quantitative Reasoning,pu-quantitative-reasoning,4,equations,Equations,topic,"If x - 5 = 9, what is the value of x^2 - 5?",196,191,16,11,,b,"x = 14, so x^2 - 5 = 196 - 5 = 191.",medium,,pu-dogar,pu-e:past_paper;pu-m:past_paper;pu-ahs:past_paper;pu-csp:past_paper;pu-css:past_paper;pu-cse:past_paper;pu-gs:past_paper;pu-com:past_paper
pu-quantitative-reasoning-ch4-q3,p014-q34,Quantitative Reasoning,pu-quantitative-reasoning,4,equations,Equations,topic,"If at - b = c - dt, what is the value of t in terms of a, b, c and d?",(b - c)/(a - d),a/b,c/d,(b + c)/(a + d),,d,at + dt = c + b -> t(a + d) = b + c -> t = (b + c)/(a + d).,medium,,pu-dogar,pu-e:past_paper;pu-m:past_paper;pu-ahs:past_paper;pu-csp:past_paper;pu-css:past_paper;pu-cse:past_paper;pu-gs:past_paper;pu-com:past_paper
pu-quantitative-reasoning-ch5-q1,p014-q35,Quantitative Reasoning,pu-quantitative-reasoning,5,statistics,Statistics,topic,Primary data and ungrouped data are:,Same,Opposite,Not same,Proportional,,c,Primary data (freshly collected first-hand) and ungrouped data (not yet organised) are different concepts - not the same.,medium,,pu-dogar,pu-e:past_paper;pu-m:past_paper;pu-ahs:past_paper;pu-csp:past_paper;pu-css:past_paper;pu-cse:past_paper;pu-gs:past_paper;pu-com:past_paper
pu-quantitative-reasoning-ch5-q2,p014-q36,Quantitative Reasoning,pu-quantitative-reasoning,5,statistics,Statistics,topic,The data which have not undergone any statistical treatment are ___ data.,Primary,Secondary,Grouped,None of these,,a,"Raw, untreated data collected first-hand is primary data.",easy,,pu-dogar,pu-e:past_paper;pu-m:past_paper;pu-ahs:past_paper;pu-csp:past_paper;pu-css:past_paper;pu-cse:past_paper;pu-gs:past_paper;pu-com:past_paper
pu-quantitative-reasoning-ch6-q1,p014-q37,Quantitative Reasoning,pu-quantitative-reasoning,6,mental-mathematics,Scenario Based / Mental Mathematics,topic,A tank measuring 30 cm by 20 cm by 10 cm is 1/5 full of water. How much water is in the tank?,3000 cm^3,6000 cm^3,1200 cm^3,1000 cm^3,,c,Volume = 30*20*10 = 6000 cm^3; 1/5 of 6000 = 1200 cm^3.,easy,,pu-dogar,pu-e:past_paper;pu-m:past_paper;pu-ahs:past_paper;pu-csp:past_paper;pu-css:past_paper;pu-cse:past_paper;pu-gs:past_paper;pu-com:past_paper
pu-quantitative-reasoning-ch6-q2,p014-q38,Quantitative Reasoning,pu-quantitative-reasoning,6,mental-mathematics,Scenario Based / Mental Mathematics,topic,"During the first year the population of a town increased by 4% and during the second year it decreased by 4%. If at the end of the 2nd year its population was 2596, at the beginning it was:",2550,2600,2400,2500,,b,After yr1: 1.04x. After yr2: 1.04x×0.96=0.9984x=2596. x=2596/0.9984≈2600.,medium,,pu-dogar,pu-e:past_paper;pu-m:past_paper;pu-ahs:past_paper;pu-csp:past_paper;pu-css:past_paper;pu-cse:past_paper;pu-gs:past_paper;pu-com:past_paper
pu-quantitative-reasoning-ch6-q3,p014-q39,Quantitative Reasoning,pu-quantitative-reasoning,6,mental-mathematics,Scenario Based / Mental Mathematics,topic,A solution of 27 gallons of acid contains 9 gallons of pure acid. How much water (in gallons) should be added to produce a 25% acid solution?,9,18,27,25,,a,9/(27 + w) = 0.25 -> 27 + w = 36 -> w = 9 gallons.,medium,,pu-dogar,pu-e:past_paper;pu-m:past_paper;pu-ahs:past_paper;pu-csp:past_paper;pu-css:past_paper;pu-cse:past_paper;pu-gs:past_paper;pu-com:past_paper
pu-quantitative-reasoning-ch6-q4,p014-q40,Quantitative Reasoning,pu-quantitative-reasoning,6,mental-mathematics,Scenario Based / Mental Mathematics,topic,"A camp has provisions for 1600 participants to last 60 days. If the present strength is 1200, the provisions will last ___ days.",96,86,80,72,,c,Total = 1600*60 = 96000 person-days; 96000/1200 = 80 days.,medium,,pu-dogar,pu-e:past_paper;pu-m:past_paper;pu-ahs:past_paper;pu-csp:past_paper;pu-css:past_paper;pu-cse:past_paper;pu-gs:past_paper;pu-com:past_paper
pu-maths-ch1-q1,p014-q41,Mathematics,pu-maths,1,general,General (Model Paper),topic,20 men can construct a building in 40 days. How long will it take 10 men to do the same work?,80 days,60 days,70 days,50 days,,a,Men and days are inversely proportional: 20*40 = 800 man-days; 800/10 = 80 days.,easy,,pu-dogar,pu-e:past_paper;pu-csp:past_paper;pu-css:past_paper;pu-cse:past_paper;pu-gs:past_paper
pu-maths-ch1-q2,p014-q42,Mathematics,pu-maths,1,general,General (Model Paper),topic,Muhammad Aslam bought a TV for Rs.8000 and sold it for Rs.7000. How much loss did he incur?,Rs.4000,Rs.2000,Rs.3000,Rs.1000,,d,Loss = cost price - selling price = 8000 - 7000 = Rs.1000.,easy,,pu-dogar,pu-e:past_paper;pu-csp:past_paper;pu-css:past_paper;pu-cse:past_paper;pu-gs:past_paper
pu-maths-ch1-q3,p014-q43,Mathematics,pu-maths,1,general,General (Model Paper),topic,"Find the missing number in the series: 60, 59, 57, 54, 50, ___",45,47,44,43,,a,"Differences are -1, -2, -3, -4, -5; so 50 - 5 = 45.",medium,,pu-dogar,pu-e:past_paper;pu-csp:past_paper;pu-css:past_paper;pu-cse:past_paper;pu-gs:past_paper
pu-maths-ch1-q4,p014-q44,Mathematics,pu-maths,1,general,General (Model Paper),topic,A speed of 45 km per hour is the same as:,15 m/s,12 m/s,12.5 m/s,13 m/s,,c,45 km/h = 45*1000/3600 = 12.5 m/s.,easy,,pu-dogar,pu-e:past_paper;pu-csp:past_paper;pu-css:past_paper;pu-cse:past_paper;pu-gs:past_paper
pu-maths-ch1-q5,p014-q45,Mathematics,pu-maths,1,general,General (Model Paper),topic,"A rectangular room is 6 m long, 5 m wide and 4 m high. What is the total volume of the room in cubic metres?",24,30,120,240,,c,Volume = 6*5*4 = 120 m^3.,easy,,pu-dogar,pu-e:past_paper;pu-csp:past_paper;pu-css:past_paper;pu-cse:past_paper;pu-gs:past_paper
pu-maths-ch1-q6,p014-q46,Mathematics,pu-maths,1,general,General (Model Paper),topic,367 is how much below 400?,31,33,35,32,,b,400 - 367 = 33.,easy,,pu-dogar,pu-e:past_paper;pu-csp:past_paper;pu-css:past_paper;pu-cse:past_paper;pu-gs:past_paper
pu-maths-ch1-q7,p015-q47,Mathematics,pu-maths,1,general,General (Model Paper),topic,5/6 x 2/5 = ?,3,1/3,1,7/11,,b,5/6 x 2/5 = 10/30 = 1/3.,easy,,pu-dogar,pu-e:past_paper;pu-csp:past_paper;pu-css:past_paper;pu-cse:past_paper;pu-gs:past_paper
pu-maths-ch1-q8,p015-q48,Mathematics,pu-maths,1,general,General (Model Paper),topic,18 1/6 divided by 2 1/3 = ?,7 11/14,11 7/14,36,4 1/2,,a,18⅙ ÷ 2⅓ = (109/6) ÷ (7/3) = (109/6) × (3/7) = 327/42 = 109/14 = 7 11/14.,medium,,pu-dogar,pu-e:past_paper;pu-csp:past_paper;pu-css:past_paper;pu-cse:past_paper;pu-gs:past_paper
pu-maths-ch1-q9,p015-q49,Mathematics,pu-maths,1,general,General (Model Paper),topic,2 2/3 x 5/14 = ?,40/24,20/21,50/42,21/20,,b,2⅔ × 5/14 = (8/3) × (5/14) = 40/42 = 20/21.,medium,,pu-dogar,pu-e:past_paper;pu-csp:past_paper;pu-css:past_paper;pu-cse:past_paper;pu-gs:past_paper
pu-maths-ch1-q10,p015-q50,Mathematics,pu-maths,1,general,General (Model Paper),topic,A bag contains 9 KG of sugar which is separated into packages containing 450 grams each. How many such packages can be made?,24,18,20,16,,c,9 kg = 9000 g; 9000/450 = 20 packages.,easy,,pu-dogar,pu-e:past_paper;pu-csp:past_paper;pu-css:past_paper;pu-cse:past_paper;pu-gs:past_paper
pu-maths-ch1-q11,p015-q51,Mathematics,pu-maths,1,general,General (Model Paper),topic,"If Z is a complex number, which of the following statements is FALSE?",|Z^2| = |Z|^2,Z = conjugate(Z),conjugate(Z^2) = (conjugate Z)^2,|Z^2| = |conjugate Z|^2,,b,A complex number equals its conjugate only when it is real; in general Z = conjugate(Z) is false.,medium,,pu-dogar,pu-e:past_paper;pu-csp:past_paper;pu-css:past_paper;pu-cse:past_paper;pu-gs:past_paper
pu-maths-ch1-q12,p015-q52,Mathematics,pu-maths,1,general,General (Model Paper),topic,"In the implication p -> q, q is called the:",Conclusion,Antecedent,Hypothesis,Implication,,a,"In p -> q, p is the antecedent/hypothesis and q is the consequent/conclusion.",medium,,pu-dogar,pu-e:past_paper;pu-csp:past_paper;pu-css:past_paper;pu-cse:past_paper;pu-gs:past_paper
pu-maths-ch1-q13,p015-q53,Mathematics,pu-maths,1,general,General (Model Paper),topic,"If p is any proposition, its negation is denoted by:",~q,~p,~p and ~q,and p,,b,The negation of a proposition p is written ~p.,easy,,pu-dogar,pu-e:past_paper;pu-csp:past_paper;pu-css:past_paper;pu-cse:past_paper;pu-gs:past_paper
pu-maths-ch1-q14,p015-q54,Mathematics,pu-maths,1,general,General (Model Paper),topic,A square matrix A = [a_ij] (n x n) with complex entries is called Hermitian if:,(A)^t = A,(conjugate A)^t = A,(conjugate A)^t = -A,(A)^t = -A,,b,A is Hermitian when its conjugate transpose equals itself: (conjugate A)^t = A.,hard,,pu-dogar,pu-e:past_paper;pu-csp:past_paper;pu-css:past_paper;pu-cse:past_paper;pu-gs:past_paper
pu-maths-ch1-q15,p015-q55,Mathematics,pu-maths,1,general,General (Model Paper),topic,"If A = [[i, 1+i], [1, -i]], then A + (conjugate A)^t is a matrix that is:",Symmetric,Skew-Symmetric,Hermitian,Skew-Hermitian,,c,"For any square matrix A, A + (conjugate A)^t (i.e. A + A*) is always Hermitian.",hard,,pu-dogar,pu-e:past_paper;pu-csp:past_paper;pu-css:past_paper;pu-cse:past_paper;pu-gs:past_paper
pu-maths-ch1-q16,p015-q56,Mathematics,pu-maths,1,general,General (Model Paper),topic,A square matrix A such that |A| = 0 is called:,Singular,Non-singular,Adjoint,Nilpotent,,a,A matrix with zero determinant has no inverse and is called singular.,easy,,pu-dogar,pu-e:past_paper;pu-csp:past_paper;pu-css:past_paper;pu-cse:past_paper;pu-gs:past_paper
pu-maths-ch1-q17,p015-q57,Mathematics,pu-maths,1,general,General (Model Paper),topic,"If w is a complex cube root of unity, then (1 + w - w^2)(1 - w + w^2) =",0,1,2,4,,d,Using 1 + w + w^2 = 0: (1 + w - w^2) = -2w^2 and (1 - w + w^2) = -2w; product = 4w^3 = 4.,hard,,pu-dogar,pu-e:past_paper;pu-csp:past_paper;pu-css:past_paper;pu-cse:past_paper;pu-gs:past_paper
pu-maths-ch1-q18,p015-q58,Mathematics,pu-maths,1,general,General (Model Paper),topic,The product of all three cube roots of unity is:,1,0,-1,w,,a,"The three cube roots of unity are 1, w, w^2; their product is 1 * w * w^2 = w^3 = 1.",easy,,pu-dogar,pu-e:past_paper;pu-csp:past_paper;pu-css:past_paper;pu-cse:past_paper;pu-gs:past_paper
pu-maths-ch1-q19,p015-q59,Mathematics,pu-maths,1,general,General (Model Paper),topic,"If cos(theta) = 12/13 and the terminal side of the angle is in the IV quadrant, then sin(theta) =",-13/5,-5/12,-5/13,12/5,,c,"sin^2(theta) = 1 - (12/13)^2 = 25/169, so sin(theta) = +/-5/13; in Quadrant IV sine is negative, giving -5/13.",medium,,pu-dogar,pu-e:past_paper;pu-csp:past_paper;pu-css:past_paper;pu-cse:past_paper;pu-gs:past_paper
pu-maths-ch1-q20,p015-q60,Mathematics,pu-maths,1,general,General (Model Paper),topic,(1 - tan^2(theta)) / (1 + tan^2(theta)) =,sin(theta),sin(2 theta),tan(2 theta),cos(2 theta),,d,(1 - tan^2)/(1 + tan^2) = cos(2 theta) is a standard double-angle identity.,medium,,pu-dogar,pu-e:past_paper;pu-csp:past_paper;pu-css:past_paper;pu-cse:past_paper;pu-gs:past_paper
pu-computer-science-ch1-q1,p016-q61,Computer Science,pu-computer-science,1,general,General (Model Paper),topic,"In MS-Word, to insert a mathematical sign we use the option:",Symbol,Objects,Shapes,Equation,,d,The Equation option inserts mathematical signs and expressions.,easy,,pu-dogar,pu-csp:past_paper;pu-css:past_paper;pu-cse:past_paper
pu-computer-science-ch1-q2,p016-q62,Computer Science,pu-computer-science,1,general,General (Model Paper),topic,The first computer for home use was introduced in 1981 by which company?,IBM,Apple,Intel,Dell,,a,The IBM PC (model 5150) was launched in 1981.,medium,,pu-dogar,pu-csp:past_paper;pu-css:past_paper;pu-cse:past_paper
pu-computer-science-ch1-q3,p016-q63,Computer Science,pu-computer-science,1,general,General (Model Paper),topic,How can you make the selected character super-scripted in MS Word?,Ctrl + =,Ctrl + Shift + =,Alt + Ctrl + Shift + =,None of above,,b,Ctrl+Shift+= applies superscript (Ctrl+= applies subscript).,medium,,pu-dogar,pu-csp:past_paper;pu-css:past_paper;pu-cse:past_paper
pu-computer-science-ch1-q4,p016-q64,Computer Science,pu-computer-science,1,general,General (Model Paper),topic,"When typing in a Word field manually, what must you press to insert the code's brackets?",Ctrl + F6,Ctrl + F9,Alt + F11,Shift + F12,,b,Ctrl+F9 inserts the field-code braces { } in MS Word.,hard,,pu-dogar,pu-csp:past_paper;pu-css:past_paper;pu-cse:past_paper
pu-computer-science-ch1-q5,p016-q65,Computer Science,pu-computer-science,1,general,General (Model Paper),topic,Which key is used to increase the left indent in MS Word?,Ctrl + I,Ctrl + M,Alt + I,F10,,b,Ctrl+M increases the left indent (Ctrl+Shift+M decreases it).,medium,,pu-dogar,pu-csp:past_paper;pu-css:past_paper;pu-cse:past_paper
pu-computer-science-ch1-q6,p016-q66,Computer Science,pu-computer-science,1,general,General (Model Paper),topic,Changing the appearance of a document is called ___.,Proofing,Editing,Formatting,All of above,,c,"Formatting changes how a document looks (fonts, spacing, layout).",easy,,pu-dogar,pu-csp:past_paper;pu-css:past_paper;pu-cse:past_paper
pu-computer-science-ch1-q7,p016-q67,Computer Science,pu-computer-science,1,general,General (Model Paper),topic,"To change margin settings in Word 2016, click ___ on the menu bar and then point to Page Margins.",File,Layout,Format,Tools,,b,Page margins are set from the Layout tab in Word 2016.,medium,,pu-dogar,pu-csp:past_paper;pu-css:past_paper;pu-cse:past_paper
pu-computer-science-ch1-q8,p016-q68,Computer Science,pu-computer-science,1,general,General (Model Paper),topic,"If you need to change the typeface of a document, which menu will you choose?",Edit,View,Format,Tools,,c,Typeface (font) is changed from the Format menu.,easy,,pu-dogar,pu-csp:past_paper;pu-css:past_paper;pu-cse:past_paper
pu-computer-science-ch1-q9,p016-q69,Computer Science,pu-computer-science,1,general,General (Model Paper),topic,Which feature simplifies formatting text when the same formatting is required in more than one location?,Auto Text,Format Painter,Font Dialog Box,None of the above,,b,Format Painter copies formatting from one place and applies it elsewhere.,easy,,pu-dogar,pu-csp:past_paper;pu-css:past_paper;pu-cse:past_paper
pu-computer-science-ch1-q10,p016-q70,Computer Science,pu-computer-science,1,general,General (Model Paper),topic,Pressing the ___ key instructs Word to replace an AutoText entry name with the stored AutoText entry.,f1,f2,f3,f4,,c,F3 expands an AutoText entry name into its stored content.,hard,,pu-dogar,pu-csp:past_paper;pu-css:past_paper;pu-cse:past_paper
pu-computer-science-ch1-q11,p016-q71,Computer Science,pu-computer-science,1,general,General (Model Paper),topic,"To select multiple non-adjacent cells, rows, or columns in a table, select the first cell and then hold down the ___ key while selecting the next.",Alt,Shift,Enter,Ctrl,,d,Holding Ctrl lets you select non-adjacent items.,medium,,pu-dogar,pu-csp:past_paper;pu-css:past_paper;pu-cse:past_paper
pu-computer-science-ch1-q12,p016-q72,Computer Science,pu-computer-science,1,general,General (Model Paper),topic,Which of the following is the latest version of MS Excel (per the book)?,Excel 2016,Excel 2017,Excel 2007,Office 365,,a,Among the listed options the book treats Excel 2016 as the latest.,easy,,pu-dogar,pu-csp:past_paper;pu-css:past_paper;pu-cse:past_paper
pu-computer-science-ch1-q13,p016-q73,Computer Science,pu-computer-science,1,general,General (Model Paper),topic,"Which button allows you to add, delete, or change records in your mail-merge Data Source?",Data Source' button,Edit' button,Edit Data Source' button,Data Editing' button,,c,The 'Edit Data Source' button lets you modify records in the mail-merge data source.,medium,,pu-dogar,pu-csp:past_paper;pu-css:past_paper;pu-cse:past_paper
pu-computer-science-ch1-q14,p016-q74,Computer Science,pu-computer-science,1,general,General (Model Paper),topic,HTTP stands for ___.,Hypertext Transfer Processor,Hypertext Transfer Protocol,High Transfer Protocol,None,,b,"HTTP = Hypertext Transfer Protocol, the protocol used to transfer web pages.",easy,,pu-dogar,pu-csp:past_paper;pu-css:past_paper;pu-cse:past_paper
pu-computer-science-ch1-q15,p016-q75,Computer Science,pu-computer-science,1,general,General (Model Paper),topic,A set of related files that represent a unit of data is called:,File,Record,Field,Database,,d,A collection of related files/records forms a database.,medium,,pu-dogar,pu-csp:past_paper;pu-css:past_paper;pu-cse:past_paper
pu-computer-science-ch1-q16,p017-q76,Computer Science,pu-computer-science,1,general,General (Model Paper),topic,Which of the following refers to the correctness and consistency of data?,Data Independence,Data Integration,Data Integrity,Data Structure,,c,"Data integrity refers to the correctness, accuracy and consistency of stored data.",medium,,pu-dogar,pu-csp:past_paper;pu-css:past_paper;pu-cse:past_paper
pu-computer-science-ch1-q17,p017-q77,Computer Science,pu-computer-science,1,general,General (Model Paper),topic,The INSERT command is used to insert:,New table,New record,View,Dependencies,,b,The SQL INSERT statement adds a new record (row) into a table.,medium,,pu-dogar,pu-csp:past_paper;pu-css:past_paper;pu-cse:past_paper
pu-computer-science-ch1-q18,p017-q78,Computer Science,pu-computer-science,1,general,General (Model Paper),topic,The rows of a relation can be of ___ order.,Any,Same,Sorted,Constant,,a,In a relation the order of rows (tuples) is immaterial - they may appear in any order.,medium,,pu-dogar,pu-csp:past_paper;pu-css:past_paper;pu-cse:past_paper
pu-computer-science-ch1-q19,p017-q79,Computer Science,pu-computer-science,1,general,General (Model Paper),topic,The columns of a relation can be of ___ order.,Any,Same,Sorted,Constant,,a,In a relation the order of columns (attributes) is also immaterial.,medium,,pu-dogar,pu-csp:past_paper;pu-css:past_paper;pu-cse:past_paper
pu-computer-science-ch1-q20,p017-q80,Computer Science,pu-computer-science,1,general,General (Model Paper),topic,Which of the following functions is used to input data in C programs?,scanf,printf,get(),getch(),,a,scanf() reads formatted input data in the C language.,medium,,pu-dogar,pu-csp:past_paper;pu-css:past_paper;pu-cse:past_paper
pu-physics-ch1-q1,p017-q81,Physics,pu-physics,1,general,General (Model Paper),topic,An electric charge in uniform motion produces:,An electric field,Both magnetic and electric fields,A magnetic field,Neither magnetic nor electric fields,,b,A moving charge has an electric field (due to its charge) and a magnetic field (due to its motion).,medium,,pu-dogar,pu-e:past_paper;pu-m:past_paper;pu-csp:past_paper
pu-physics-ch1-q2,p017-q82,Physics,pu-physics,1,general,General (Model Paper),topic,"If m is the mass, c is the velocity of light and x = mc^2, then the dimensions of x will be:",[LT^-1],[MLT^-1],[ML^2T^-2],[MLT^-2],,c,x = mc^2 is energy; its dimensions are M(LT^-1)^2 = ML^2T^-2.,medium,,pu-dogar,pu-e:past_paper;pu-m:past_paper;pu-csp:past_paper
pu-physics-ch1-q3,p017-q83,Physics,pu-physics,1,general,General (Model Paper),topic,For a body to be in complete equilibrium:,Linear acceleration is zero,Angular acceleration is zero,Linear acceleration is zero but angular acceleration is not zero,Linear acceleration and angular acceleration both should be zero,,d,Complete equilibrium requires both translational (linear acceleration = 0) and rotational (angular acceleration = 0) equilibrium.,medium,,pu-dogar,pu-e:past_paper;pu-m:past_paper;pu-csp:past_paper
pu-physics-ch1-q4,p017-q84,Physics,pu-physics,1,general,General (Model Paper),topic,"If a force of magnitude 8 N acts on a body in a direction making an angle of 30 degrees with the x-axis, its x and y components are:",Fx = 4 sqrt(3) and Fy = 8,Fx = 4 sqrt(3) and Fy = 4,Fx = 8 and Fy = 4 sqrt(3),Fx = 8 sqrt(3) and Fy = 4,,b,Fx = 8 cos30 = 8(sqrt(3)/2) = 4 sqrt(3); Fy = 8 sin30 = 8(1/2) = 4.,medium,,pu-dogar,pu-e:past_paper;pu-m:past_paper;pu-csp:past_paper
pu-physics-ch1-q5,p017-q85,Physics,pu-physics,1,general,General (Model Paper),topic,The difference of a vector B and its negative vector -B is:,A null vector,Equal to the magnitude of vector B,Twice the magnitude of vector B,Smaller than the magnitude of vector B,,c,"B - (-B) = 2B, which has twice the magnitude of B.",medium,,pu-dogar,pu-e:past_paper;pu-m:past_paper;pu-csp:past_paper
pu-physics-ch1-q6,p017-q86,Physics,pu-physics,1,general,General (Model Paper),topic,The time of flight of a projectile is:,(v_i^2 sin^2(theta))/g,(v_i^2 sin(theta))/g,(2 v_i sin(theta))/g,(v_i^2/g) sin(theta),,c,Time of flight T = 2 v_i sin(theta) / g.,medium,,pu-dogar,pu-e:past_paper;pu-m:past_paper;pu-csp:past_paper
pu-physics-ch1-q7,p017-q87,Physics,pu-physics,1,general,General (Model Paper),topic,"Two forces, 5 N at O (0 cm) and 10 N at P, act downward on a uniform metre rod suspended at its centre of gravity (50 cm mark). What is the position of P on the metre rod?",80 cm,70 cm,75 cm,65 cm,,c,Taking moments about the 50 cm pivot: 5 x 50 = 10 x (P - 50) -> 250 = 10(P - 50) -> P = 75 cm.,hard,,pu-dogar,pu-e:past_paper;pu-m:past_paper;pu-csp:past_paper
pu-physics-ch1-q8,p017-q88,Physics,pu-physics,1,general,General (Model Paper),topic,"In Millikan's method, the radius of the oil droplet can be calculated by:",r = sqrt(q v_t / (2 rho g)),r^2 = 9 eta v_t / (2 rho g),r^2 = q eta v_t / (rho g),r = 9 eta v_t / (2 rho g),,b,"Balancing gravity against Stokes' drag gives r = sqrt(9 eta v_t / (2 rho g)), i.e. r^2 = 9 eta v_t / (2 rho g).",hard,,pu-dogar,pu-e:past_paper;pu-m:past_paper;pu-csp:past_paper
pu-physics-ch1-q9,p018-q89,Physics,pu-physics,1,general,General (Model Paper),topic,"A tiny oil droplet of density rho and radius r falls through air under gravity. If the viscosity of air is eta, the terminal velocity acquired by the drop is:",v_t = 4 g r^2 rho / (9 eta),v_t = 2 g r^2 rho / (9 eta),v_t = 9 eta r^2 rho / (4 g),v_t = 9 eta r^2 rho / (2 g),,b,"From Stokes' law, terminal velocity v_t = 2 r^2 rho g / (9 eta).",hard,,pu-dogar,pu-e:past_paper;pu-m:past_paper;pu-csp:past_paper
pu-physics-ch1-q10,p018-q90,Physics,pu-physics,1,general,General (Model Paper),topic,"In Young's Double Slit Experiment, if the distance between the slits and the screen is doubled, then the fringe spacing becomes:",Zero,Double of the original value,One,Half of the original value,,b,Fringe spacing y = lambda*D/d is proportional to D; doubling D doubles the fringe spacing.,medium,,pu-dogar,pu-e:past_paper;pu-m:past_paper;pu-csp:past_paper
pu-physics-ch1-q11,p018-q91,Physics,pu-physics,1,general,General (Model Paper),topic,"In a Michelson interferometer 792 bright fringes pass across the field of view when the movable mirror is displaced through 0.233 mm. Using l = m*(lambda/2), the wavelength of light used is:",588 nm,348 nm,620 nm,400 nm,,a,lambda = 2 l / m = 2(0.233e-3)/792 = 5.88e-7 m = 588 nm.,hard,,pu-dogar,pu-e:past_paper;pu-m:past_paper;pu-csp:past_paper
pu-physics-ch1-q12,p018-q92,Physics,pu-physics,1,general,General (Model Paper),topic,"In Michelson's experiment, the formula to calculate the speed of light is:",c = 2 f d,c = 16 f / d,c = 2 pi f / d,c = 16 f d,,d,"In the rotating-mirror setup used in the book, c = 16 f d.",medium,,pu-dogar,pu-e:past_paper;pu-m:past_paper;pu-csp:past_paper
pu-physics-ch1-q13,p018-q93,Physics,pu-physics,1,general,General (Model Paper),topic,The information received at the other end of a fibre can be inaccurate due to ___ of the light signal.,Longer wavelengths,Frequency,Intensity,Dispersion or Spreading,,d,Dispersion (spreading) of the light pulse distorts the signal transmitted through an optical fibre.,medium,,pu-dogar,pu-e:past_paper;pu-m:past_paper;pu-csp:past_paper
pu-physics-ch1-q14,p018-q94,Physics,pu-physics,1,general,General (Model Paper),topic,The pressure on all sides and everywhere inside a vessel will be according to the:,Pascal's Law,Hooke's Law,Boyle's Law,Charles's Law,,a,Pascal's law: pressure applied to an enclosed fluid is transmitted undiminished in all directions.,medium,,pu-dogar,pu-e:past_paper;pu-m:past_paper;pu-csp:past_paper
pu-physics-ch1-q15,p018-q95,Physics,pu-physics,1,general,General (Model Paper),topic,The value of the universal gas constant R is:,8.314 J mol^-2 K^-1,1.38 J mol^-1 K^-2,1.38 J mol^-1 K^-1,8.314 J mol^-1 K^-1,,d,The universal gas constant R = 8.314 J mol^-1 K^-1.,easy,,pu-dogar,pu-e:past_paper;pu-m:past_paper;pu-csp:past_paper
pu-physics-ch1-q16,p018-q96,Physics,pu-physics,1,general,General (Model Paper),topic,"For an adiabatic process, the First Law of Thermodynamics reduces to:",W = delta U + Q,Q = W,Q = -W,W = -delta U,,d,"In an adiabatic process Q = 0, so delta U = -W, i.e. W = -delta U.",medium,,pu-dogar,pu-e:past_paper;pu-m:past_paper;pu-csp:past_paper
pu-physics-ch1-q17,p018-q97,Physics,pu-physics,1,general,General (Model Paper),topic,The entropy of the universe always:,Decreases,Increases,Remains the same,Both A and B,,b,"By the Second Law of Thermodynamics, the entropy of the universe always increases in natural processes.",easy,,pu-dogar,pu-e:past_paper;pu-m:past_paper;pu-csp:past_paper
pu-physics-ch1-q18,p018-q98,Physics,pu-physics,1,general,General (Model Paper),topic,The work done in moving a unit positive charge from one point to another against the electric field is a measure of:,Capacitance,Potential difference between two points,Intensity of electric field,Resistance between two points,,b,Work done per unit positive charge against the field equals the potential difference between the two points.,medium,,pu-dogar,pu-e:past_paper;pu-m:past_paper;pu-csp:past_paper
pu-physics-ch1-q19,p018-q99,Physics,pu-physics,1,general,General (Model Paper),topic,"In Millikan's method, the radius of the droplet can be calculated by:",r = sqrt(q v_i / (2 rho g)),r^2 = 9 eta v_t / (2 rho g),r^2 = q eta v_t / (rho g),r = 9 eta v_t / (2 rho g),,b,Balancing gravity against Stokes' drag gives r^2 = 9 eta v_t / (2 rho g).,hard,,pu-dogar,pu-e:past_paper;pu-m:past_paper;pu-csp:past_paper
pu-physics-ch1-q20,p018-q100,Physics,pu-physics,1,general,General (Model Paper),topic,The scalar (dot) product of unit vectors i and k is:,Zero,90 degrees,1,-1,,a,"i and k are mutually perpendicular unit vectors, so i . k = |i||k| cos90 = 0.",easy,,pu-dogar,pu-e:past_paper;pu-m:past_paper;pu-csp:past_paper
pu-verbal-reasoning-ch1-q6,p022-q1,Verbal Reasoning,pu-verbal-reasoning,1,analogy,Analogy,topic,Choose the pair that best expresses a relationship similar to that in ADULT : CHILD.,Horse : Mare,Cat : Kitten,Swine : Sow,Human : Animal,Cow : Herd,b,An adult is the grown form of a child; a cat is the grown (adult) form of a kitten - the same adult-to-infant relationship.,medium,,pu-dogar,pu-e:past_paper;pu-m:past_paper;pu-ahs:past_paper;pu-csp:past_paper;pu-css:past_paper;pu-cse:past_paper;pu-gs:past_paper;pu-com:past_paper
pu-verbal-reasoning-ch1-q7,p022-q2,Verbal Reasoning,pu-verbal-reasoning,1,analogy,Analogy,topic,Choose the pair that best expresses a relationship similar to that in MANSION : RESIDENCE.,Limousine : Automobile,Chandelier : Candle,Tuxedo : Wardrobe,Diamond : Rhinestone,Yacht : Harbour,a,"A mansion is a large, stately residence; a limousine is a large, stately automobile.",medium,,pu-dogar,pu-e:past_paper;pu-m:past_paper;pu-ahs:past_paper;pu-csp:past_paper;pu-css:past_paper;pu-cse:past_paper;pu-gs:past_paper;pu-com:past_paper
pu-verbal-reasoning-ch1-q8,p023-q3,Verbal Reasoning,pu-verbal-reasoning,1,analogy,Analogy,topic,Choose the pair that best expresses a relationship similar to that in ENVELOP : LETTER.,Scarf : Hat,Box : Bag,Crate : Produce,Neck : Head,Blood : Heart,c,An envelope encloses/contains a letter; a crate encloses/contains produce (container to contents).,medium,,pu-dogar,pu-e:past_paper;pu-m:past_paper;pu-ahs:past_paper;pu-csp:past_paper;pu-css:past_paper;pu-cse:past_paper;pu-gs:past_paper;pu-com:past_paper
pu-verbal-reasoning-ch1-q9,p023-q4,Verbal Reasoning,pu-verbal-reasoning,1,analogy,Analogy,topic,Choose the pair that best expresses a relationship similar to that in CHOREOGRAPHY : DANCE.,Ceremony : Sermon,Agenda : Advertisement,Poetry : Recitation,Instrumentation : Conductor,Plot : Story,c,"Choreography is the composed, written form of dance — it is created to be performed as dance. Similarly, poetry is the composed form that is performed through recitation.",hard,,pu-dogar,pu-e:past_paper;pu-m:past_paper;pu-ahs:past_paper;pu-csp:past_paper;pu-css:past_paper;pu-cse:past_paper;pu-gs:past_paper;pu-com:past_paper
pu-verbal-reasoning-ch1-q10,p023-q5,Verbal Reasoning,pu-verbal-reasoning,1,analogy,Analogy,topic,Choose the pair that best expresses a relationship similar to that in OVERDOSE : PRESCRIPTION.,Deprivation : Materialism,Indiscretion : Convention,Affliction : Sympathy,Adventure : Expedition,Drug : Medicine,b,An overdose is an amount that exceeds the prescription; an indiscretion is behaviour that exceeds accepted convention. Both express the idea of going beyond an established standard.,hard,,pu-dogar,pu-e:past_paper;pu-m:past_paper;pu-ahs:past_paper;pu-csp:past_paper;pu-css:past_paper;pu-cse:past_paper;pu-gs:past_paper;pu-com:past_paper
pu-verbal-reasoning-ch1-q11,p023-q6,Verbal Reasoning,pu-verbal-reasoning,1,analogy,Analogy,topic,Choose the pair that best expresses a relationship similar to that in EVAPORATE : VAPOR.,Petrify : Stone,Centrifuge : Liquid,Saturate : Fluid,Corrode : Acid,Incinerate : Fire,a,To evaporate is to turn into vapor; to petrify is to turn into stone (process to resulting form).,medium,,pu-dogar,pu-e:past_paper;pu-m:past_paper;pu-ahs:past_paper;pu-csp:past_paper;pu-css:past_paper;pu-cse:past_paper;pu-gs:past_paper;pu-com:past_paper
pu-verbal-reasoning-ch1-q12,p023-q7,Verbal Reasoning,pu-verbal-reasoning,1,analogy,Analogy,topic,Choose the pair that best expresses a relationship similar to that in SHARD : POTTERY.,Flint : Stone,Flange : Wheel,Cinder : Coal,Fragment : Bone,Tare : Grain,d,A shard is a broken piece of pottery; a fragment is a broken piece of bone (broken part to whole).,medium,,pu-dogar,pu-e:past_paper;pu-m:past_paper;pu-ahs:past_paper;pu-csp:past_paper;pu-css:past_paper;pu-cse:past_paper;pu-gs:past_paper;pu-com:past_paper
pu-verbal-reasoning-ch1-q13,p023-q8,Verbal Reasoning,pu-verbal-reasoning,1,analogy,Analogy,topic,Choose the pair that best expresses a relationship similar to that in MERCENARY : MONEY.,Vindictive : Revenge,Scholarly : Library,Immaculate : Cleanliness,Thirsty : Water,Belligerent : Invasion,a,A mercenary is motivated by money; a vindictive person is motivated by revenge (driven-by relationship).,hard,,pu-dogar,pu-e:past_paper;pu-m:past_paper;pu-ahs:past_paper;pu-csp:past_paper;pu-css:past_paper;pu-cse:past_paper;pu-gs:past_paper;pu-com:past_paper
pu-verbal-reasoning-ch1-q14,p023-q9,Verbal Reasoning,pu-verbal-reasoning,1,analogy,Analogy,topic,Choose the pair that best expresses a relationship similar to that in HAMMER : ANVIL.,Knocker : Door,Stick : Gong,Hand : Drum,Pestle : Mortar,Gavel : Lectern,d,"A hammer works against an anvil, its paired working surface; a pestle works within a mortar, its paired vessel.",hard,,pu-dogar,pu-e:past_paper;pu-m:past_paper;pu-ahs:past_paper;pu-csp:past_paper;pu-css:past_paper;pu-cse:past_paper;pu-gs:past_paper;pu-com:past_paper
pu-verbal-reasoning-ch1-q15,p023-q10,Verbal Reasoning,pu-verbal-reasoning,1,analogy,Analogy,topic,Choose the pair that best expresses a relationship similar to that in NUMB : INSENSITIVE.,Reflect : Luminous,Burnish : Lustrous,Heckle : Raucous,Repulse : Odious,Braid : Sinuous,b,To numb something is to make it insensitive; to burnish something is to make it lustrous. Both pairs follow the pattern: verb meaning 'to cause X quality' : the resulting quality.,hard,,pu-dogar,pu-e:past_paper;pu-m:past_paper;pu-ahs:past_paper;pu-csp:past_paper;pu-css:past_paper;pu-cse:past_paper;pu-gs:past_paper;pu-com:past_paper
pu-verbal-reasoning-ch2-q3,p040-q88,Verbal Reasoning,pu-verbal-reasoning,2,synonyms,Synonyms,topic,Choose the word closest in meaning to AFFLUENT:,Close,Prosperous,Poor,Talkative,,b,Affluent means wealthy; its synonym is prosperous.,easy,,pu-dogar,pu-e:past_paper;pu-m:past_paper;pu-ahs:past_paper;pu-csp:past_paper;pu-css:past_paper;pu-cse:past_paper;pu-gs:past_paper;pu-com:past_paper
pu-verbal-reasoning-ch2-q4,p040-q89,Verbal Reasoning,pu-verbal-reasoning,2,synonyms,Synonyms,topic,It was Suhail's PRACTICE to get up early and go for a walk before breakfast. Choose the closest meaning of the underlined word 'practice'.,Rule,Fashion,Habit,Convention,,c,Here 'practice' means a customary habit or routine.,easy,,pu-dogar,pu-e:past_paper;pu-m:past_paper;pu-ahs:past_paper;pu-csp:past_paper;pu-css:past_paper;pu-cse:past_paper;pu-gs:past_paper;pu-com:past_paper
pu-verbal-reasoning-ch2-q5,p040-q90,Verbal Reasoning,pu-verbal-reasoning,2,synonyms,Synonyms,topic,Madiha asked Irum not to MEDDLE in her affairs. Choose the closest meaning of the underlined word 'meddle'.,Intercede,Impose,Cross,Interfere,,d,To meddle means to interfere in others' affairs.,medium,,pu-dogar,pu-e:past_paper;pu-m:past_paper;pu-ahs:past_paper;pu-csp:past_paper;pu-css:past_paper;pu-cse:past_paper;pu-gs:past_paper;pu-com:past_paper
pu-verbal-reasoning-ch2-q6,p040-q91,Verbal Reasoning,pu-verbal-reasoning,2,synonyms,Synonyms,topic,My friends promised to LOOK UP my sister whenever they went to London. Choose the closest meaning of the underlined phrase 'look up'.,Greet,Contact,Visit,Survey,,c,To 'look up' someone means to visit or call on them.,medium,,pu-dogar,pu-e:past_paper;pu-m:past_paper;pu-ahs:past_paper;pu-csp:past_paper;pu-css:past_paper;pu-cse:past_paper;pu-gs:past_paper;pu-com:past_paper
pu-verbal-reasoning-ch2-q7,p040-q92,Verbal Reasoning,pu-verbal-reasoning,2,synonyms,Synonyms,topic,We must ERADICATE corruption. Choose the closest meaning of the underlined word 'eradicate'.,Minimise,Uproot,Condemn,Control,,b,To eradicate means to uproot or completely eliminate.,medium,,pu-dogar,pu-e:past_paper;pu-m:past_paper;pu-ahs:past_paper;pu-csp:past_paper;pu-css:past_paper;pu-cse:past_paper;pu-gs:past_paper;pu-com:past_paper
pu-verbal-reasoning-ch2-q8,p040-q93,Verbal Reasoning,pu-verbal-reasoning,2,synonyms,Synonyms,topic,Grandfather has been getting FEEBLE of late. Choose the closest meaning of the underlined word 'feeble'.,Tall,Small,Big,Weak,,d,Feeble means lacking strength; its synonym is weak.,easy,,pu-dogar,pu-e:past_paper;pu-m:past_paper;pu-ahs:past_paper;pu-csp:past_paper;pu-css:past_paper;pu-cse:past_paper;pu-gs:past_paper;pu-com:past_paper
pu-verbal-reasoning-ch2-q9,p040-q94,Verbal Reasoning,pu-verbal-reasoning,2,synonyms,Synonyms,topic,Choose the word closest in meaning to RELUCTANT:,Unwilling,Curious,Enthusiastic,Agreeable,,a,Reluctant means unwilling or hesitant.,easy,,pu-dogar,pu-e:past_paper;pu-m:past_paper;pu-ahs:past_paper;pu-csp:past_paper;pu-css:past_paper;pu-cse:past_paper;pu-gs:past_paper;pu-com:past_paper
pu-verbal-reasoning-ch2-q10,p040-q95,Verbal Reasoning,pu-verbal-reasoning,2,synonyms,Synonyms,topic,Choose the word closest in meaning to TENSE:,Cosy,Uncomfortable,Easy,Relaxed,,b,Tense means strained or uncomfortable.,easy,,pu-dogar,pu-e:past_paper;pu-m:past_paper;pu-ahs:past_paper;pu-csp:past_paper;pu-css:past_paper;pu-cse:past_paper;pu-gs:past_paper;pu-com:past_paper
pu-verbal-reasoning-ch2-q11,p040-q96,Verbal Reasoning,pu-verbal-reasoning,2,synonyms,Synonyms,topic,Choose the word closest in meaning to EXTINCT:,Unimportant,Obscure,Irrelevant,Useless,,b,Printed key marks 'Obscure' as the synonym of EXTINCT.,medium,,pu-dogar,pu-e:past_paper;pu-m:past_paper;pu-ahs:past_paper;pu-csp:past_paper;pu-css:past_paper;pu-cse:past_paper;pu-gs:past_paper;pu-com:past_paper
pu-verbal-reasoning-ch2-q12,p040-q97,Verbal Reasoning,pu-verbal-reasoning,2,synonyms,Synonyms,topic,Choose the word closest in meaning to SIGNIFICANT:,Expressive,Alive,Extreme,Distinct,,d,Printed key marks 'Distinct' as the synonym of SIGNIFICANT (in the sense of notable/marked).,medium,,pu-dogar,pu-e:past_paper;pu-m:past_paper;pu-ahs:past_paper;pu-csp:past_paper;pu-css:past_paper;pu-cse:past_paper;pu-gs:past_paper;pu-com:past_paper
pu-verbal-reasoning-ch2-q13,p040-q98,Verbal Reasoning,pu-verbal-reasoning,2,synonyms,Synonyms,topic,Choose the word closest in meaning to EXTRAVAGANT:,Narrow-minded,Mean,Uneconomical,Miserly,,c,Extravagant means spending excessively; its synonym is uneconomical.,medium,,pu-dogar,pu-e:past_paper;pu-m:past_paper;pu-ahs:past_paper;pu-csp:past_paper;pu-css:past_paper;pu-cse:past_paper;pu-gs:past_paper;pu-com:past_paper
pu-verbal-reasoning-ch2-q14,p040-q99,Verbal Reasoning,pu-verbal-reasoning,2,synonyms,Synonyms,topic,Choose the word closest in meaning to APPLAUD:,Flatter,Pray,Praise,Request,,c,To applaud means to praise or commend.,easy,,pu-dogar,pu-e:past_paper;pu-m:past_paper;pu-ahs:past_paper;pu-csp:past_paper;pu-css:past_paper;pu-cse:past_paper;pu-gs:past_paper;pu-com:past_paper
pu-verbal-reasoning-ch2-q15,p040-q100,Verbal Reasoning,pu-verbal-reasoning,2,synonyms,Synonyms,topic,Choose the word closest in meaning to ABUNDANT:,Excessive,Plentiful,Heavy,Long,,b,Abundant means existing in large quantity; its synonym is plentiful.,easy,,pu-dogar,pu-e:past_paper;pu-m:past_paper;pu-ahs:past_paper;pu-csp:past_paper;pu-css:past_paper;pu-cse:past_paper;pu-gs:past_paper;pu-com:past_paper
pu-verbal-reasoning-ch2-q16,p040-q101,Verbal Reasoning,pu-verbal-reasoning,2,synonyms,Synonyms,topic,Choose the word closest in meaning to THRIVE:,Prosper,Entertain,Revive,Survive,,a,To thrive means to prosper or flourish.,easy,,pu-dogar,pu-e:past_paper;pu-m:past_paper;pu-ahs:past_paper;pu-csp:past_paper;pu-css:past_paper;pu-cse:past_paper;pu-gs:past_paper;pu-com:past_paper
pu-verbal-reasoning-ch2-q17,p040-q102,Verbal Reasoning,pu-verbal-reasoning,2,synonyms,Synonyms,topic,Choose the word closest in meaning to ECONOMISE:,Accumulate,Minimise,Save,Reduce,,c,To economise means to save or use resources sparingly.,easy,,pu-dogar,pu-e:past_paper;pu-m:past_paper;pu-ahs:past_paper;pu-csp:past_paper;pu-css:past_paper;pu-cse:past_paper;pu-gs:past_paper;pu-com:past_paper
pu-verbal-reasoning-ch2-q18,p040-q103,Verbal Reasoning,pu-verbal-reasoning,2,synonyms,Synonyms,topic,Choose the word closest in meaning to GRUESOME:,Clear,Fresh,Rude,Horrible,,d,Gruesome means causing horror; its synonym is horrible.,easy,,pu-dogar,pu-e:past_paper;pu-m:past_paper;pu-ahs:past_paper;pu-csp:past_paper;pu-css:past_paper;pu-cse:past_paper;pu-gs:past_paper;pu-com:past_paper
pu-verbal-reasoning-ch2-q19,p040-q104,Verbal Reasoning,pu-verbal-reasoning,2,synonyms,Synonyms,topic,Choose the word closest in meaning to DOUBT:,Disbelief,Mistake,Dullness,Ignorance,,a,Doubt means a feeling of uncertainty or disbelief.,easy,,pu-dogar,pu-e:past_paper;pu-m:past_paper;pu-ahs:past_paper;pu-csp:past_paper;pu-css:past_paper;pu-cse:past_paper;pu-gs:past_paper;pu-com:past_paper
pu-verbal-reasoning-ch2-q20,p040-q105,Verbal Reasoning,pu-verbal-reasoning,2,synonyms,Synonyms,topic,Choose the word closest in meaning to TRIUMPH:,Joy,Gain,Victory,Excitement,,c,Triumph means a great victory or success.,easy,,pu-dogar,pu-e:past_paper;pu-m:past_paper;pu-ahs:past_paper;pu-csp:past_paper;pu-css:past_paper;pu-cse:past_paper;pu-gs:past_paper;pu-com:past_paper
pu-verbal-reasoning-ch2-q21,p040-q106,Verbal Reasoning,pu-verbal-reasoning,2,synonyms,Synonyms,topic,Choose the word closest in meaning to OUTSTANDING:,Interesting,Notorious,Prominent,Admirable,,c,Outstanding means exceptionally prominent or notable.,medium,,pu-dogar,pu-e:past_paper;pu-m:past_paper;pu-ahs:past_paper;pu-csp:past_paper;pu-css:past_paper;pu-cse:past_paper;pu-gs:past_paper;pu-com:past_paper
pu-verbal-reasoning-ch2-q22,p040-q107,Verbal Reasoning,pu-verbal-reasoning,2,synonyms,Synonyms,topic,Choose the word closest in meaning to VOLUMINOUS:,Loud,Shining,Bulky,Long,,c,Voluminous means large in volume or bulk.,medium,,pu-dogar,pu-e:past_paper;pu-m:past_paper;pu-ahs:past_paper;pu-csp:past_paper;pu-css:past_paper;pu-cse:past_paper;pu-gs:past_paper;pu-com:past_paper
pu-verbal-reasoning-ch2-q23,p040-q108,Verbal Reasoning,pu-verbal-reasoning,2,synonyms,Synonyms,topic,Choose the word closest in meaning to HOMELY:,Beautiful,Smooth,Simple,Rough,,c,Homely means plain and simple.,medium,,pu-dogar,pu-e:past_paper;pu-m:past_paper;pu-ahs:past_paper;pu-csp:past_paper;pu-css:past_paper;pu-cse:past_paper;pu-gs:past_paper;pu-com:past_paper
pu-verbal-reasoning-ch2-q24,p040-q109,Verbal Reasoning,pu-verbal-reasoning,2,synonyms,Synonyms,topic,Choose the word closest in meaning to EXTRAVAGANT:,Proud,Unlimited,Wasteful,Expensive,,c,Extravagant means wasteful in spending.,easy,,pu-dogar,pu-e:past_paper;pu-m:past_paper;pu-ahs:past_paper;pu-csp:past_paper;pu-css:past_paper;pu-cse:past_paper;pu-gs:past_paper;pu-com:past_paper
pu-verbal-reasoning-ch2-q25,p041-q110,Verbal Reasoning,pu-verbal-reasoning,2,synonyms,Synonyms,topic,Choose the word closest in meaning to CRUEL:,Hateful,Dreadful,Merciless,Indifferent,,c,Cruel means showing no mercy; its synonym is merciless.,easy,,pu-dogar,pu-e:past_paper;pu-m:past_paper;pu-ahs:past_paper;pu-csp:past_paper;pu-css:past_paper;pu-cse:past_paper;pu-gs:past_paper;pu-com:past_paper
pu-verbal-reasoning-ch2-q26,p041-q111,Verbal Reasoning,pu-verbal-reasoning,2,synonyms,Synonyms,topic,Choose the word closest in meaning to MAJESTIC:,Attractive,Interesting,Grand,Extraordinary,,c,Majestic means grand and dignified.,easy,,pu-dogar,pu-e:past_paper;pu-m:past_paper;pu-ahs:past_paper;pu-csp:past_paper;pu-css:past_paper;pu-cse:past_paper;pu-gs:past_paper;pu-com:past_paper
pu-verbal-reasoning-ch2-q27,p041-q112,Verbal Reasoning,pu-verbal-reasoning,2,synonyms,Synonyms,topic,Choose the word closest in meaning to MARVELLOUS:,Wonderful,Attractive,Charming,Pleasing,,a,Marvellous means wonderful or extraordinary.,easy,,pu-dogar,pu-e:past_paper;pu-m:past_paper;pu-ahs:past_paper;pu-csp:past_paper;pu-css:past_paper;pu-cse:past_paper;pu-gs:past_paper;pu-com:past_paper
pu-verbal-reasoning-ch2-q28,p041-q113,Verbal Reasoning,pu-verbal-reasoning,2,synonyms,Synonyms,topic,Choose the word closest in meaning to JEOPARDY:,Enmity,Danger,Magic,Adventure,,b,Jeopardy means danger or risk of harm.,easy,,pu-dogar,pu-e:past_paper;pu-m:past_paper;pu-ahs:past_paper;pu-csp:past_paper;pu-css:past_paper;pu-cse:past_paper;pu-gs:past_paper;pu-com:past_paper
pu-verbal-reasoning-ch2-q29,p041-q114,Verbal Reasoning,pu-verbal-reasoning,2,synonyms,Synonyms,topic,Choose the meaning closest to EMULATE:,Trying to do as well (as someone),"In spite of, to win",Enable,Likely to be late,,a,To emulate means to try to match or do as well as someone by imitation.,medium,,pu-dogar,pu-e:past_paper;pu-m:past_paper;pu-ahs:past_paper;pu-csp:past_paper;pu-css:past_paper;pu-cse:past_paper;pu-gs:past_paper;pu-com:past_paper
pu-verbal-reasoning-ch2-q30,p041-q115,Verbal Reasoning,pu-verbal-reasoning,2,synonyms,Synonyms,topic,Choose the word closest in meaning to ERADICATE:,Complicate,Dedicate,Indicate,Eliminate,,d,To eradicate means to eliminate or wipe out completely.,easy,,pu-dogar,pu-e:past_paper;pu-m:past_paper;pu-ahs:past_paper;pu-csp:past_paper;pu-css:past_paper;pu-cse:past_paper;pu-gs:past_paper;pu-com:past_paper
pu-physics-ch2-q1,physics-alternating-current-q1,Physics,pu-physics,2,alternating-current,Alternating Current,topic,A momentary current is induced in the coil S.,Galvanometer needle suddenly deflects but do not return to zero.,Galvanometer needle suddenly deflects and returns to zero.,Both (A) and (B),Galvanometer needle remains unaffected.,,b,"A momentary (changing) current induced in coil S causes the galvanometer needle to deflect momentarily then return to zero, since the flux change is brief.",easy,,pu-dogar,pu-e:past_paper;pu-m:past_paper;pu-csp:past_paper
pu-physics-ch2-q2,physics-alternating-current-q2,Physics,pu-physics,2,alternating-current,Alternating Current,topic,"Referring to above figure, current in the coil P grows from zero to its maximum value:",At the instant the switch is closed,At the instant the switch is opened,When switch is kept open,All of above,Neither of above,a,"Current in coil P grows from zero to its maximum value at the instant the switch is closed, as the circuit is completed and current starts building up.",medium,,pu-dogar,pu-e:past_paper;pu-m:past_paper;pu-csp:past_paper
pu-physics-ch2-q3,physics-alternating-current-q3,Physics,pu-physics,2,alternating-current,Alternating Current,topic,"Referring to above figure, current in coil P falls from its maximum value to zero:",At the instant the switch is closed,At the instant the switch is opened,When switch is kept open,When switch is kept closed,None of these,b,"Current in coil P falls from its maximum value to zero at the instant the switch is opened, cutting off the circuit.",medium,,pu-dogar,pu-e:past_paper;pu-m:past_paper;pu-csp:past_paper
pu-physics-ch2-q4,physics-alternating-current-q4,Physics,pu-physics,2,alternating-current,Alternating Current,topic,Alternating current can be transmitted:,To long distance,At very high cost,At very low cost,Both (A) and (C),,d,,easy,,pu-dogar,pu-e:past_paper;pu-m:past_paper;pu-csp:past_paper
pu-physics-ch2-q5,physics-alternating-current-q5,Physics,pu-physics,2,alternating-current,Alternating Current,topic,Alternating current is produced by a voltage source which polarity:,Remains the same,Reverses after period T,Keeps on reversing with time,Reverses after every time interval T/2,Both (C) and (D),e,"AC voltage polarity keeps reversing continuously with time (c) and specifically reverses every half-period T/2 (d). Both statements are correct, so answer is e (Both C and D).",easy,,pu-dogar,pu-e:past_paper;pu-m:past_paper;pu-csp:past_paper
pu-physics-ch2-q6,physics-alternating-current-q6,Physics,pu-physics,2,alternating-current,Alternating Current,topic,The highest value reached by the voltage or current:,In quarter cycle is called instantaneous value,In half cycle is called peak-to-peak value,In one cycle is called peak value,In half cycle is called instantaneous value,None of these,c,,easy,,pu-dogar,pu-e:past_paper;pu-m:past_paper;pu-csp:past_paper
pu-physics-ch2-q7,physics-alternating-current-q7,Physics,pu-physics,2,alternating-current,Alternating Current,topic,"The sum of positive and negative peak values (i.e., p-p value) is called:",Instantaneous value,Peak value,RMS value,Peak-to-peak value,None of these,d,The sum of positive and negative peak values is called the peak-to-peak value. Peak value is only the maximum from zero.,medium,,pu-dogar,pu-e:past_paper;pu-m:past_paper;pu-csp:past_paper
pu-physics-ch2-q8,physics-alternating-current-q8,Physics,pu-physics,2,alternating-current,Alternating Current,topic,The peak-to-peak value of alternating voltage is:,2V_o,V_o,V_o/2,4V_o,None of these,a,Peak-to-peak voltage = +V_o to −V_o = 2V_o.,easy,,pu-dogar,pu-e:past_paper;pu-m:past_paper;pu-csp:past_paper
pu-physics-ch2-q9,physics-alternating-current-q9,Physics,pu-physics,2,alternating-current,Alternating Current,topic,The average value of alternating voltage over a complete cycle is:,0.7 V_max,Zero,0.707 V_max,1.414 V_max,Either (A) or (C),b,"The average of a sinusoidal alternating voltage over a complete cycle is zero, as the positive and negative half-cycles cancel. 0.707 V_max is the RMS value.",easy,,pu-dogar,pu-e:past_paper;pu-m:past_paper;pu-csp:past_paper
pu-physics-ch2-q10,physics-alternating-current-q10,Physics,pu-physics,2,alternating-current,Alternating Current,topic,Peak value of alternating current is:,One of its instantaneous values,Equal to its RMS value,The same as its peak-to-peak value,Both (B) and (C),,a,"The peak value is the maximum instantaneous value, so it is indeed one of the instantaneous values of the alternating current.",easy,,pu-dogar,pu-e:past_paper;pu-m:past_paper;pu-csp:past_paper
pu-physics-ch2-q11,physics-alternating-current-q11,Physics,pu-physics,2,alternating-current,Alternating Current,topic,The instantaneous value of alternating current may be:,The same as its RMS value,Greater than its RMS value,The same as its peak value,Any of these,None of these,d,"The instantaneous value of AC can be equal to the RMS value, greater than it, or equal to the peak value at different instants, so 'd: Any of these' is correct.",easy,,pu-dogar,pu-e:past_paper;pu-m:past_paper;pu-csp:past_paper
pu-physics-ch2-q12,physics-alternating-current-q12,Physics,pu-physics,2,alternating-current,Alternating Current,topic,The RMS value of alternating voltage is:,0.7 times the peak value,0.5 times the peak value,0.7 times the instantaneous value,Equal to maximum voltage,None of these,a,,easy,,pu-dogar,pu-e:past_paper;pu-m:past_paper;pu-csp:past_paper
pu-physics-ch2-q13,physics-alternating-current-q13,Physics,pu-physics,2,alternating-current,Alternating Current,topic,Crystalline solids are in the form of:,Metals,Ionic Compounds,Cermics,Both (A) and (B),All of these,e,"Crystalline solids include metals, ionic compounds (like NaCl), and ceramics (like SiO₂). All three forms exist, so 'All of these' (e) is correct.",easy,,pu-dogar,pu-e:past_paper;pu-m:past_paper;pu-csp:past_paper
pu-physics-ch2-q14,physics-alternating-current-q14,Physics,pu-physics,2,alternating-current,Alternating Current,topic,The solids are classified as:,Metals,Crystalline,Amorphous,Polymeric,All except A,e,"Solids are classified into crystalline, amorphous, and polymeric types. Metals are a sub-category of crystalline solids, not a separate classification. Answer: e (All except A).",easy,,pu-dogar,pu-e:past_paper;pu-m:past_paper;pu-csp:past_paper
pu-physics-ch2-q15,physics-alternating-current-q15,Physics,pu-physics,2,alternating-current,Alternating Current,topic,Zirconia is classified as:,Ceramic solid,Ionic Compound,Metal,Either (A) or (B),,a,"Zirconia (ZrO₂) is classified as a ceramic solid. While it has ionic character, in material science it is primarily categorised as a ceramic.",easy,,pu-dogar,pu-e:past_paper;pu-m:past_paper;pu-csp:past_paper
pu-physics-ch2-q16,physics-alternating-current-q16,Physics,pu-physics,2,alternating-current,Alternating Current,topic,Each atom in a metal crystal vibrates about a fixed point with an amplitude that:,Decreases with rise in temperature,Is not affected by rise in temperature,Increases with rise in temperature,Both (B) and (C),None of these,c,"As temperature rises, atoms gain thermal energy and vibrate with greater amplitude. This is why solids expand and eventually melt at high temperatures.",medium,,pu-dogar,pu-e:past_paper;pu-m:past_paper;pu-csp:past_paper
pu-physics-ch2-q17,physics-alternating-current-q17,Physics,pu-physics,2,alternating-current,Alternating Current,topic,The transition from solid to liquid is actually from:,Order to disorder,Disorder to order,Order to order,Disorder to disorder,None of these,a,Melting (solid to liquid) is a transition from an ordered crystalline lattice to a disordered liquid state — order to disorder.,easy,,pu-dogar,pu-e:past_paper;pu-m:past_paper;pu-csp:past_paper
pu-physics-ch2-q18,physics-alternating-current-q18,Physics,pu-physics,2,alternating-current,Alternating Current,topic,The transition from solid state to liquid state is:,Abrupt,Slow,Continuous,Discontinuous,Both (A) and (C),a,The transition from solid to liquid state occurs abruptly (discontinuously) at the melting point — it is a first-order phase transition.,easy,,pu-dogar,pu-e:past_paper;pu-m:past_paper;pu-csp:past_paper
pu-physics-ch2-q19,physics-alternating-current-q19,Physics,pu-physics,2,alternating-current,Alternating Current,topic,The force which maintains the strict long-range order between atoms of a crystalline solid is the:,Nuclear force,Adhesive force,Cohesive force,Coulomb force,None of these,c,,medium,,pu-dogar,pu-e:past_paper;pu-m:past_paper;pu-csp:past_paper
pu-physics-ch2-q20,physics-alternating-current-q20,Physics,pu-physics,2,alternating-current,Alternating Current,topic,The word amorphous means:,Without any structure,With Structure,Regular arrangement of molecules,Both (B) and (C),None of these,a,The word 'amorphous' is derived from Greek meaning 'without form/structure'. Amorphous solids lack the long-range ordered structure of crystals.,easy,,pu-dogar,pu-e:past_paper;pu-m:past_paper;pu-csp:past_paper
pu-physics-ch2-q21,physics-alternating-current-q21,Physics,pu-physics,2,alternating-current,Alternating Current,topic,Amorphous solids:,Have definite melting point,Are called glassy solids,Have no definite melting point,Both (B) and (C),None of these,d,,easy,,pu-dogar,pu-e:past_paper;pu-m:past_paper;pu-csp:past_paper
pu-physics-ch2-q22,physics-alternating-current-q22,Physics,pu-physics,2,alternating-current,Alternating Current,topic,An ordinary glass gradually softens into a 'paste-like' state before it becomes a very viscous liquid. It happens almost at:,800°C,500°C,300°C,100°C,None of these,b,,medium,,pu-dogar,pu-e:past_paper;pu-m:past_paper;pu-csp:past_paper
pu-physics-ch2-q23,physics-alternating-current-q23,Physics,pu-physics,2,alternating-current,Alternating Current,topic,The pattern of a crystalline solid is:,One dimensional,Two dimensional,Three dimensional,Either (A) or (B),None of these,c,,hard,,pu-dogar,pu-e:past_paper;pu-m:past_paper;pu-csp:past_paper
pu-physics-ch2-q24,physics-alternating-current-q24,Physics,pu-physics,2,alternating-current,Alternating Current,topic,"In a cubic crystal, all the sides meet at:",60°,90°,109°,30°,,b,,easy,,pu-dogar,pu-e:past_paper;pu-m:past_paper;pu-csp:past_paper
pu-physics-ch2-q25,physics-alternating-current-q25,Physics,pu-physics,2,alternating-current,Alternating Current,topic,The arrangement or molecules or atoms in a crystalline solid can be studied by using:,Chemical methods,Neutrons,X-ray techniques,Copper atoms,Both (A) and (B),c,,medium,,pu-dogar,pu-e:past_paper;pu-m:past_paper;pu-csp:past_paper
pu-physics-ch2-q26,physics-alternating-current-q26,Physics,pu-physics,2,alternating-current,Alternating Current,topic,A unit cell is the smallest basic structure which is:,One dimensional,Two dimensional,Three dimensional,Four dimensional,None of these,c,,hard,,pu-dogar,pu-e:past_paper;pu-m:past_paper;pu-csp:past_paper
pu-physics-ch2-q27,physics-alternating-current-q27,Physics,pu-physics,2,alternating-current,Alternating Current,topic,Tick the one which is not a crystalline solid:,Zirconia,Glass,Copper,Ceramic solid,An ionic compound,b,,easy,,pu-dogar,pu-e:past_paper;pu-m:past_paper;pu-csp:past_paper
pu-physics-ch2-q28,physics-alternating-current-q28,Physics,pu-physics,2,alternating-current,Alternating Current,topic,"The temperature at which the vibrations become so great that structure of the crystal breaks up, is called:",Critical temperature,Temperature of vaporization,Melting point,Both (A) and (B),,c,The temperature at which crystal vibrations become strong enough to break the crystal lattice structure is called the melting point.,medium,,pu-dogar,pu-e:past_paper;pu-m:past_paper;pu-csp:past_paper
pu-physics-ch2-q29,physics-alternating-current-q29,Physics,pu-physics,2,alternating-current,Alternating Current,topic,The whole structure obtained by the repetition of unit cells is called:,Crystal lattice,Amorphous solid,Polymeric solid,Polystyrene,None of these,a,,medium,,pu-dogar,pu-e:past_paper;pu-m:past_paper;pu-csp:past_paper
pu-physics-ch2-q30,physics-alternating-current-q30,Physics,pu-physics,2,alternating-current,Alternating Current,topic,The pattern of NaCl particles have a shape which is:,Cubic,Body centred cubic,Simple cubic,Face centred,Both (A) and (C),e,,easy,,pu-dogar,pu-e:past_paper;pu-m:past_paper;pu-csp:past_paper
pu-physics-ch3-q1,physics-dawn-of-modern-physics-q1,Physics,pu-physics,3,dawn-of-modern-physics,Dawn of Modern Physics,topic,The concept of direction is purely:,Absolute,Relative,Relative to stars always,Relative to the sun always,None of these,b,,easy,,pu-dogar,pu-e:past_paper;pu-m:past_paper;pu-csp:past_paper
pu-physics-ch3-q2,physics-dawn-of-modern-physics-q2,Physics,pu-physics,3,dawn-of-modern-physics,Dawn of Modern Physics,topic,All motions are:,Relative to a person,Relative to an instrument,Relative to all observers,Relative to a frame of reference,,d,"According to the theory of relativity, all motions are relative — specifically relative to a frame of reference. There is no absolute rest or motion.",easy,,pu-dogar,pu-e:past_paper;pu-m:past_paper;pu-csp:past_paper
pu-physics-ch4-q1,physics-relativity-q1,Physics,pu-physics,4,relativity,Relativity,topic,The special theory of relativity is based on:,Four postulates,Three postulates,Two postulates,One postulate,,c,,easy,,pu-dogar,pu-e:past_paper;pu-m:past_paper;pu-csp:past_paper
pu-physics-ch4-q2,physics-relativity-q2,Physics,pu-physics,4,relativity,Relativity,topic,There is no way to detect:,Absolute uniform motion,Accelerated motion,None of these,,,a,,easy,,pu-dogar,pu-e:past_paper;pu-m:past_paper;pu-csp:past_paper
pu-physics-ch4-q3,physics-relativity-q3,Physics,pu-physics,4,relativity,Relativity,topic,A body at rest remains at rest unless:,A balanced force produces motion in it,An unbalanced force produces acceleration in it,An unbalanced force does not produce acceleration in it,A balanced force produces acceleration in it,,b,,easy,,pu-dogar,pu-e:past_paper;pu-m:past_paper;pu-csp:past_paper
pu-physics-ch4-q4,physics-relativity-q4,Physics,pu-physics,4,relativity,Relativity,topic,The symbol to be used in relativity problems denotes:,Dilated time,Proper time,Life time,Half life,,b,,easy,,pu-dogar,pu-e:past_paper;pu-m:past_paper;pu-csp:past_paper
pu-physics-ch4-q5,physics-relativity-q5,Physics,pu-physics,4,relativity,Relativity,topic,Practically the quantity c is always:,Less than one,Greater than one,Equal to one,Equal to zero for stationary objects,,a,"The quantity v/c (beta) is always less than one for any object with mass, since no object can reach or exceed the speed of light c.",easy,,pu-dogar,pu-e:past_paper;pu-m:past_paper;pu-csp:past_paper
pu-physics-ch4-q6,physics-relativity-q6,Physics,pu-physics,4,relativity,Relativity,topic,Tick the correct statement:,t_o is always less than t,m_o is always greater than m,l_o is always less than l,Both (A) and (C),,d,,easy,,pu-dogar,pu-e:past_paper;pu-m:past_paper;pu-csp:past_paper
pu-physics-ch4-q7,physics-relativity-q7,Physics,pu-physics,4,relativity,Relativity,topic,"Due to relative motion of observer and the frame of reference of events, time always:",Dilates itself,Contracts itself,Stretches itself,Both (A) and (C),,a,"Due to relative motion, time always dilates — a moving clock runs slower compared to a stationary one. This is time dilation.",medium,,pu-dogar,pu-e:past_paper;pu-m:past_paper;pu-csp:past_paper
pu-physics-ch4-q8,physics-relativity-q8,Physics,pu-physics,4,relativity,Relativity,topic,The dilation of time applies to the timing processes which are:,Physical,Chemical,Biological,All of these,,d,,easy,,pu-dogar,pu-e:past_paper;pu-m:past_paper;pu-csp:past_paper
pu-physics-ch4-q9,physics-relativity-q9,Physics,pu-physics,4,relativity,Relativity,topic,Aging process of the human body:,Becomes slow by motion at very high speed,Becomes fast at very high speed,Is not affected when its speed becomes extremely large,,,a,,easy,,pu-dogar,pu-e:past_paper;pu-m:past_paper;pu-csp:past_paper
pu-physics-ch4-q10,physics-relativity-q10,Physics,pu-physics,4,relativity,Relativity,topic,"As compared to the distance measured by an observer on Earth, the distance from Earth to a star measured by an observer in a moving spaceship would seem:",Smaller,Larger,Same,,,a,,medium,,pu-dogar,pu-e:past_paper;pu-m:past_paper;pu-csp:past_paper
pu-physics-ch4-q11,physics-relativity-q11,Physics,pu-physics,4,relativity,Relativity,topic,Mass of an object:,Is a varying quantity,Depends upon the speed of object,Indicates its inertia,All above,,d,,easy,,pu-dogar,pu-e:past_paper;pu-m:past_paper;pu-csp:past_paper
pu-physics-ch4-q12,physics-relativity-q12,Physics,pu-physics,4,relativity,Relativity,topic,Earth's orbital speed is:,30 ms^-1,30 kms^-1,3 * 10^4 ms^-1,Both (A) and (C),,b,Earth's orbital speed around the Sun is approximately 30 km/s (3×10⁴ m/s). Option b states this correctly.,hard,,pu-dogar,pu-e:past_paper;pu-m:past_paper;pu-csp:past_paper
pu-physics-ch4-q13,physics-relativity-q13,Physics,pu-physics,4,relativity,Relativity,topic,Tick the correct relativistic equation/s: m_o,m = m_o / sqrt(1 - v^2/c^2),l_o = l_o * sqrt(1 - v^2/c^2),m = m_o / sqrt(1 - v^2/c^2),All of these,,a,"The correct relativistic mass equation is m = m₀/√(1−v²/c²). Option b shows length contraction (not mass), and option c appears to be a duplicate of a.",hard,,pu-dogar,pu-e:past_paper;pu-m:past_paper;pu-csp:past_paper
pu-physics-ch4-q14,physics-relativity-q14,Physics,pu-physics,4,relativity,Relativity,topic,The ratio of speed of light to the orbital speed of Earth is:,10^4,10^3,10^2,10^5,,d,,hard,,pu-dogar,pu-e:past_paper;pu-m:past_paper;pu-csp:past_paper
pu-physics-ch4-q15,physics-relativity-q15,Physics,pu-physics,4,relativity,Relativity,topic,The first series which was identified in the spectrum of hydrogen is called:,Lyman series,Balmer series,Paschen series,Brackett series,,b,"The Balmer series (visible light) was the first hydrogen spectral series to be identified, by Johann Balmer in 1885. The Lyman series (UV) was discovered later.",medium,,pu-dogar,pu-e:past_paper;pu-m:past_paper;pu-csp:past_paper
pu-physics-ch4-q16,physics-relativity-q16,Physics,pu-physics,4,relativity,Relativity,topic,Balmer series was identified in:,1685,1785,1885,1985,,c,,easy,,pu-dogar,pu-e:past_paper;pu-m:past_paper;pu-csp:past_paper
pu-physics-ch4-q17,physics-relativity-q17,Physics,pu-physics,4,relativity,Relativity,topic,Atoms of hydrogen gas can be excited by passing electric current through it when the gas is filled into the discharge tube at a pressure which is:,Less than atmospheric pressure,Much less than atmospheric pressure,Greater than atmospheric pressure,Much greater than atmospheric pressure,,b,,medium,,pu-dogar,pu-e:past_paper;pu-m:past_paper;pu-csp:past_paper
pu-physics-ch4-q18,physics-relativity-q18,Physics,pu-physics,4,relativity,Relativity,topic,Balmer series lies in that region of electromagnetic wave spectrum which is called:,Visible region,Invisible region,Infra-red region,Ultraviolet region,,a,,medium,,pu-dogar,pu-e:past_paper;pu-m:past_paper;pu-csp:past_paper
pu-physics-ch4-q19,physics-relativity-q19,Physics,pu-physics,4,relativity,Relativity,topic,The natural arrangement of colours in spectrum of white light spectrum is:,VIBGYOR,ROYBGIV,ROYBIGV,BIGROYV,,a,,medium,,pu-dogar,pu-e:past_paper;pu-m:past_paper;pu-csp:past_paper
pu-physics-ch4-q20,physics-relativity-q20,Physics,pu-physics,4,relativity,Relativity,topic,The range of wavelengths of colours in the visible colours is:,410 nm to 456 nm,10 nm to 56 nm,410 nm to 656 nm,910 nm to 956 nm,,c,,easy,,pu-dogar,pu-e:past_paper;pu-m:past_paper;pu-csp:past_paper
pu-physics-ch4-q21,physics-relativity-q21,Physics,pu-physics,4,relativity,Relativity,topic,Tick the incorrect statement:,R_H = 1.097 * 10^7 m^-1,h = 6.62 * 10^-34 Js,c = 3 * 10^8 m/s,e = 1.6 * 10^-20 C,,d,"Options a, b, and c state correct values (Rydberg constant, Planck's constant, speed of light). Option d is incorrect — the elementary charge is 1.6×10⁻¹⁹ C, not 10⁻²⁰ C.",hard,,pu-dogar,pu-e:past_paper;pu-m:past_paper;pu-csp:past_paper
pu-physics-ch5-q1,physics-nuclear-physics-q1,Physics,pu-physics,5,nuclear-physics,Nuclear Physics,topic,Neutron was suggested to be in the nucleus by:,Rutherford in 1920,Bohr in 1913,Dirac in 1928,Anderson in 1932,,a,Rutherford suggested the existence of the neutron in 1920. It was later discovered experimentally by James Chadwick in 1932.,easy,,pu-dogar,pu-e:past_paper;pu-m:past_paper;pu-csp:past_paper
pu-physics-ch5-q2,physics-nuclear-physics-q2,Physics,pu-physics,5,nuclear-physics,Nuclear Physics,topic,Neutron was discovered by:,Rutherford in 1920,Chadwick in 1932,Bohr in 1913,Compton in 1927,,b,,easy,,pu-dogar,pu-e:past_paper;pu-m:past_paper;pu-csp:past_paper
pu-physics-ch5-q3,physics-nuclear-physics-q3,Physics,pu-physics,5,nuclear-physics,Nuclear Physics,topic,The ratio of the radii of an atom and its nucleus is roughly equal to:,10^5 cm,10^5,10^5 m,10^-5 m,10^-5 mm,b,,hard,,pu-dogar,pu-e:past_paper;pu-m:past_paper;pu-csp:past_paper
pu-physics-ch5-q4,physics-nuclear-physics-q4,Physics,pu-physics,5,nuclear-physics,Nuclear Physics,topic,Nucleon means:,Only electrons,Only neutrons,Only protons,Both (B) and (C),,d,,easy,,pu-dogar,pu-e:past_paper;pu-m:past_paper;pu-csp:past_paper
pu-physics-ch5-q5,physics-nuclear-physics-q5,Physics,pu-physics,5,nuclear-physics,Nuclear Physics,topic,Charge and mass of a proton are respectively:,"zero, 1.673 * 10^-27 kg","1.673 * 10^-27 coul, 1.6 * 10^-19 kg","1.6 * 10^-19 coul, 1.673 * 10^-27 kg","9.1 * 10^-31 kg, 1.67 * 10^-27 coul","1.67 * 10^-19 coul, 1.6 * 10^-19 kg",c,"A proton carries a charge of +1.6×10⁻¹⁹ coulombs and has a mass of 1.673×10⁻²⁷ kg. Option a lists zero charge (neutron), option b swaps units.",hard,,pu-dogar,pu-e:past_paper;pu-m:past_paper;pu-csp:past_paper
pu-physics-ch5-q6,physics-nuclear-physics-q6,Physics,pu-physics,5,nuclear-physics,Nuclear Physics,topic,Mass of neutron is exactly:,1.675 * 10^-27 kg,9.1 * 10^-31 kg,1.67 * 10^-19 kg,1.6 * 10^-19 kg,Either (C) or (D),a,,hard,,pu-dogar,pu-e:past_paper;pu-m:past_paper;pu-csp:past_paper
pu-physics-ch5-q7,physics-nuclear-physics-q7,Physics,pu-physics,5,nuclear-physics,Nuclear Physics,topic,"In the unit of unified mass scale, the mass of an electron is:",1.007276u,1.008665u,0.00055u,0.000055u,,c,,easy,,pu-dogar,pu-e:past_paper;pu-m:past_paper;pu-csp:past_paper
pu-physics-ch5-q8,physics-nuclear-physics-q8,Physics,pu-physics,5,nuclear-physics,Nuclear Physics,topic,Unified mass scale means that atomic mass is expressed in:,Kg,Gram,Atomic mass unit,u only,,c,"The unified atomic mass scale expresses atomic mass in atomic mass units (u or amu), where 1 u = 1/12 the mass of a carbon-12 atom.",easy,,pu-dogar,pu-e:past_paper;pu-m:past_paper;pu-csp:past_paper
pu-physics-ch5-q9,physics-nuclear-physics-q9,Physics,pu-physics,5,nuclear-physics,Nuclear Physics,topic,The figure 1.007276u shows the mass of an:,Atom,Positron,Electron,Neutron,Proton,e,,easy,,pu-dogar,pu-e:past_paper;pu-m:past_paper;pu-csp:past_paper
pu-physics-ch5-q10,physics-nuclear-physics-q10,Physics,pu-physics,5,nuclear-physics,Nuclear Physics,topic,"In a neutral atom, the number of protons are always:",Greater than number of neutrons,Smaller than the number of electrons,Equal to the number of neutrons,Equal to number of electrons,Greater than number of electrons,d,,easy,,pu-dogar,pu-e:past_paper;pu-m:past_paper;pu-csp:past_paper
pu-physics-ch5-q11,physics-nuclear-physics-q11,Physics,pu-physics,5,nuclear-physics,Nuclear Physics,topic,Nucleus of a hydrogen atom may contain:,One neutron only,Two protons and one neutron,One proton only,Any of these,None of these,c,"The most common hydrogen atom (protium, ¹H) has a nucleus containing only one proton and no neutrons.",easy,,pu-dogar,pu-e:past_paper;pu-m:past_paper;pu-csp:past_paper
pu-physics-ch5-q12,physics-nuclear-physics-q13,Physics,pu-physics,5,nuclear-physics,Nuclear Physics,topic,Tick the correct symbol:,1H,1He,2He,Both (A) and (C),Both (A) and (B),a,"The correct nuclear symbol for hydrogen is ¹H (mass number 1, atomic number 1). ¹He and ²He are helium isotopes.",easy,,pu-dogar,pu-e:past_paper;pu-m:past_paper;pu-csp:past_paper
pu-physics-ch5-q13,physics-nuclear-physics-q14,Physics,pu-physics,5,nuclear-physics,Nuclear Physics,topic,The particle which is 7000 times more massive than the electron is called:,Proton,\gamma-ray,\alpha-particle,Meson,Neutron,a,"A proton is approximately 1836 times more massive than an electron (the question states ~7000 which may be a book approximation). Among the options, proton is the correct answer.",medium,,pu-dogar,pu-e:past_paper;pu-m:past_paper;pu-csp:past_paper
pu-physics-ch5-q14,physics-nuclear-physics-q15,Physics,pu-physics,5,nuclear-physics,Nuclear Physics,topic,The ratio of number of protons and number of neutrons is:,Almost one in lighter elements,Greater than one in heavy elements,Smaller than one in heavy elements,Both (A) and (C),Both (A) and (B),d,,easy,,pu-dogar,pu-e:past_paper;pu-m:past_paper;pu-csp:past_paper
pu-physics-ch5-q15,physics-nuclear-physics-q16,Physics,pu-physics,5,nuclear-physics,Nuclear Physics,topic,The nuclei of an element having same charge number but different mass numbers are called:,Isobars,Isotopes,Isomers,Isobaric,,b,,medium,,pu-dogar,pu-e:past_paper;pu-m:past_paper;pu-csp:past_paper
pu-computer-science-ch2-q1,computer-science-basic-concepts-of-information-technology-q1,Computer Science,pu-computer-science,2,basic-concepts-of-information-technology,Basic Concepts of Information Technology,topic,The name for the screen clarity is:,Resolution,Discrete,Pixel,LCD,,a,"Resolution refers to the clarity or sharpness of a screen image, measured in pixels per inch (PPI) or total pixel count.",easy,,pu-dogar,pu-csp:past_paper;pu-css:past_paper;pu-cse:past_paper
pu-computer-science-ch2-q2,computer-science-basic-concepts-of-information-technology-q2,Computer Science,pu-computer-science,2,basic-concepts-of-information-technology,Basic Concepts of Information Technology,topic,Collection of raw facts and figures is called:,Information,Processing,Data,Output,,c,,easy,,pu-dogar,pu-csp:past_paper;pu-css:past_paper;pu-cse:past_paper
pu-computer-science-ch2-q3,computer-science-basic-concepts-of-information-technology-q3,Computer Science,pu-computer-science,2,basic-concepts-of-information-technology,Basic Concepts of Information Technology,topic,Data processing is also called:,Data computing,Information technology,Information system,Calculating,,a,,hard,,pu-dogar,pu-csp:past_paper;pu-css:past_paper;pu-cse:past_paper
pu-computer-science-ch2-q4,computer-science-basic-concepts-of-information-technology-q4,Computer Science,pu-computer-science,2,basic-concepts-of-information-technology,Basic Concepts of Information Technology,topic,"An electronic device that accepts, processes data and produces information is called:",Input device,Computer,Output device,Operating system,,b,,medium,,pu-dogar,pu-csp:past_paper;pu-css:past_paper;pu-cse:past_paper
pu-computer-science-ch2-q5,computer-science-basic-concepts-of-information-technology-q5,Computer Science,pu-computer-science,2,basic-concepts-of-information-technology,Basic Concepts of Information Technology,topic,is category software(s).,Application software,System software,Both (a) and (b),None of these,,c,,easy,,pu-dogar,pu-csp:past_paper;pu-css:past_paper;pu-cse:past_paper
pu-computer-science-ch2-q6,computer-science-basic-concepts-of-information-technology-q6,Computer Science,pu-computer-science,2,basic-concepts-of-information-technology,Basic Concepts of Information Technology,topic,is an example of packaged software.,MS Word,,,,,a,"MS Word is a classic example of packaged (off-the-shelf) software, commercially produced and sold to a wide audience without customisation.",easy,,pu-dogar,pu-csp:past_paper;pu-css:past_paper;pu-cse:past_paper
pu-computer-science-ch2-q7,computer-science-basic-concepts-of-information-technology-q7,Computer Science,pu-computer-science,2,basic-concepts-of-information-technology,Basic Concepts of Information Technology,topic,is not an application software.,Internet,Device driver,Games,Multimedia software,,b,,easy,,pu-dogar,pu-csp:past_paper;pu-css:past_paper;pu-cse:past_paper
pu-computer-science-ch2-q8,computer-science-basic-concepts-of-information-technology-q8,Computer Science,pu-computer-science,2,basic-concepts-of-information-technology,Basic Concepts of Information Technology,topic,An inkjet printer is an example of a(n):,LASER printer,Impact printer,COM printer,Non-Impact Printer,,d,,easy,,pu-dogar,pu-csp:past_paper;pu-css:past_paper;pu-cse:past_paper
pu-computer-science-ch2-q9,computer-science-basic-concepts-of-information-technology-q9,Computer Science,pu-computer-science,2,basic-concepts-of-information-technology,Basic Concepts of Information Technology,topic,CPU stands for:,Centre Product Unit,Central Programming Unit,Control Program Unit,Central Processing Unit,,d,,easy,,pu-dogar,pu-csp:past_paper;pu-css:past_paper;pu-cse:past_paper
pu-computer-science-ch2-q10,computer-science-basic-concepts-of-information-technology-q10,Computer Science,pu-computer-science,2,basic-concepts-of-information-technology,Basic Concepts of Information Technology,topic,is secondary storage device.,CD-ROM,ROM,Cache,RAM,,a,,easy,,pu-dogar,pu-csp:past_paper;pu-css:past_paper;pu-cse:past_paper
pu-computer-science-ch2-q11,computer-science-basic-concepts-of-information-technology-q12,Computer Science,pu-computer-science,2,basic-concepts-of-information-technology,Basic Concepts of Information Technology,topic,The device driver is an example of:,Application Software,System Software,Freeware,Shareware,,b,,easy,,pu-dogar,pu-csp:past_paper;pu-css:past_paper;pu-cse:past_paper
pu-verbal-reasoning-ch1-q16,verbal-reasoning-analogy-q1,Verbal Reasoning,pu-verbal-reasoning,1,analogy,Analogy,topic,ADULT: CHILD,Horse: Mare,Cat: Kitten,Swine: Sow,Human: Animal,Cow: Herd,b,"Adult is the mature form of a child (human), just as a cat is the mature form of a kitten. The relationship is mature animal : its young.",easy,,pu-dogar,pu-e:past_paper;pu-m:past_paper;pu-ahs:past_paper;pu-csp:past_paper;pu-css:past_paper;pu-cse:past_paper;pu-gs:past_paper;pu-com:past_paper
pu-verbal-reasoning-ch1-q17,verbal-reasoning-analogy-q2,Verbal Reasoning,pu-verbal-reasoning,1,analogy,Analogy,topic,MANSION: RESIDENCE,,,,,,,,easy,[MANUAL:unresolvable] Options/answer completely missing from OCR scan — original source page required.,pu-dogar,pu-e:past_paper;pu-m:past_paper;pu-ahs:past_paper;pu-csp:past_paper;pu-css:past_paper;pu-cse:past_paper;pu-gs:past_paper;pu-com:past_paper
pu-verbal-reasoning-ch1-q18,verbal-reasoning-analogy-q3,Verbal Reasoning,pu-verbal-reasoning,1,analogy,Analogy,topic,ENVELOP: LETTER,Scarf: Hat,Box: Bag,Crate: Produce,Neck: Head,Blood: Heart,c,An envelope is the container that holds/protects a letter; a crate is the container that holds/protects produce. Both pairs express a container-to-contained relationship.,easy,,pu-dogar,pu-e:past_paper;pu-m:past_paper;pu-ahs:past_paper;pu-csp:past_paper;pu-css:past_paper;pu-cse:past_paper;pu-gs:past_paper;pu-com:past_paper
pu-verbal-reasoning-ch1-q19,verbal-reasoning-analogy-q4,Verbal Reasoning,pu-verbal-reasoning,1,analogy,Analogy,topic,CHOREOGRAPHY: DANCE,Ceremony: Sermon,Agenda: Advertisement,Poetry: Recitation,Instrumentation: Conductor,Plot: Story,c,"Choreography is the composed, scripted form of dance; poetry is the composed form that is performed through recitation. Both pairs express: composed/scripted art form : its live performance.",easy,,pu-dogar,pu-e:past_paper;pu-m:past_paper;pu-ahs:past_paper;pu-csp:past_paper;pu-css:past_paper;pu-cse:past_paper;pu-gs:past_paper;pu-com:past_paper
pu-verbal-reasoning-ch1-q20,verbal-reasoning-analogy-q5,Verbal Reasoning,pu-verbal-reasoning,1,analogy,Analogy,topic,OVERDOSE: PRESCRIPTION,Deprivation: Materialism,Indiscretion: Convention,Affliction: Sympathy,Adventure: Expedition,Drug: Medicine,b,An overdose exceeds the prescription (the established medical standard); an indiscretion exceeds accepted convention (the established social standard). Same excess-beyond-norm pattern.,easy,,pu-dogar,pu-e:past_paper;pu-m:past_paper;pu-ahs:past_paper;pu-csp:past_paper;pu-css:past_paper;pu-cse:past_paper;pu-gs:past_paper;pu-com:past_paper
pu-verbal-reasoning-ch1-q21,verbal-reasoning-analogy-q6,Verbal Reasoning,pu-verbal-reasoning,1,analogy,Analogy,topic,EVAPORATE: VAPOR,Petrify: Stone,Centrifuge: Liquid,Saturate: Fluid,Corrode: Acid,Incinerate: Fire,a,To evaporate is to become or produce vapor; to petrify is to become or produce stone. Both pairs follow the pattern: process : its resulting substance.,easy,,pu-dogar,pu-e:past_paper;pu-m:past_paper;pu-ahs:past_paper;pu-csp:past_paper;pu-css:past_paper;pu-cse:past_paper;pu-gs:past_paper;pu-com:past_paper
pu-verbal-reasoning-ch1-q22,verbal-reasoning-analogy-q7,Verbal Reasoning,pu-verbal-reasoning,1,analogy,Analogy,topic,SHARD: POTTERY,Flint: Stone,Flange: Wheel,Cinder: Coal,Fragment: Bone,Tare: Grain,a,"A shard is a sharp, broken fragment of pottery; flint is a sharp-edged chip/fragment of stone. Both pairs describe a sharp fragment : the brittle material it comes from.",easy,,pu-dogar,pu-e:past_paper;pu-m:past_paper;pu-ahs:past_paper;pu-csp:past_paper;pu-css:past_paper;pu-cse:past_paper;pu-gs:past_paper;pu-com:past_paper
pu-verbal-reasoning-ch1-q23,verbal-reasoning-analogy-q8,Verbal Reasoning,pu-verbal-reasoning,1,analogy,Analogy,topic,MERCENARY: MONEY,Vindictive: Revenge,Scholarly: Library,Immaculate: Cleanliness,Thirsty: Water,Belligerent: Invasion,a,A mercenary is someone primarily motivated by money; a vindictive person is someone primarily motivated by revenge. Both pairs: adjective/noun for a type of person : the thing that drives them.,easy,,pu-dogar,pu-e:past_paper;pu-m:past_paper;pu-ahs:past_paper;pu-csp:past_paper;pu-css:past_paper;pu-cse:past_paper;pu-gs:past_paper;pu-com:past_paper
pu-verbal-reasoning-ch1-q24,verbal-reasoning-analogy-q9,Verbal Reasoning,pu-verbal-reasoning,1,analogy,Analogy,topic,HAMMER: ANVIL,Knocker: Door,Stick: Gong,Hand: Drum,Pestle: Mortar,Gavel: Lectern,d,A hammer strikes the anvil — they are complementary tool pairs used together in metalwork. A pestle is used with a mortar in the same way: one instrument works against/with the other.,easy,,pu-dogar,pu-e:past_paper;pu-m:past_paper;pu-ahs:past_paper;pu-csp:past_paper;pu-css:past_paper;pu-cse:past_paper;pu-gs:past_paper;pu-com:past_paper
pu-verbal-reasoning-ch1-q25,verbal-reasoning-analogy-q10,Verbal Reasoning,pu-verbal-reasoning,1,analogy,Analogy,topic,NUMB: INSENSITIVE,Reflect: Luminous,Burnish: Lustrous,Heckle: Raucous,Repulse: Odious,Braid: Sinuous,b,To numb is to make insensitive; to burnish is to make lustrous. Both pairs: verb meaning 'to cause a quality' : the resulting quality.,easy,,pu-dogar,pu-e:past_paper;pu-m:past_paper;pu-ahs:past_paper;pu-csp:past_paper;pu-css:past_paper;pu-cse:past_paper;pu-gs:past_paper;pu-com:past_paper
pu-verbal-reasoning-ch6-q1,verbal-reasoning-synonyms-antonyms-q1,Verbal Reasoning,pu-verbal-reasoning,6,synonyms-antonyms,Synonyms / Antonyms,topic,He delivered a lengthy speech in which he committed several ludicrous mistakes.,Serious,Absurd,Funny,Glaring,,b,,medium,,pu-dogar,pu-e:past_paper;pu-m:past_paper;pu-ahs:past_paper;pu-csp:past_paper;pu-css:past_paper;pu-cse:past_paper;pu-gs:past_paper;pu-com:past_paper
pu-verbal-reasoning-ch6-q2,verbal-reasoning-synonyms-antonyms-q2,Verbal Reasoning,pu-verbal-reasoning,6,synonyms-antonyms,Synonyms / Antonyms,topic,Timely first aid resuscitated the patient.,Cured,Revived,Rescued,Soothed,,b,,easy,,pu-dogar,pu-e:past_paper;pu-m:past_paper;pu-ahs:past_paper;pu-csp:past_paper;pu-css:past_paper;pu-cse:past_paper;pu-gs:past_paper;pu-com:past_paper
pu-verbal-reasoning-ch6-q3,verbal-reasoning-synonyms-antonyms-q3,Verbal Reasoning,pu-verbal-reasoning,6,synonyms-antonyms,Synonyms / Antonyms,topic,His rustic speech and clothes led us to think of him as an ignorant villager.,Unconventional,Old-fashioned,Unsophisticated,Strange,,c,,medium,,pu-dogar,pu-e:past_paper;pu-m:past_paper;pu-ahs:past_paper;pu-csp:past_paper;pu-css:past_paper;pu-cse:past_paper;pu-gs:past_paper;pu-com:past_paper
pu-verbal-reasoning-ch6-q4,verbal-reasoning-synonyms-antonyms-q4,Verbal Reasoning,pu-verbal-reasoning,6,synonyms-antonyms,Synonyms / Antonyms,topic,The unprecedented drought in several parts of the country this year led to the onset of various diseases.,Outbreak,Onslaught,Attack,Assault,,a,,medium,,pu-dogar,pu-e:past_paper;pu-m:past_paper;pu-ahs:past_paper;pu-csp:past_paper;pu-css:past_paper;pu-cse:past_paper;pu-gs:past_paper;pu-com:past_paper
pu-verbal-reasoning-ch6-q5,verbal-reasoning-synonyms-antonyms-q5,Verbal Reasoning,pu-verbal-reasoning,6,synonyms-antonyms,Synonyms / Antonyms,topic,The thief's shifty eyes betrayed his guilt.,Crafty,Wily,Deceitful,Slippery,,d,,easy,,pu-dogar,pu-e:past_paper;pu-m:past_paper;pu-ahs:past_paper;pu-csp:past_paper;pu-css:past_paper;pu-cse:past_paper;pu-gs:past_paper;pu-com:past_paper
pu-verbal-reasoning-ch6-q6,verbal-reasoning-synonyms-antonyms-q6,Verbal Reasoning,pu-verbal-reasoning,6,synonyms-antonyms,Synonyms / Antonyms,topic,His ragged clothes effectively hide the opulent life he leads at home.,Obscure,Comfortable,Rich,Hard-working,,c,,medium,,pu-dogar,pu-e:past_paper;pu-m:past_paper;pu-ahs:past_paper;pu-csp:past_paper;pu-css:past_paper;pu-cse:past_paper;pu-gs:past_paper;pu-com:past_paper
pu-verbal-reasoning-ch6-q7,verbal-reasoning-synonyms-antonyms-q7,Verbal Reasoning,pu-verbal-reasoning,6,synonyms-antonyms,Synonyms / Antonyms,topic,The cricketer has denied his complicity in match-fixing.,Conspiracy,Collusion,Collaboration,Connivance,,d,,easy,,pu-dogar,pu-e:past_paper;pu-m:past_paper;pu-ahs:past_paper;pu-csp:past_paper;pu-css:past_paper;pu-cse:past_paper;pu-gs:past_paper;pu-com:past_paper
pu-verbal-reasoning-ch6-q8,verbal-reasoning-synonyms-antonyms-q8,Verbal Reasoning,pu-verbal-reasoning,6,synonyms-antonyms,Synonyms / Antonyms,topic,FRIGHTENED:,Vibrating,Crying,Amazed,Terrified,,d,,easy,,pu-dogar,pu-e:past_paper;pu-m:past_paper;pu-ahs:past_paper;pu-csp:past_paper;pu-css:past_paper;pu-cse:past_paper;pu-gs:past_paper;pu-com:past_paper
pu-verbal-reasoning-ch6-q9,verbal-reasoning-synonyms-antonyms-q9,Verbal Reasoning,pu-verbal-reasoning,6,synonyms-antonyms,Synonyms / Antonyms,topic,INGREDIENTS:,Spices,Nuts,Constituents,Condiments,,c,,easy,,pu-dogar,pu-e:past_paper;pu-m:past_paper;pu-ahs:past_paper;pu-csp:past_paper;pu-css:past_paper;pu-cse:past_paper;pu-gs:past_paper;pu-com:past_paper
pu-verbal-reasoning-ch6-q10,verbal-reasoning-synonyms-antonyms-q10,Verbal Reasoning,pu-verbal-reasoning,6,synonyms-antonyms,Synonyms / Antonyms,topic,TAKE ADVANTAGE OF:,Use the time,Make use of,Help,Earn profit,Harm,b,,easy,,pu-dogar,pu-e:past_paper;pu-m:past_paper;pu-ahs:past_paper;pu-csp:past_paper;pu-css:past_paper;pu-cse:past_paper;pu-gs:past_paper;pu-com:past_paper
pu-verbal-reasoning-ch6-q11,verbal-reasoning-synonyms-antonyms-q11,Verbal Reasoning,pu-verbal-reasoning,6,synonyms-antonyms,Synonyms / Antonyms,topic,RUDIMENTARY:,A rumour,Powerful,Basic,Rude,,c,,easy,,pu-dogar,pu-e:past_paper;pu-m:past_paper;pu-ahs:past_paper;pu-csp:past_paper;pu-css:past_paper;pu-cse:past_paper;pu-gs:past_paper;pu-com:past_paper
pu-verbal-reasoning-ch6-q12,verbal-reasoning-synonyms-antonyms-q12,Verbal Reasoning,pu-verbal-reasoning,6,synonyms-antonyms,Synonyms / Antonyms,topic,SULTRY:,Solvable,Sticky,Salty,Hot and humid,,d,,easy,,pu-dogar,pu-e:past_paper;pu-m:past_paper;pu-ahs:past_paper;pu-csp:past_paper;pu-css:past_paper;pu-cse:past_paper;pu-gs:past_paper;pu-com:past_paper
pu-verbal-reasoning-ch6-q13,verbal-reasoning-synonyms-antonyms-q13,Verbal Reasoning,pu-verbal-reasoning,6,synonyms-antonyms,Synonyms / Antonyms,topic,CLOG:,To block,A cover,A bump,To push forward,,a,,easy,,pu-dogar,pu-e:past_paper;pu-m:past_paper;pu-ahs:past_paper;pu-csp:past_paper;pu-css:past_paper;pu-cse:past_paper;pu-gs:past_paper;pu-com:past_paper
pu-verbal-reasoning-ch6-q14,verbal-reasoning-synonyms-antonyms-q14,Verbal Reasoning,pu-verbal-reasoning,6,synonyms-antonyms,Synonyms / Antonyms,topic,BEQUEATH:,Helpful,To leave by will,Suffer to death,Under the ground,,b,,easy,,pu-dogar,pu-e:past_paper;pu-m:past_paper;pu-ahs:past_paper;pu-csp:past_paper;pu-css:past_paper;pu-cse:past_paper;pu-gs:past_paper;pu-com:past_paper
pu-verbal-reasoning-ch6-q15,verbal-reasoning-synonyms-antonyms-q15,Verbal Reasoning,pu-verbal-reasoning,6,synonyms-antonyms,Synonyms / Antonyms,topic,ASTRAY:,Far off,Spanning,Out,Off the right path,,d,,easy,,pu-dogar,pu-e:past_paper;pu-m:past_paper;pu-ahs:past_paper;pu-csp:past_paper;pu-css:past_paper;pu-cse:past_paper;pu-gs:past_paper;pu-com:past_paper
pu-verbal-reasoning-ch6-q16,verbal-reasoning-synonyms-antonyms-q16,Verbal Reasoning,pu-verbal-reasoning,6,synonyms-antonyms,Synonyms / Antonyms,topic,Several members of the party eulogized their leader at the public meeting.,Thanked,Praised,Wished,Flattered,,b,,medium,,pu-dogar,pu-e:past_paper;pu-m:past_paper;pu-ahs:past_paper;pu-csp:past_paper;pu-css:past_paper;pu-cse:past_paper;pu-gs:past_paper;pu-com:past_paper
pu-verbal-reasoning-ch6-q17,verbal-reasoning-synonyms-antonyms-q17,Verbal Reasoning,pu-verbal-reasoning,6,synonyms-antonyms,Synonyms / Antonyms,topic,One cannot but admire your ingenious solution to the problem.,Appropriate,Original,Skilful,Final,,c,,easy,,pu-dogar,pu-e:past_paper;pu-m:past_paper;pu-ahs:past_paper;pu-csp:past_paper;pu-css:past_paper;pu-cse:past_paper;pu-gs:past_paper;pu-com:past_paper
pu-verbal-reasoning-ch6-q18,verbal-reasoning-synonyms-antonyms-q18,Verbal Reasoning,pu-verbal-reasoning,6,synonyms-antonyms,Synonyms / Antonyms,topic,The financial crisis caused the fall of the Government.,Brought over,Brought down,Brought forward,Brought about,,d,,easy,,pu-dogar,pu-e:past_paper;pu-m:past_paper;pu-ahs:past_paper;pu-csp:past_paper;pu-css:past_paper;pu-cse:past_paper;pu-gs:past_paper;pu-com:past_paper
pu-verbal-reasoning-ch6-q19,verbal-reasoning-synonyms-antonyms-q19,Verbal Reasoning,pu-verbal-reasoning,6,synonyms-antonyms,Synonyms / Antonyms,topic,The NRIs who are eager to invest in Pakistan are discouraged by the archaic rules and procedures.,Ancient,Complex,Outdated,Earlier,,c,,medium,,pu-dogar,pu-e:past_paper;pu-m:past_paper;pu-ahs:past_paper;pu-csp:past_paper;pu-css:past_paper;pu-cse:past_paper;pu-gs:past_paper;pu-com:past_paper
pu-verbal-reasoning-ch6-q20,verbal-reasoning-synonyms-antonyms-q20,Verbal Reasoning,pu-verbal-reasoning,6,synonyms-antonyms,Synonyms / Antonyms,topic,The chief engineer was irritated by the perpetual complaints.,Repeated,Baseless,Eternal,Trivial,,a,,easy,,pu-dogar,pu-e:past_paper;pu-m:past_paper;pu-ahs:past_paper;pu-csp:past_paper;pu-css:past_paper;pu-cse:past_paper;pu-gs:past_paper;pu-com:past_paper
pu-verbal-reasoning-ch6-q21,verbal-reasoning-synonyms-antonyms-q21,Verbal Reasoning,pu-verbal-reasoning,6,synonyms-antonyms,Synonyms / Antonyms,topic,STRIDENCY:,Harshness,Flippant,Consistency,Stress,,a,,easy,,pu-dogar,pu-e:past_paper;pu-m:past_paper;pu-ahs:past_paper;pu-csp:past_paper;pu-css:past_paper;pu-cse:past_paper;pu-gs:past_paper;pu-com:past_paper
pu-verbal-reasoning-ch6-q22,verbal-reasoning-synonyms-antonyms-q22,Verbal Reasoning,pu-verbal-reasoning,6,synonyms-antonyms,Synonyms / Antonyms,topic,EXCULPATE:,Speak,Enjoy,Free,Finish,,c,EXCULPATE means to clear someone from blame or fault; its best synonym here is 'free' (to release from accusation).,easy,,pu-dogar,pu-e:past_paper;pu-m:past_paper;pu-ahs:past_paper;pu-csp:past_paper;pu-css:past_paper;pu-cse:past_paper;pu-gs:past_paper;pu-com:past_paper
pu-verbal-reasoning-ch6-q23,verbal-reasoning-synonyms-antonyms-q23,Verbal Reasoning,pu-verbal-reasoning,6,synonyms-antonyms,Synonyms / Antonyms,topic,VAPID:,Virtuous,Lustre,Dull,Vital,,c,,easy,,pu-dogar,pu-e:past_paper;pu-m:past_paper;pu-ahs:past_paper;pu-csp:past_paper;pu-css:past_paper;pu-cse:past_paper;pu-gs:past_paper;pu-com:past_paper
pu-verbal-reasoning-ch6-q24,verbal-reasoning-synonyms-antonyms-q24,Verbal Reasoning,pu-verbal-reasoning,6,synonyms-antonyms,Synonyms / Antonyms,topic,DISQUISITION:,Explosion,Progress,Motion,Report,,d,,easy,,pu-dogar,pu-e:past_paper;pu-m:past_paper;pu-ahs:past_paper;pu-csp:past_paper;pu-css:past_paper;pu-cse:past_paper;pu-gs:past_paper;pu-com:past_paper
pu-verbal-reasoning-ch6-q25,verbal-reasoning-synonyms-antonyms-q25,Verbal Reasoning,pu-verbal-reasoning,6,synonyms-antonyms,Synonyms / Antonyms,topic,COLLATE:,,,,,,,,easy,[MANUAL:unresolvable] Options/answer completely missing from OCR scan — original source page required.,pu-dogar,pu-e:past_paper;pu-m:past_paper;pu-ahs:past_paper;pu-csp:past_paper;pu-css:past_paper;pu-cse:past_paper;pu-gs:past_paper;pu-com:past_paper
pu-verbal-reasoning-ch6-q26,verbal-reasoning-synonyms-antonyms-q26,Verbal Reasoning,pu-verbal-reasoning,6,synonyms-antonyms,Synonyms / Antonyms,topic,PREPOSTEROUS:,Ceremonious,Ridiculous,Judicious,Formal,,b,,easy,,pu-dogar,pu-e:past_paper;pu-m:past_paper;pu-ahs:past_paper;pu-csp:past_paper;pu-css:past_paper;pu-cse:past_paper;pu-gs:past_paper;pu-com:past_paper
pu-verbal-reasoning-ch6-q27,verbal-reasoning-synonyms-antonyms-q27,Verbal Reasoning,pu-verbal-reasoning,6,synonyms-antonyms,Synonyms / Antonyms,topic,DOMINION:,Realm,Issue,Separation,Recreation,,a,,easy,,pu-dogar,pu-e:past_paper;pu-m:past_paper;pu-ahs:past_paper;pu-csp:past_paper;pu-css:past_paper;pu-cse:past_paper;pu-gs:past_paper;pu-com:past_paper
pu-verbal-reasoning-ch6-q28,verbal-reasoning-synonyms-antonyms-q28,Verbal Reasoning,pu-verbal-reasoning,6,synonyms-antonyms,Synonyms / Antonyms,topic,ATTEST:,Enlarge,Assign,Corroborate,Allure,,c,,easy,,pu-dogar,pu-e:past_paper;pu-m:past_paper;pu-ahs:past_paper;pu-csp:past_paper;pu-css:past_paper;pu-cse:past_paper;pu-gs:past_paper;pu-com:past_paper
pu-verbal-reasoning-ch6-q29,verbal-reasoning-synonyms-antonyms-q29,Verbal Reasoning,pu-verbal-reasoning,6,synonyms-antonyms,Synonyms / Antonyms,topic,QUALM:,Attribute,Altercation,Scruple,Crisis,,c,,easy,,pu-dogar,pu-e:past_paper;pu-m:past_paper;pu-ahs:past_paper;pu-csp:past_paper;pu-css:past_paper;pu-cse:past_paper;pu-gs:past_paper;pu-com:past_paper
pu-verbal-reasoning-ch6-q30,verbal-reasoning-synonyms-antonyms-q30,Verbal Reasoning,pu-verbal-reasoning,6,synonyms-antonyms,Synonyms / Antonyms,topic,It is amazing how such a motley group could get along so well.,Confused,Promiscuous,Assorted,Heterogeneous,,d,,easy,,pu-dogar,pu-e:past_paper;pu-m:past_paper;pu-ahs:past_paper;pu-csp:past_paper;pu-css:past_paper;pu-cse:past_paper;pu-gs:past_paper;pu-com:past_paper
pu-verbal-reasoning-ch6-q31,verbal-reasoning-synonyms-antonyms-q31,Verbal Reasoning,pu-verbal-reasoning,6,synonyms-antonyms,Synonyms / Antonyms,topic,His speech was nothing but a string of platitudes.,Humorous anecdotes,Noble sentiments,Stereotyped statements,Grand statements,,c,,easy,,pu-dogar,pu-e:past_paper;pu-m:past_paper;pu-ahs:past_paper;pu-csp:past_paper;pu-css:past_paper;pu-cse:past_paper;pu-gs:past_paper;pu-com:past_paper
pu-verbal-reasoning-ch6-q32,verbal-reasoning-synonyms-antonyms-q32,Verbal Reasoning,pu-verbal-reasoning,6,synonyms-antonyms,Synonyms / Antonyms,topic,This was her maiden performance and she did very well.,Primary,First,Girlish,Fresh,,b,,easy,,pu-dogar,pu-e:past_paper;pu-m:past_paper;pu-ahs:past_paper;pu-csp:past_paper;pu-css:past_paper;pu-cse:past_paper;pu-gs:past_paper;pu-com:past_paper
pu-verbal-reasoning-ch6-q33,verbal-reasoning-synonyms-antonyms-q33,Verbal Reasoning,pu-verbal-reasoning,6,synonyms-antonyms,Synonyms / Antonyms,topic,He wrote a scathing review of the prize-winning novel.,Subjective,Unbalanced,Scornful,Biased,,c,,easy,,pu-dogar,pu-e:past_paper;pu-m:past_paper;pu-ahs:past_paper;pu-csp:past_paper;pu-css:past_paper;pu-cse:past_paper;pu-gs:past_paper;pu-com:past_paper
pu-verbal-reasoning-ch6-q34,verbal-reasoning-synonyms-antonyms-q34,Verbal Reasoning,pu-verbal-reasoning,6,synonyms-antonyms,Synonyms / Antonyms,topic,She is meticulous about her appearance.,Worried,Careful,Proud,Methodical,,d,,easy,,pu-dogar,pu-e:past_paper;pu-m:past_paper;pu-ahs:past_paper;pu-csp:past_paper;pu-css:past_paper;pu-cse:past_paper;pu-gs:past_paper;pu-com:past_paper
pu-verbal-reasoning-ch6-q35,verbal-reasoning-synonyms-antonyms-q35,Verbal Reasoning,pu-verbal-reasoning,6,synonyms-antonyms,Synonyms / Antonyms,topic,The cancer of domestic misery corroded his whole existence.,Affected,Afflicted,Disrupted,Destroyed,,d,,easy,,pu-dogar,pu-e:past_paper;pu-m:past_paper;pu-ahs:past_paper;pu-csp:past_paper;pu-css:past_paper;pu-cse:past_paper;pu-gs:past_paper;pu-com:past_paper
pu-verbal-reasoning-ch6-q36,verbal-reasoning-synonyms-antonyms-q36,Verbal Reasoning,pu-verbal-reasoning,6,synonyms-antonyms,Synonyms / Antonyms,topic,He suffered from excruciating pain after he got home from the hospital.,Abrupt,Severe,Imaginary,Mild,,b,,medium,,pu-dogar,pu-e:past_paper;pu-m:past_paper;pu-ahs:past_paper;pu-csp:past_paper;pu-css:past_paper;pu-cse:past_paper;pu-gs:past_paper;pu-com:past_paper
pu-verbal-reasoning-ch6-q37,verbal-reasoning-synonyms-antonyms-q37,Verbal Reasoning,pu-verbal-reasoning,6,synonyms-antonyms,Synonyms / Antonyms,topic,His candid opinions have won him many friends.,Frank,Generous,Courteous,Kind,,a,,easy,,pu-dogar,pu-e:past_paper;pu-m:past_paper;pu-ahs:past_paper;pu-csp:past_paper;pu-css:past_paper;pu-cse:past_paper;pu-gs:past_paper;pu-com:past_paper
pu-verbal-reasoning-ch6-q38,verbal-reasoning-synonyms-antonyms-q38,Verbal Reasoning,pu-verbal-reasoning,6,synonyms-antonyms,Synonyms / Antonyms,topic,I am disgusted by our outrageous behaviour.,Threatening,Shocking,Unbecoming,Unacceptable,,b,,easy,,pu-dogar,pu-e:past_paper;pu-m:past_paper;pu-ahs:past_paper;pu-csp:past_paper;pu-css:past_paper;pu-cse:past_paper;pu-gs:past_paper;pu-com:past_paper
pu-verbal-reasoning-ch6-q39,verbal-reasoning-synonyms-antonyms-q39,Verbal Reasoning,pu-verbal-reasoning,6,synonyms-antonyms,Synonyms / Antonyms,topic,We repeatedly asked the girl why she was crying but she said that she did not want to entangle us in her affairs.,Induce,Involve,Impress,Entrap,,b,,medium,,pu-dogar,pu-e:past_paper;pu-m:past_paper;pu-ahs:past_paper;pu-csp:past_paper;pu-css:past_paper;pu-cse:past_paper;pu-gs:past_paper;pu-com:past_paper
pu-verbal-reasoning-ch6-q40,verbal-reasoning-synonyms-antonyms-q40,Verbal Reasoning,pu-verbal-reasoning,6,synonyms-antonyms,Synonyms / Antonyms,topic,His performance in the examination stunned his friends.,Subdued,Angered,Stupefied,Surprised,,c,,easy,,pu-dogar,pu-e:past_paper;pu-m:past_paper;pu-ahs:past_paper;pu-csp:past_paper;pu-css:past_paper;pu-cse:past_paper;pu-gs:past_paper;pu-com:past_paper
pu-verbal-reasoning-ch6-q41,verbal-reasoning-synonyms-antonyms-q41,Verbal Reasoning,pu-verbal-reasoning,6,synonyms-antonyms,Synonyms / Antonyms,topic,More effective measures should be adopted for the conservation for forest.,Supervision,Propagation,Cultivation,Protection,,d,,medium,,pu-dogar,pu-e:past_paper;pu-m:past_paper;pu-ahs:past_paper;pu-csp:past_paper;pu-css:past_paper;pu-cse:past_paper;pu-gs:past_paper;pu-com:past_paper
pu-verbal-reasoning-ch6-q42,verbal-reasoning-synonyms-antonyms-q42,Verbal Reasoning,pu-verbal-reasoning,6,synonyms-antonyms,Synonyms / Antonyms,topic,Will you please rectify the mistake?,Correct,Regularize,Condone,Clarify,,a,,easy,,pu-dogar,pu-e:past_paper;pu-m:past_paper;pu-ahs:past_paper;pu-csp:past_paper;pu-css:past_paper;pu-cse:past_paper;pu-gs:past_paper;pu-com:past_paper
pu-verbal-reasoning-ch6-q43,verbal-reasoning-synonyms-antonyms-q43,Verbal Reasoning,pu-verbal-reasoning,6,synonyms-antonyms,Synonyms / Antonyms,topic,Death is inevitable.,Imminent,Uncontrollable,Unavoidable,Unconquerable,,c,,easy,,pu-dogar,pu-e:past_paper;pu-m:past_paper;pu-ahs:past_paper;pu-csp:past_paper;pu-css:past_paper;pu-cse:past_paper;pu-gs:past_paper;pu-com:past_paper
pu-verbal-reasoning-ch6-q44,verbal-reasoning-synonyms-antonyms-q44,Verbal Reasoning,pu-verbal-reasoning,6,synonyms-antonyms,Synonyms / Antonyms,topic,Some people try to spread anarchy in the country.,Lawlessness,Disaffection,Violence,Hatred,,a,,easy,,pu-dogar,pu-e:past_paper;pu-m:past_paper;pu-ahs:past_paper;pu-csp:past_paper;pu-css:past_paper;pu-cse:past_paper;pu-gs:past_paper;pu-com:past_paper
pu-verbal-reasoning-ch6-q45,verbal-reasoning-synonyms-antonyms-q45,Verbal Reasoning,pu-verbal-reasoning,6,synonyms-antonyms,Synonyms / Antonyms,topic,The meeting came to an abrupt end.,A sad,An awful,An unexpected,A sudden,,d,,easy,,pu-dogar,pu-e:past_paper;pu-m:past_paper;pu-ahs:past_paper;pu-csp:past_paper;pu-css:past_paper;pu-cse:past_paper;pu-gs:past_paper;pu-com:past_paper
pu-verbal-reasoning-ch6-q46,verbal-reasoning-synonyms-antonyms-q46,Verbal Reasoning,pu-verbal-reasoning,6,synonyms-antonyms,Synonyms / Antonyms,topic,He is very impulsive in everything he does.,Impressive,Rash,Wary,Deliberate,,b,,easy,,pu-dogar,pu-e:past_paper;pu-m:past_paper;pu-ahs:past_paper;pu-csp:past_paper;pu-css:past_paper;pu-cse:past_paper;pu-gs:past_paper;pu-com:past_paper
pu-verbal-reasoning-ch6-q47,verbal-reasoning-synonyms-antonyms-q47,Verbal Reasoning,pu-verbal-reasoning,6,synonyms-antonyms,Synonyms / Antonyms,topic,"Because of his haughty temperament, he cannot have many friends.",Impatient,Violent,Ill-natured,Arrogant,,d,,easy,,pu-dogar,pu-e:past_paper;pu-m:past_paper;pu-ahs:past_paper;pu-csp:past_paper;pu-css:past_paper;pu-cse:past_paper;pu-gs:past_paper;pu-com:past_paper
pu-verbal-reasoning-ch6-q48,verbal-reasoning-synonyms-antonyms-q48,Verbal Reasoning,pu-verbal-reasoning,6,synonyms-antonyms,Synonyms / Antonyms,topic,He is often accused of having a vindictive attitude towards his critics.,Revengeful,Rude,Cruel,Harsh,,a,,medium,,pu-dogar,pu-e:past_paper;pu-m:past_paper;pu-ahs:past_paper;pu-csp:past_paper;pu-css:past_paper;pu-cse:past_paper;pu-gs:past_paper;pu-com:past_paper
pu-verbal-reasoning-ch6-q49,verbal-reasoning-synonyms-antonyms-q49,Verbal Reasoning,pu-verbal-reasoning,6,synonyms-antonyms,Synonyms / Antonyms,topic,The travel agent will confirm my reservations for next week's flight to London.,Ratify,Verify,Obtain,Approve,,b,,medium,,pu-dogar,pu-e:past_paper;pu-m:past_paper;pu-ahs:past_paper;pu-csp:past_paper;pu-css:past_paper;pu-cse:past_paper;pu-gs:past_paper;pu-com:past_paper
pu-verbal-reasoning-ch6-q50,verbal-reasoning-synonyms-antonyms-q50,Verbal Reasoning,pu-verbal-reasoning,6,synonyms-antonyms,Synonyms / Antonyms,topic,He kept his eyes peeled and his ears pricked for some important clue.,Signal,Intimation,Inkling,Hint,,d,,easy,,pu-dogar,pu-e:past_paper;pu-m:past_paper;pu-ahs:past_paper;pu-csp:past_paper;pu-css:past_paper;pu-cse:past_paper;pu-gs:past_paper;pu-com:past_paper
pu-verbal-reasoning-ch6-q51,verbal-reasoning-synonyms-antonyms-q51,Verbal Reasoning,pu-verbal-reasoning,6,synonyms-antonyms,Synonyms / Antonyms,topic,Weird noises came from the haunted house.,Unnatural,Frightening,Unpleasant,Beastly,,a,,easy,,pu-dogar,pu-e:past_paper;pu-m:past_paper;pu-ahs:past_paper;pu-csp:past_paper;pu-css:past_paper;pu-cse:past_paper;pu-gs:past_paper;pu-com:past_paper
pu-verbal-reasoning-ch6-q52,verbal-reasoning-synonyms-antonyms-q52,Verbal Reasoning,pu-verbal-reasoning,6,synonyms-antonyms,Synonyms / Antonyms,topic,The guests were offended by his uncouth manners.,Ungracious,Undesirable,Dirty,Wasteful,,a,,easy,,pu-dogar,pu-e:past_paper;pu-m:past_paper;pu-ahs:past_paper;pu-csp:past_paper;pu-css:past_paper;pu-cse:past_paper;pu-gs:past_paper;pu-com:past_paper
pu-verbal-reasoning-ch6-q53,verbal-reasoning-synonyms-antonyms-q53,Verbal Reasoning,pu-verbal-reasoning,6,synonyms-antonyms,Synonyms / Antonyms,topic,His dress was immaculate.,Simple,Gorgeous,Coloured,Spotless,,d,,easy,,pu-dogar,pu-e:past_paper;pu-m:past_paper;pu-ahs:past_paper;pu-csp:past_paper;pu-css:past_paper;pu-cse:past_paper;pu-gs:past_paper;pu-com:past_paper
pu-verbal-reasoning-ch6-q54,verbal-reasoning-synonyms-antonyms-q54,Verbal Reasoning,pu-verbal-reasoning,6,synonyms-antonyms,Synonyms / Antonyms,topic,The man vehemently denied all the charges of corruption that were levelled against him.,Forcefully,Hysterically,Serenely,Devoutly,,a,,medium,,pu-dogar,pu-e:past_paper;pu-m:past_paper;pu-ahs:past_paper;pu-csp:past_paper;pu-css:past_paper;pu-cse:past_paper;pu-gs:past_paper;pu-com:past_paper
pu-verbal-reasoning-ch6-q55,verbal-reasoning-synonyms-antonyms-q55,Verbal Reasoning,pu-verbal-reasoning,6,synonyms-antonyms,Synonyms / Antonyms,topic,Plants that grow and exist in desert have highly specialized means of adapting themselves to the arid environment.,Dry,Withering,Unless,Unproductive,,a,,medium,,pu-dogar,pu-e:past_paper;pu-m:past_paper;pu-ahs:past_paper;pu-csp:past_paper;pu-css:past_paper;pu-cse:past_paper;pu-gs:past_paper;pu-com:past_paper
pu-verbal-reasoning-ch6-q56,verbal-reasoning-synonyms-antonyms-q56,Verbal Reasoning,pu-verbal-reasoning,6,synonyms-antonyms,Synonyms / Antonyms,topic,He was trying to put across his ideas to his audience.,To influence,To convince,To cross,To covey,,b,"'Put across' means to communicate something successfully so others understand or are persuaded — i.e., 'to convince'. Option d contains a typo ('covey' instead of 'convey') making it unreliable.",easy,,pu-dogar,pu-e:past_paper;pu-m:past_paper;pu-ahs:past_paper;pu-csp:past_paper;pu-css:past_paper;pu-cse:past_paper;pu-gs:past_paper;pu-com:past_paper
pu-verbal-reasoning-ch6-q57,verbal-reasoning-synonyms-antonyms-q57,Verbal Reasoning,pu-verbal-reasoning,6,synonyms-antonyms,Synonyms / Antonyms,topic,The growing disparity between the rich and the poor has been a cause for concern for those who are committed to the establishment of a just and egalitarian social order.,Segregation,Inequality,Diversity,Unity,,b,,medium,,pu-dogar,pu-e:past_paper;pu-m:past_paper;pu-ahs:past_paper;pu-csp:past_paper;pu-css:past_paper;pu-cse:past_paper;pu-gs:past_paper;pu-com:past_paper
pu-verbal-reasoning-ch6-q58,verbal-reasoning-synonyms-antonyms-q58,Verbal Reasoning,pu-verbal-reasoning,6,synonyms-antonyms,Synonyms / Antonyms,topic,PLEASURE:,Anxiety,Grief,Happiness,Disappointment,,c,,easy,,pu-dogar,pu-e:past_paper;pu-m:past_paper;pu-ahs:past_paper;pu-csp:past_paper;pu-css:past_paper;pu-cse:past_paper;pu-gs:past_paper;pu-com:past_paper
pu-verbal-reasoning-ch6-q59,verbal-reasoning-synonyms-antonyms-q59,Verbal Reasoning,pu-verbal-reasoning,6,synonyms-antonyms,Synonyms / Antonyms,topic,RIVAL:,Opponent,Associate,Partner,Friend,,a,,easy,,pu-dogar,pu-e:past_paper;pu-m:past_paper;pu-ahs:past_paper;pu-csp:past_paper;pu-css:past_paper;pu-cse:past_paper;pu-gs:past_paper;pu-com:past_paper
pu-verbal-reasoning-ch6-q60,verbal-reasoning-synonyms-antonyms-q60,Verbal Reasoning,pu-verbal-reasoning,6,synonyms-antonyms,Synonyms / Antonyms,topic,GENERATE:,Produce,Command,Race,Prefer,,a,,easy,,pu-dogar,pu-e:past_paper;pu-m:past_paper;pu-ahs:past_paper;pu-csp:past_paper;pu-css:past_paper;pu-cse:past_paper;pu-gs:past_paper;pu-com:past_paper
pu-verbal-reasoning-ch6-q61,verbal-reasoning-synonyms-antonyms-q61,Verbal Reasoning,pu-verbal-reasoning,6,synonyms-antonyms,Synonyms / Antonyms,topic,ACUTE:,Curious,Severe,Accidental,Rice,,b,,easy,,pu-dogar,pu-e:past_paper;pu-m:past_paper;pu-ahs:past_paper;pu-csp:past_paper;pu-css:past_paper;pu-cse:past_paper;pu-gs:past_paper;pu-com:past_paper
pu-verbal-reasoning-ch6-q62,verbal-reasoning-synonyms-antonyms-q62,Verbal Reasoning,pu-verbal-reasoning,6,synonyms-antonyms,Synonyms / Antonyms,topic,LATENT:,Display,Visible,Concealed,Hard,,c,,easy,,pu-dogar,pu-e:past_paper;pu-m:past_paper;pu-ahs:past_paper;pu-csp:past_paper;pu-css:past_paper;pu-cse:past_paper;pu-gs:past_paper;pu-com:past_paper
pu-verbal-reasoning-ch6-q63,verbal-reasoning-synonyms-antonyms-q63,Verbal Reasoning,pu-verbal-reasoning,6,synonyms-antonyms,Synonyms / Antonyms,topic,ROBUST:,Stupid,Able,Useless,Wear,,b,,easy,,pu-dogar,pu-e:past_paper;pu-m:past_paper;pu-ahs:past_paper;pu-csp:past_paper;pu-css:past_paper;pu-cse:past_paper;pu-gs:past_paper;pu-com:past_paper
pu-verbal-reasoning-ch6-q64,verbal-reasoning-synonyms-antonyms-q64,Verbal Reasoning,pu-verbal-reasoning,6,synonyms-antonyms,Synonyms / Antonyms,topic,LENIENT:,Harsh,Kind,,,,b,,easy,,pu-dogar,pu-e:past_paper;pu-m:past_paper;pu-ahs:past_paper;pu-csp:past_paper;pu-css:past_paper;pu-cse:past_paper;pu-gs:past_paper;pu-com:past_paper
pu-verbal-reasoning-ch6-q65,verbal-reasoning-synonyms-antonyms-q65,Verbal Reasoning,pu-verbal-reasoning,6,synonyms-antonyms,Synonyms / Antonyms,topic,DESTRUCTION:,Replacement,Renovation,Ruin,Restoration,,c,,easy,,pu-dogar,pu-e:past_paper;pu-m:past_paper;pu-ahs:past_paper;pu-csp:past_paper;pu-css:past_paper;pu-cse:past_paper;pu-gs:past_paper;pu-com:past_paper
pu-verbal-reasoning-ch6-q66,verbal-reasoning-synonyms-antonyms-q66,Verbal Reasoning,pu-verbal-reasoning,6,synonyms-antonyms,Synonyms / Antonyms,topic,GENUINE:,Proper,Authentic,Germinate,Correction,,b,,easy,,pu-dogar,pu-e:past_paper;pu-m:past_paper;pu-ahs:past_paper;pu-csp:past_paper;pu-css:past_paper;pu-cse:past_paper;pu-gs:past_paper;pu-com:past_paper
pu-verbal-reasoning-ch6-q67,verbal-reasoning-synonyms-antonyms-q67,Verbal Reasoning,pu-verbal-reasoning,6,synonyms-antonyms,Synonyms / Antonyms,topic,IRRELEVANT:,Immature,Not connected,Illegible,Irregular,,b,,easy,,pu-dogar,pu-e:past_paper;pu-m:past_paper;pu-ahs:past_paper;pu-csp:past_paper;pu-css:past_paper;pu-cse:past_paper;pu-gs:past_paper;pu-com:past_paper
pu-verbal-reasoning-ch6-q68,verbal-reasoning-synonyms-antonyms-q68,Verbal Reasoning,pu-verbal-reasoning,6,synonyms-antonyms,Synonyms / Antonyms,topic,UGLY:,Fearful,Hateful,Repulsive,Evil,,c,,easy,,pu-dogar,pu-e:past_paper;pu-m:past_paper;pu-ahs:past_paper;pu-csp:past_paper;pu-css:past_paper;pu-cse:past_paper;pu-gs:past_paper;pu-com:past_paper
pu-verbal-reasoning-ch6-q69,verbal-reasoning-synonyms-antonyms-q69,Verbal Reasoning,pu-verbal-reasoning,6,synonyms-antonyms,Synonyms / Antonyms,topic,GRAND:,Aristocratic,Noble,Splendid,Great,,c,,easy,,pu-dogar,pu-e:past_paper;pu-m:past_paper;pu-ahs:past_paper;pu-csp:past_paper;pu-css:past_paper;pu-cse:past_paper;pu-gs:past_paper;pu-com:past_paper
pu-verbal-reasoning-ch6-q70,verbal-reasoning-synonyms-antonyms-q70,Verbal Reasoning,pu-verbal-reasoning,6,synonyms-antonyms,Synonyms / Antonyms,topic,CAUTIOUSLY:,Somewhat,Secretly,Genuinely,Carefully,,d,,easy,,pu-dogar,pu-e:past_paper;pu-m:past_paper;pu-ahs:past_paper;pu-csp:past_paper;pu-css:past_paper;pu-cse:past_paper;pu-gs:past_paper;pu-com:past_paper
pu-verbal-reasoning-ch6-q71,verbal-reasoning-synonyms-antonyms-q71,Verbal Reasoning,pu-verbal-reasoning,6,synonyms-antonyms,Synonyms / Antonyms,topic,RELUCTANT,Ready,Unwilling,Worried,Inclined,,b,,easy,,pu-dogar,pu-e:past_paper;pu-m:past_paper;pu-ahs:past_paper;pu-csp:past_paper;pu-css:past_paper;pu-cse:past_paper;pu-gs:past_paper;pu-com:past_paper
pu-verbal-reasoning-ch6-q72,verbal-reasoning-synonyms-antonyms-q72,Verbal Reasoning,pu-verbal-reasoning,6,synonyms-antonyms,Synonyms / Antonyms,topic,FALSE:,Defective,Untrue,Incorrect,Inaccurate,,b,,easy,,pu-dogar,pu-e:past_paper;pu-m:past_paper;pu-ahs:past_paper;pu-csp:past_paper;pu-css:past_paper;pu-cse:past_paper;pu-gs:past_paper;pu-com:past_paper
pu-verbal-reasoning-ch6-q73,verbal-reasoning-synonyms-antonyms-q73,Verbal Reasoning,pu-verbal-reasoning,6,synonyms-antonyms,Synonyms / Antonyms,topic,CONDEMN:,Underrate,Hate,Blame,Avoid,,c,,easy,,pu-dogar,pu-e:past_paper;pu-m:past_paper;pu-ahs:past_paper;pu-csp:past_paper;pu-css:past_paper;pu-cse:past_paper;pu-gs:past_paper;pu-com:past_paper
pu-verbal-reasoning-ch6-q74,verbal-reasoning-synonyms-antonyms-q74,Verbal Reasoning,pu-verbal-reasoning,6,synonyms-antonyms,Synonyms / Antonyms,topic,INSOLENT:,Nervous,Rude,Proud,Assertive,,b,,easy,,pu-dogar,pu-e:past_paper;pu-m:past_paper;pu-ahs:past_paper;pu-csp:past_paper;pu-css:past_paper;pu-cse:past_paper;pu-gs:past_paper;pu-com:past_paper
pu-verbal-reasoning-ch6-q75,verbal-reasoning-synonyms-antonyms-q75,Verbal Reasoning,pu-verbal-reasoning,6,synonyms-antonyms,Synonyms / Antonyms,topic,LIBERAL:,Generous,Progressive,Educated,Tolerant,,a,"LIBERAL primarily means generous or giving freely; 'generous' is its most direct synonym in standard vocabulary usage. 'Progressive' refers to a political leaning, which is a secondary connotation.",easy,,pu-dogar,pu-e:past_paper;pu-m:past_paper;pu-ahs:past_paper;pu-csp:past_paper;pu-css:past_paper;pu-cse:past_paper;pu-gs:past_paper;pu-com:past_paper
pu-verbal-reasoning-ch6-q76,verbal-reasoning-synonyms-antonyms-q76,Verbal Reasoning,pu-verbal-reasoning,6,synonyms-antonyms,Synonyms / Antonyms,topic,ADVERSITY:,Mediocrity,Misfortune,Failure,Mishap,,b,,easy,,pu-dogar,pu-e:past_paper;pu-m:past_paper;pu-ahs:past_paper;pu-csp:past_paper;pu-css:past_paper;pu-cse:past_paper;pu-gs:past_paper;pu-com:past_paper
pu-verbal-reasoning-ch6-q77,verbal-reasoning-synonyms-antonyms-q77,Verbal Reasoning,pu-verbal-reasoning,6,synonyms-antonyms,Synonyms / Antonyms,topic,DISTINGUISH:,Darken,Differentiate,Confuse,Abolish,,b,,easy,,pu-dogar,pu-e:past_paper;pu-m:past_paper;pu-ahs:past_paper;pu-csp:past_paper;pu-css:past_paper;pu-cse:past_paper;pu-gs:past_paper;pu-com:past_paper
pu-verbal-reasoning-ch6-q78,verbal-reasoning-synonyms-antonyms-q78,Verbal Reasoning,pu-verbal-reasoning,6,synonyms-antonyms,Synonyms / Antonyms,topic,I shall disclose your identity if you do not speak the truth.,Reveal,Report,Blackmail,Express,,a,,easy,,pu-dogar,pu-e:past_paper;pu-m:past_paper;pu-ahs:past_paper;pu-csp:past_paper;pu-css:past_paper;pu-cse:past_paper;pu-gs:past_paper;pu-com:past_paper
pu-verbal-reasoning-ch6-q79,verbal-reasoning-synonyms-antonyms-q79,Verbal Reasoning,pu-verbal-reasoning,6,synonyms-antonyms,Synonyms / Antonyms,topic,I would not have built a hose here but for the engineer's assurance that this area never has floods.,Guarantee,Suspicion,Belief,Suggestion,,a,,medium,,pu-dogar,pu-e:past_paper;pu-m:past_paper;pu-ahs:past_paper;pu-csp:past_paper;pu-css:past_paper;pu-cse:past_paper;pu-gs:past_paper;pu-com:past_paper
pu-verbal-reasoning-ch6-q80,verbal-reasoning-synonyms-antonyms-q80,Verbal Reasoning,pu-verbal-reasoning,6,synonyms-antonyms,Synonyms / Antonyms,topic,The car accident was the consequence of his carelessness.,Conclusion,End,Proof,Result,,a,,easy,,pu-dogar,pu-e:past_paper;pu-m:past_paper;pu-ahs:past_paper;pu-csp:past_paper;pu-css:past_paper;pu-cse:past_paper;pu-gs:past_paper;pu-com:past_paper
pu-verbal-reasoning-ch6-q81,verbal-reasoning-synonyms-antonyms-q81,Verbal Reasoning,pu-verbal-reasoning,6,synonyms-antonyms,Synonyms / Antonyms,topic,How could the thief gain access to the bank lockers?,Nearness,Entry,Exit,Permission,,a,,easy,,pu-dogar,pu-e:past_paper;pu-m:past_paper;pu-ahs:past_paper;pu-csp:past_paper;pu-css:past_paper;pu-cse:past_paper;pu-gs:past_paper;pu-com:past_paper
pu-verbal-reasoning-ch6-q82,verbal-reasoning-synonyms-antonyms-q82,Verbal Reasoning,pu-verbal-reasoning,6,synonyms-antonyms,Synonyms / Antonyms,topic,The boy is anxious to learn as much as he can.,Worried,Eager,Forced,Serious,,b,,easy,,pu-dogar,pu-e:past_paper;pu-m:past_paper;pu-ahs:past_paper;pu-csp:past_paper;pu-css:past_paper;pu-cse:past_paper;pu-gs:past_paper;pu-com:past_paper
pu-verbal-reasoning-ch6-q83,verbal-reasoning-synonyms-antonyms-q83,Verbal Reasoning,pu-verbal-reasoning,6,synonyms-antonyms,Synonyms / Antonyms,topic,MOISTURE:,Defect,Dampness,Delicate,Dryness,,b,,easy,,pu-dogar,pu-e:past_paper;pu-m:past_paper;pu-ahs:past_paper;pu-csp:past_paper;pu-css:past_paper;pu-cse:past_paper;pu-gs:past_paper;pu-com:past_paper
pu-verbal-reasoning-ch6-q84,verbal-reasoning-synonyms-antonyms-q84,Verbal Reasoning,pu-verbal-reasoning,6,synonyms-antonyms,Synonyms / Antonyms,topic,COUNSEL:,Correct,Publish,Oppose,Advise,,d,,easy,,pu-dogar,pu-e:past_paper;pu-m:past_paper;pu-ahs:past_paper;pu-csp:past_paper;pu-css:past_paper;pu-cse:past_paper;pu-gs:past_paper;pu-com:past_paper
pu-verbal-reasoning-ch6-q85,verbal-reasoning-synonyms-antonyms-q85,Verbal Reasoning,pu-verbal-reasoning,6,synonyms-antonyms,Synonyms / Antonyms,topic,AUDACIOUS:,Daring,Venture,Obvious,Manifest,,a,,easy,,pu-dogar,pu-e:past_paper;pu-m:past_paper;pu-ahs:past_paper;pu-csp:past_paper;pu-css:past_paper;pu-cse:past_paper;pu-gs:past_paper;pu-com:past_paper
pu-verbal-reasoning-ch6-q86,verbal-reasoning-synonyms-antonyms-q86,Verbal Reasoning,pu-verbal-reasoning,6,synonyms-antonyms,Synonyms / Antonyms,topic,CITE:,Place,Sight,Quote,Good,,c,,easy,,pu-dogar,pu-e:past_paper;pu-m:past_paper;pu-ahs:past_paper;pu-csp:past_paper;pu-css:past_paper;pu-cse:past_paper;pu-gs:past_paper;pu-com:past_paper
pu-verbal-reasoning-ch6-q87,verbal-reasoning-synonyms-antonyms-q87,Verbal Reasoning,pu-verbal-reasoning,6,synonyms-antonyms,Synonyms / Antonyms,topic,CHAOS:,Mould,Disturb,Inexperienced,Lawlessness,,d,,easy,,pu-dogar,pu-e:past_paper;pu-m:past_paper;pu-ahs:past_paper;pu-csp:past_paper;pu-css:past_paper;pu-cse:past_paper;pu-gs:past_paper;pu-com:past_paper
pu-verbal-reasoning-ch6-q88,verbal-reasoning-synonyms-antonyms-q88,Verbal Reasoning,pu-verbal-reasoning,6,synonyms-antonyms,Synonyms / Antonyms,topic,AFFLUENT:,Close,Prosperous,Poor,Talkative,,b,,easy,,pu-dogar,pu-e:past_paper;pu-m:past_paper;pu-ahs:past_paper;pu-csp:past_paper;pu-css:past_paper;pu-cse:past_paper;pu-gs:past_paper;pu-com:past_paper
pu-verbal-reasoning-ch6-q89,verbal-reasoning-synonyms-antonyms-q89,Verbal Reasoning,pu-verbal-reasoning,6,synonyms-antonyms,Synonyms / Antonyms,topic,It was Suhail's practice to get up early and go for a walk before breakfast.,Rule,Fashion,Habit,Convention,,c,,medium,,pu-dogar,pu-e:past_paper;pu-m:past_paper;pu-ahs:past_paper;pu-csp:past_paper;pu-css:past_paper;pu-cse:past_paper;pu-gs:past_paper;pu-com:past_paper
pu-verbal-reasoning-ch6-q90,verbal-reasoning-synonyms-antonyms-q90,Verbal Reasoning,pu-verbal-reasoning,6,synonyms-antonyms,Synonyms / Antonyms,topic,Madiha asked Irum not to meddle in her affairs.,Intercede,Impose,Cross,Interfere,,d,,easy,,pu-dogar,pu-e:past_paper;pu-m:past_paper;pu-ahs:past_paper;pu-csp:past_paper;pu-css:past_paper;pu-cse:past_paper;pu-gs:past_paper;pu-com:past_paper
pu-verbal-reasoning-ch6-q91,verbal-reasoning-synonyms-antonyms-q91,Verbal Reasoning,pu-verbal-reasoning,6,synonyms-antonyms,Synonyms / Antonyms,topic,CRUEL:,Hateful,Dreadful,Merciless,Indifferent,,c,,easy,,pu-dogar,pu-e:past_paper;pu-m:past_paper;pu-ahs:past_paper;pu-csp:past_paper;pu-css:past_paper;pu-cse:past_paper;pu-gs:past_paper;pu-com:past_paper
pu-verbal-reasoning-ch6-q92,verbal-reasoning-synonyms-antonyms-q92,Verbal Reasoning,pu-verbal-reasoning,6,synonyms-antonyms,Synonyms / Antonyms,topic,MAJESTIC:,Attractive,Interesting,Grand,Extraordinary,,c,,easy,,pu-dogar,pu-e:past_paper;pu-m:past_paper;pu-ahs:past_paper;pu-csp:past_paper;pu-css:past_paper;pu-cse:past_paper;pu-gs:past_paper;pu-com:past_paper
pu-verbal-reasoning-ch6-q93,verbal-reasoning-synonyms-antonyms-q93,Verbal Reasoning,pu-verbal-reasoning,6,synonyms-antonyms,Synonyms / Antonyms,topic,MARVELLOUS:,Wonderful,Attractive,Charming,Pleasing,,a,,easy,,pu-dogar,pu-e:past_paper;pu-m:past_paper;pu-ahs:past_paper;pu-csp:past_paper;pu-css:past_paper;pu-cse:past_paper;pu-gs:past_paper;pu-com:past_paper
pu-verbal-reasoning-ch6-q94,verbal-reasoning-synonyms-antonyms-q94,Verbal Reasoning,pu-verbal-reasoning,6,synonyms-antonyms,Synonyms / Antonyms,topic,JEOPARDY:,Enmity,Danger,Magic,Adventure,,b,,easy,,pu-dogar,pu-e:past_paper;pu-m:past_paper;pu-ahs:past_paper;pu-csp:past_paper;pu-css:past_paper;pu-cse:past_paper;pu-gs:past_paper;pu-com:past_paper
pu-verbal-reasoning-ch6-q95,verbal-reasoning-synonyms-antonyms-q95,Verbal Reasoning,pu-verbal-reasoning,6,synonyms-antonyms,Synonyms / Antonyms,topic,EMULATE:,Trying to do as well,In spite to win,Enable,Likely to be late,,a,,easy,,pu-dogar,pu-e:past_paper;pu-m:past_paper;pu-ahs:past_paper;pu-csp:past_paper;pu-css:past_paper;pu-cse:past_paper;pu-gs:past_paper;pu-com:past_paper
pu-verbal-reasoning-ch6-q96,verbal-reasoning-synonyms-antonyms-q96,Verbal Reasoning,pu-verbal-reasoning,6,synonyms-antonyms,Synonyms / Antonyms,topic,ERADICATE:,Complicate,Dedicate,Indicate,Eliminate,,d,,easy,,pu-dogar,pu-e:past_paper;pu-m:past_paper;pu-ahs:past_paper;pu-csp:past_paper;pu-css:past_paper;pu-cse:past_paper;pu-gs:past_paper;pu-com:past_paper
pu-verbal-reasoning-ch3-q3,verbal-reasoning-antonyms-q1,Verbal Reasoning,pu-verbal-reasoning,3,antonyms,Antonyms,topic,ABATE:,Postpone,Abandon,Diminish,increase,,d,ABATE means to diminish or lessen; its antonym is 'increase' (to grow larger or more intense).,easy,,pu-dogar,pu-e:past_paper;pu-m:past_paper;pu-ahs:past_paper;pu-csp:past_paper;pu-css:past_paper;pu-cse:past_paper;pu-gs:past_paper;pu-com:past_paper
pu-verbal-reasoning-ch3-q4,verbal-reasoning-antonyms-q2,Verbal Reasoning,pu-verbal-reasoning,3,antonyms,Antonyms,topic,LUCID:,Confusing,Weird,Austere,Bitter,,a,LUCID means clear and easy to understand; its antonym is 'confusing' (difficult to understand).,easy,,pu-dogar,pu-e:past_paper;pu-m:past_paper;pu-ahs:past_paper;pu-csp:past_paper;pu-css:past_paper;pu-cse:past_paper;pu-gs:past_paper;pu-com:past_paper
pu-verbal-reasoning-ch3-q5,verbal-reasoning-antonyms-q3,Verbal Reasoning,pu-verbal-reasoning,3,antonyms,Antonyms,topic,AMALGAMATE:,Righteous,Segregate,Blend,Inattentive,,b,AMALGAMATE means to combine or merge; its antonym is 'segregate' (to separate or divide).,easy,,pu-dogar,pu-e:past_paper;pu-m:past_paper;pu-ahs:past_paper;pu-csp:past_paper;pu-css:past_paper;pu-cse:past_paper;pu-gs:past_paper;pu-com:past_paper
pu-verbal-reasoning-ch3-q6,verbal-reasoning-antonyms-q4,Verbal Reasoning,pu-verbal-reasoning,3,antonyms,Antonyms,topic,MERCURIAL:,Erratic,Fastidious,Sloppy,Stable,,d,MERCURIAL means unpredictably changeable or volatile; its antonym is 'stable' (steady and unchanging).,easy,,pu-dogar,pu-e:past_paper;pu-m:past_paper;pu-ahs:past_paper;pu-csp:past_paper;pu-css:past_paper;pu-cse:past_paper;pu-gs:past_paper;pu-com:past_paper
pu-verbal-reasoning-ch3-q7,verbal-reasoning-antonyms-q5,Verbal Reasoning,pu-verbal-reasoning,3,antonyms,Antonyms,topic,PRUDENT:,Indiscreet,Parochial,Vain,Customary,,a,PRUDENT means acting with careful good judgment; its antonym is 'indiscreet' (lacking caution or good judgment).,easy,,pu-dogar,pu-e:past_paper;pu-m:past_paper;pu-ahs:past_paper;pu-csp:past_paper;pu-css:past_paper;pu-cse:past_paper;pu-gs:past_paper;pu-com:past_paper
pu-verbal-reasoning-ch3-q8,verbal-reasoning-antonyms-q6,Verbal Reasoning,pu-verbal-reasoning,3,antonyms,Antonyms,topic,"We must remember that like all other things, days of prosperity will end too.",Misfortune,Disaster,Adversity,Trouble,,c,,medium,,pu-dogar,pu-e:past_paper;pu-m:past_paper;pu-ahs:past_paper;pu-csp:past_paper;pu-css:past_paper;pu-cse:past_paper;pu-gs:past_paper;pu-com:past_paper
pu-verbal-reasoning-ch3-q9,verbal-reasoning-antonyms-q7,Verbal Reasoning,pu-verbal-reasoning,3,antonyms,Antonyms,topic,The court jester was allowed to make derogatory remarks about the king and yet get away with it.,Humorous,Commendable,Complimentary,Emotional,,c,,medium,,pu-dogar,pu-e:past_paper;pu-m:past_paper;pu-ahs:past_paper;pu-csp:past_paper;pu-css:past_paper;pu-cse:past_paper;pu-gs:past_paper;pu-com:past_paper
pu-verbal-reasoning-ch3-q10,verbal-reasoning-antonyms-q8,Verbal Reasoning,pu-verbal-reasoning,3,antonyms,Antonyms,topic,There was a rueful expression on the face of the old lady.,Hopeful,Wistful,Sorrowful,Cheerful,,d,,easy,,pu-dogar,pu-e:past_paper;pu-m:past_paper;pu-ahs:past_paper;pu-csp:past_paper;pu-css:past_paper;pu-cse:past_paper;pu-gs:past_paper;pu-com:past_paper
pu-verbal-reasoning-ch3-q11,verbal-reasoning-antonyms-q9,Verbal Reasoning,pu-verbal-reasoning,3,antonyms,Antonyms,topic,He pleaded for the modernization of the factory enthusiastically.,Dispassionately,Reluctantly,Indifferently,Unconvincingly,,c,,easy,,pu-dogar,pu-e:past_paper;pu-m:past_paper;pu-ahs:past_paper;pu-csp:past_paper;pu-css:past_paper;pu-cse:past_paper;pu-gs:past_paper;pu-com:past_paper
pu-verbal-reasoning-ch3-q12,verbal-reasoning-antonyms-q10,Verbal Reasoning,pu-verbal-reasoning,3,antonyms,Antonyms,topic,The novel is remarkable for its graphic descriptions of the city's underworld.,Vague,Short,Vivid,Prejudiced,,a,,medium,,pu-dogar,pu-e:past_paper;pu-m:past_paper;pu-ahs:past_paper;pu-csp:past_paper;pu-css:past_paper;pu-cse:past_paper;pu-gs:past_paper;pu-com:past_paper
pu-verbal-reasoning-ch3-q13,verbal-reasoning-antonyms-q11,Verbal Reasoning,pu-verbal-reasoning,3,antonyms,Antonyms,topic,NEGLECTED:,Defended,Attended,Ignored,None of these,,b,NEGLECTED means ignored or not given proper care; its antonym is 'attended' (given proper care and attention).,easy,,pu-dogar,pu-e:past_paper;pu-m:past_paper;pu-ahs:past_paper;pu-csp:past_paper;pu-css:past_paper;pu-cse:past_paper;pu-gs:past_paper;pu-com:past_paper
pu-verbal-reasoning-ch3-q14,verbal-reasoning-antonyms-q12,Verbal Reasoning,pu-verbal-reasoning,3,antonyms,Antonyms,topic,ACCOST:,Avoid,Hate,Accompany,Cajole,,a,ACCOST means to approach and address someone boldly or aggressively; its antonym is 'avoid' (to keep away from).,easy,,pu-dogar,pu-e:past_paper;pu-m:past_paper;pu-ahs:past_paper;pu-csp:past_paper;pu-css:past_paper;pu-cse:past_paper;pu-gs:past_paper;pu-com:past_paper
pu-verbal-reasoning-ch3-q15,verbal-reasoning-antonyms-q13,Verbal Reasoning,pu-verbal-reasoning,3,antonyms,Antonyms,topic,RECEDE:,Proceed,Reject,Follow,Welcome,,a,RECEDE means to move back or withdraw; its antonym is 'proceed' (to move forward or continue).,easy,,pu-dogar,pu-e:past_paper;pu-m:past_paper;pu-ahs:past_paper;pu-csp:past_paper;pu-css:past_paper;pu-cse:past_paper;pu-gs:past_paper;pu-com:past_paper
pu-verbal-reasoning-ch3-q16,verbal-reasoning-antonyms-q14,Verbal Reasoning,pu-verbal-reasoning,3,antonyms,Antonyms,topic,CLEAN:,Pure,Dirty,Lure,None of these,,b,"The antonym of CLEAN is 'dirty' (soiled or impure). 'Pure' is a synonym, not an antonym.",easy,,pu-dogar,pu-e:past_paper;pu-m:past_paper;pu-ahs:past_paper;pu-csp:past_paper;pu-css:past_paper;pu-cse:past_paper;pu-gs:past_paper;pu-com:past_paper
pu-verbal-reasoning-ch3-q17,verbal-reasoning-antonyms-q15,Verbal Reasoning,pu-verbal-reasoning,3,antonyms,Antonyms,topic,POSTPONE:,Schedule,Defer,Accelerate,None of these,,c,POSTPONE means to delay or put off; its antonym is 'accelerate' (to speed up or bring forward in time).,easy,,pu-dogar,pu-e:past_paper;pu-m:past_paper;pu-ahs:past_paper;pu-csp:past_paper;pu-css:past_paper;pu-cse:past_paper;pu-gs:past_paper;pu-com:past_paper
pu-verbal-reasoning-ch3-q18,verbal-reasoning-antonyms-q16,Verbal Reasoning,pu-verbal-reasoning,3,antonyms,Antonyms,topic,DEPART:,Depend,Come back,Unknown,Leave,,b,DEPART means to leave; its antonym is 'come back' (to return).,easy,,pu-dogar,pu-e:past_paper;pu-m:past_paper;pu-ahs:past_paper;pu-csp:past_paper;pu-css:past_paper;pu-cse:past_paper;pu-gs:past_paper;pu-com:past_paper
pu-verbal-reasoning-ch3-q19,verbal-reasoning-antonyms-q17,Verbal Reasoning,pu-verbal-reasoning,3,antonyms,Antonyms,topic,WAR:,Bomb,Calm,Battle,Peace,,d,The antonym of WAR (armed conflict) is 'peace' (a state of tranquility and absence of conflict).,easy,,pu-dogar,pu-e:past_paper;pu-m:past_paper;pu-ahs:past_paper;pu-csp:past_paper;pu-css:past_paper;pu-cse:past_paper;pu-gs:past_paper;pu-com:past_paper
pu-verbal-reasoning-ch3-q20,verbal-reasoning-antonyms-q18,Verbal Reasoning,pu-verbal-reasoning,3,antonyms,Antonyms,topic,MASTER:,Clan,Slave,Plain,Maestro,,b,The antonym of MASTER (one who has authority or ownership) is 'slave' (one who is under the authority or ownership of another).,easy,,pu-dogar,pu-e:past_paper;pu-m:past_paper;pu-ahs:past_paper;pu-csp:past_paper;pu-css:past_paper;pu-cse:past_paper;pu-gs:past_paper;pu-com:past_paper
pu-verbal-reasoning-ch3-q21,verbal-reasoning-antonyms-q19,Verbal Reasoning,pu-verbal-reasoning,3,antonyms,Antonyms,topic,The army had adequate ammunition for the battle.,Insufficient,Poor,Meager,Deficient,,a,,hard,,pu-dogar,pu-e:past_paper;pu-m:past_paper;pu-ahs:past_paper;pu-csp:past_paper;pu-css:past_paper;pu-cse:past_paper;pu-gs:past_paper;pu-com:past_paper
pu-verbal-reasoning-ch3-q22,verbal-reasoning-antonyms-q20,Verbal Reasoning,pu-verbal-reasoning,3,antonyms,Antonyms,topic,Naila was filled with remorse for having refused to sell her bicycle to Saira.,Happiness,Satisfaction,Pride,Happiness,,b,REMORSE is a feeling of deep regret or guilt; its antonym in context is 'satisfaction' (contentment with one's actions).,medium,,pu-dogar,pu-e:past_paper;pu-m:past_paper;pu-ahs:past_paper;pu-csp:past_paper;pu-css:past_paper;pu-cse:past_paper;pu-gs:past_paper;pu-com:past_paper
pu-verbal-reasoning-ch3-q23,verbal-reasoning-antonyms-q21,Verbal Reasoning,pu-verbal-reasoning,3,antonyms,Antonyms,topic,The budget was presented with a deficit of crores of rupees.,Bonus,Profit,Surplus,None of these,,c,,easy,,pu-dogar,pu-e:past_paper;pu-m:past_paper;pu-ahs:past_paper;pu-csp:past_paper;pu-css:past_paper;pu-cse:past_paper;pu-gs:past_paper;pu-com:past_paper
pu-verbal-reasoning-ch3-q24,verbal-reasoning-antonyms-q22,Verbal Reasoning,pu-verbal-reasoning,3,antonyms,Antonyms,topic,His style of writing is quite verbose.,Short,Precise,Limited,Constricted,,b,,easy,,pu-dogar,pu-e:past_paper;pu-m:past_paper;pu-ahs:past_paper;pu-csp:past_paper;pu-css:past_paper;pu-cse:past_paper;pu-gs:past_paper;pu-com:past_paper
pu-verbal-reasoning-ch3-q25,verbal-reasoning-antonyms-q23,Verbal Reasoning,pu-verbal-reasoning,3,antonyms,Antonyms,topic,The team felt triumphant.,Lost,Sad,Defeated,None of these,,c,,easy,,pu-dogar,pu-e:past_paper;pu-m:past_paper;pu-ahs:past_paper;pu-csp:past_paper;pu-css:past_paper;pu-cse:past_paper;pu-gs:past_paper;pu-com:past_paper
pu-verbal-reasoning-ch3-q26,verbal-reasoning-antonyms-q24,Verbal Reasoning,pu-verbal-reasoning,3,antonyms,Antonyms,topic,She had nothing but scorn for my ideas.,Admiration,Agreement,Encouragement,Appreciation,,a,,easy,,pu-dogar,pu-e:past_paper;pu-m:past_paper;pu-ahs:past_paper;pu-csp:past_paper;pu-css:past_paper;pu-cse:past_paper;pu-gs:past_paper;pu-com:past_paper
pu-verbal-reasoning-ch3-q27,verbal-reasoning-antonyms-q25,Verbal Reasoning,pu-verbal-reasoning,3,antonyms,Antonyms,topic,He directed a couple of mediocre films.,Successful,Famous,Outstanding,Noble,,c,,easy,,pu-dogar,pu-e:past_paper;pu-m:past_paper;pu-ahs:past_paper;pu-csp:past_paper;pu-css:past_paper;pu-cse:past_paper;pu-gs:past_paper;pu-com:past_paper
pu-verbal-reasoning-ch3-q28,verbal-reasoning-antonyms-q26,Verbal Reasoning,pu-verbal-reasoning,3,antonyms,Antonyms,topic,It was a revolting sight.,Remarkable,Pleasant,Attractive,None of these,,b,,easy,,pu-dogar,pu-e:past_paper;pu-m:past_paper;pu-ahs:past_paper;pu-csp:past_paper;pu-css:past_paper;pu-cse:past_paper;pu-gs:past_paper;pu-com:past_paper
pu-verbal-reasoning-ch3-q29,verbal-reasoning-antonyms-q27,Verbal Reasoning,pu-verbal-reasoning,3,antonyms,Antonyms,topic,There is something repulsive about the way he handles people's complaints.,Distinctive,Lovely,Attractive,Distinctive,,c,REPULSIVE means causing disgust or aversion; its antonym is 'attractive' (pleasing or appealing).,medium,,pu-dogar,pu-e:past_paper;pu-m:past_paper;pu-ahs:past_paper;pu-csp:past_paper;pu-css:past_paper;pu-cse:past_paper;pu-gs:past_paper;pu-com:past_paper
pu-verbal-reasoning-ch3-q30,verbal-reasoning-antonyms-q28,Verbal Reasoning,pu-verbal-reasoning,3,antonyms,Antonyms,topic,The witness corroborated word for word the statement of the victim.,Accepted,Denied,Confirmed,None of these,,b,,easy,,pu-dogar,pu-e:past_paper;pu-m:past_paper;pu-ahs:past_paper;pu-csp:past_paper;pu-css:past_paper;pu-cse:past_paper;pu-gs:past_paper;pu-com:past_paper
pu-verbal-reasoning-ch3-q31,verbal-reasoning-antonyms-q29,Verbal Reasoning,pu-verbal-reasoning,3,antonyms,Antonyms,topic,"Unlike his sister, he is affable.",Gullible,Lovable,Irritable,Reserved,,c,,easy,,pu-dogar,pu-e:past_paper;pu-m:past_paper;pu-ahs:past_paper;pu-csp:past_paper;pu-css:past_paper;pu-cse:past_paper;pu-gs:past_paper;pu-com:past_paper
pu-verbal-reasoning-ch3-q32,verbal-reasoning-antonyms-q30,Verbal Reasoning,pu-verbal-reasoning,3,antonyms,Antonyms,topic,The birth of his son decidedly proved to be an auspicious event in his life.,Precious,Ominous,Useless,None of these,,b,,medium,,pu-dogar,pu-e:past_paper;pu-m:past_paper;pu-ahs:past_paper;pu-csp:past_paper;pu-css:past_paper;pu-cse:past_paper;pu-gs:past_paper;pu-com:past_paper
pu-verbal-reasoning-ch3-q33,verbal-reasoning-antonyms-q31,Verbal Reasoning,pu-verbal-reasoning,3,antonyms,Antonyms,topic,It was indeed arduous to cross streets in Tokyo.,Painless,Effortless,Pleasant,Interesting,,c,,easy,,pu-dogar,pu-e:past_paper;pu-m:past_paper;pu-ahs:past_paper;pu-csp:past_paper;pu-css:past_paper;pu-cse:past_paper;pu-gs:past_paper;pu-com:past_paper
pu-verbal-reasoning-ch3-q34,verbal-reasoning-antonyms-q32,Verbal Reasoning,pu-verbal-reasoning,3,antonyms,Antonyms,topic,My first speech was a fiasco.,Success,Joy,Disaster,Fun,,a,,easy,,pu-dogar,pu-e:past_paper;pu-m:past_paper;pu-ahs:past_paper;pu-csp:past_paper;pu-css:past_paper;pu-cse:past_paper;pu-gs:past_paper;pu-com:past_paper
pu-verbal-reasoning-ch3-q35,verbal-reasoning-antonyms-q33,Verbal Reasoning,pu-verbal-reasoning,3,antonyms,Antonyms,topic,"At first, she was reluctant to accept the appointment in the bank.",Pleased,Excited,Anxious,Willing,,d,,easy,,pu-dogar,pu-e:past_paper;pu-m:past_paper;pu-ahs:past_paper;pu-csp:past_paper;pu-css:past_paper;pu-cse:past_paper;pu-gs:past_paper;pu-com:past_paper
pu-verbal-reasoning-ch3-q36,verbal-reasoning-antonyms-q34,Verbal Reasoning,pu-verbal-reasoning,3,antonyms,Antonyms,topic,Her knowledge of Urdu appears to be quite superficial.,Perfect,Praiseworthy,Deep,Sufficient,,c,,easy,,pu-dogar,pu-e:past_paper;pu-m:past_paper;pu-ahs:past_paper;pu-csp:past_paper;pu-css:past_paper;pu-cse:past_paper;pu-gs:past_paper;pu-com:past_paper
pu-verbal-reasoning-ch3-q37,verbal-reasoning-antonyms-q35,Verbal Reasoning,pu-verbal-reasoning,3,antonyms,Antonyms,topic,She appears to be a phoney person.,Beautiful,Unnatural,Genuine,Unreal,,c,,easy,,pu-dogar,pu-e:past_paper;pu-m:past_paper;pu-ahs:past_paper;pu-csp:past_paper;pu-css:past_paper;pu-cse:past_paper;pu-gs:past_paper;pu-com:past_paper
pu-verbal-reasoning-ch3-q38,verbal-reasoning-antonyms-q36,Verbal Reasoning,pu-verbal-reasoning,3,antonyms,Antonyms,topic,"When Akram entered the room, he was in a jubilant mood.",Penitent,Serious,Defeated,Depressed,,d,,easy,,pu-dogar,pu-e:past_paper;pu-m:past_paper;pu-ahs:past_paper;pu-csp:past_paper;pu-css:past_paper;pu-cse:past_paper;pu-gs:past_paper;pu-com:past_paper
pu-verbal-reasoning-ch3-q39,verbal-reasoning-antonyms-q37,Verbal Reasoning,pu-verbal-reasoning,3,antonyms,Antonyms,topic,His speeches were insipid.,Informative,Lively,Shocking,Insightful,,b,,easy,,pu-dogar,pu-e:past_paper;pu-m:past_paper;pu-ahs:past_paper;pu-csp:past_paper;pu-css:past_paper;pu-cse:past_paper;pu-gs:past_paper;pu-com:past_paper
pu-verbal-reasoning-ch3-q40,verbal-reasoning-antonyms-q38,Verbal Reasoning,pu-verbal-reasoning,3,antonyms,Antonyms,topic,They have tried their best to provoke the flood victims.,Convince,Gratify,Pacify,Attract,,c,,easy,,pu-dogar,pu-e:past_paper;pu-m:past_paper;pu-ahs:past_paper;pu-csp:past_paper;pu-css:past_paper;pu-cse:past_paper;pu-gs:past_paper;pu-com:past_paper
pu-verbal-reasoning-ch3-q41,verbal-reasoning-antonyms-q39,Verbal Reasoning,pu-verbal-reasoning,3,antonyms,Antonyms,topic,The judge implicated the investigating officer in the murder.,Liberated,Exonerated,Absolved,Explicated,,b,,easy,,pu-dogar,pu-e:past_paper;pu-m:past_paper;pu-ahs:past_paper;pu-csp:past_paper;pu-css:past_paper;pu-cse:past_paper;pu-gs:past_paper;pu-com:past_paper
pu-verbal-reasoning-ch3-q42,verbal-reasoning-antonyms-q40,Verbal Reasoning,pu-verbal-reasoning,3,antonyms,Antonyms,topic,His comment was considered pointless by the Chairman of the meeting.,Significant,Impartial,Objective,Lively,,a,,easy,,pu-dogar,pu-e:past_paper;pu-m:past_paper;pu-ahs:past_paper;pu-csp:past_paper;pu-css:past_paper;pu-cse:past_paper;pu-gs:past_paper;pu-com:past_paper
pu-verbal-reasoning-ch3-q43,verbal-reasoning-antonyms-q41,Verbal Reasoning,pu-verbal-reasoning,3,antonyms,Antonyms,topic,The rainfall was plentiful in this part during the last season.,Small,Rare,Handful,Scanty,,d,,easy,,pu-dogar,pu-e:past_paper;pu-m:past_paper;pu-ahs:past_paper;pu-csp:past_paper;pu-css:past_paper;pu-cse:past_paper;pu-gs:past_paper;pu-com:past_paper
pu-verbal-reasoning-ch3-q44,verbal-reasoning-antonyms-q42,Verbal Reasoning,pu-verbal-reasoning,3,antonyms,Antonyms,topic,I have vague memories of my childhood.,Profound,Sufficient,Pleasant,Clear,,d,,easy,,pu-dogar,pu-e:past_paper;pu-m:past_paper;pu-ahs:past_paper;pu-csp:past_paper;pu-css:past_paper;pu-cse:past_paper;pu-gs:past_paper;pu-com:past_paper
pu-verbal-reasoning-ch3-q45,verbal-reasoning-antonyms-q43,Verbal Reasoning,pu-verbal-reasoning,3,antonyms,Antonyms,topic,It was a very dreary day.,Dangerous,Drab,Beautiful,Bright,,d,,easy,,pu-dogar,pu-e:past_paper;pu-m:past_paper;pu-ahs:past_paper;pu-csp:past_paper;pu-css:past_paper;pu-cse:past_paper;pu-gs:past_paper;pu-com:past_paper
pu-verbal-reasoning-ch3-q46,verbal-reasoning-antonyms-q44,Verbal Reasoning,pu-verbal-reasoning,3,antonyms,Antonyms,topic,That man is known for his elegance.,Awkwardness,Savagery,Clumsiness,Indelicacy,,a,,easy,,pu-dogar,pu-e:past_paper;pu-m:past_paper;pu-ahs:past_paper;pu-csp:past_paper;pu-css:past_paper;pu-cse:past_paper;pu-gs:past_paper;pu-com:past_paper
pu-verbal-reasoning-ch3-q47,verbal-reasoning-antonyms-q45,Verbal Reasoning,pu-verbal-reasoning,3,antonyms,Antonyms,topic,The decision was delayed because of him.,Expedited,Triggered,Released,None of these,,a,,easy,,pu-dogar,pu-e:past_paper;pu-m:past_paper;pu-ahs:past_paper;pu-csp:past_paper;pu-css:past_paper;pu-cse:past_paper;pu-gs:past_paper;pu-com:past_paper
pu-verbal-reasoning-ch3-q48,verbal-reasoning-antonyms-q46,Verbal Reasoning,pu-verbal-reasoning,3,antonyms,Antonyms,topic,The room was filled with a delicious odour.,Strange,Bitter,Repulsive,Unpalatable,,d,,easy,,pu-dogar,pu-e:past_paper;pu-m:past_paper;pu-ahs:past_paper;pu-csp:past_paper;pu-css:past_paper;pu-cse:past_paper;pu-gs:past_paper;pu-com:past_paper
pu-verbal-reasoning-ch3-q49,verbal-reasoning-antonyms-q47,Verbal Reasoning,pu-verbal-reasoning,3,antonyms,Antonyms,topic,Silence is this place is mandatory.,Optional,Irritating,Imperative,Compulsory,,a,,easy,,pu-dogar,pu-e:past_paper;pu-m:past_paper;pu-ahs:past_paper;pu-csp:past_paper;pu-css:past_paper;pu-cse:past_paper;pu-gs:past_paper;pu-com:past_paper
pu-verbal-reasoning-ch3-q50,verbal-reasoning-antonyms-q48,Verbal Reasoning,pu-verbal-reasoning,3,antonyms,Antonyms,topic,The veracity of this statement needs to be tested further.,Pretence,Treachery,Dishonesty,Falsity,,d,,easy,,pu-dogar,pu-e:past_paper;pu-m:past_paper;pu-ahs:past_paper;pu-csp:past_paper;pu-css:past_paper;pu-cse:past_paper;pu-gs:past_paper;pu-com:past_paper
pu-verbal-reasoning-ch3-q51,verbal-reasoning-antonyms-q49,Verbal Reasoning,pu-verbal-reasoning,3,antonyms,Antonyms,topic,His radical views made him unpopular.,Conservative,Outmoded,Narrow,Childish,,a,,easy,,pu-dogar,pu-e:past_paper;pu-m:past_paper;pu-ahs:past_paper;pu-csp:past_paper;pu-css:past_paper;pu-cse:past_paper;pu-gs:past_paper;pu-com:past_paper
pu-verbal-reasoning-ch3-q52,verbal-reasoning-antonyms-q50,Verbal Reasoning,pu-verbal-reasoning,3,antonyms,Antonyms,topic,"On the face of it, Iqbal's glance conveyed humorous impatience.",Dismayed,Disappointed,Dejected,Pathetic,,d,,easy,,pu-dogar,pu-e:past_paper;pu-m:past_paper;pu-ahs:past_paper;pu-csp:past_paper;pu-css:past_paper;pu-cse:past_paper;pu-gs:past_paper;pu-com:past_paper
pu-verbal-reasoning-ch3-q53,verbal-reasoning-antonyms-q51,Verbal Reasoning,pu-verbal-reasoning,3,antonyms,Antonyms,topic,Her modesty prevented her from making her feelings known to him.,Superiority,Arrogance,Vanity,None of these,,c,,easy,,pu-dogar,pu-e:past_paper;pu-m:past_paper;pu-ahs:past_paper;pu-csp:past_paper;pu-css:past_paper;pu-cse:past_paper;pu-gs:past_paper;pu-com:past_paper
pu-verbal-reasoning-ch3-q54,verbal-reasoning-antonyms-q52,Verbal Reasoning,pu-verbal-reasoning,3,antonyms,Antonyms,topic,We must realize the futility of wars.,Urgency,Usefulness,,,,b,FUTILITY means uselessness or the quality of having no useful result; its antonym is 'usefulness' (the quality of being beneficial).,easy,,pu-dogar,pu-e:past_paper;pu-m:past_paper;pu-ahs:past_paper;pu-csp:past_paper;pu-css:past_paper;pu-cse:past_paper;pu-gs:past_paper;pu-com:past_paper
pu-verbal-reasoning-ch3-q55,verbal-reasoning-antonyms-q53,Verbal Reasoning,pu-verbal-reasoning,3,antonyms,Antonyms,topic,SAGE:,Rogue,Egoist,Fool,Snob,,c,A SAGE is a profoundly wise person; its antonym is 'fool' (a person who lacks wisdom or good judgment).,easy,,pu-dogar,pu-e:past_paper;pu-m:past_paper;pu-ahs:past_paper;pu-csp:past_paper;pu-css:past_paper;pu-cse:past_paper;pu-gs:past_paper;pu-com:past_paper
pu-verbal-reasoning-ch3-q56,verbal-reasoning-antonyms-q54,Verbal Reasoning,pu-verbal-reasoning,3,antonyms,Antonyms,topic,MOIST:,Parched,Hard,Dry,Crisp,,c,MOIST means slightly wet; its antonym is 'dry' (free from moisture).,easy,,pu-dogar,pu-e:past_paper;pu-m:past_paper;pu-ahs:past_paper;pu-csp:past_paper;pu-css:past_paper;pu-cse:past_paper;pu-gs:past_paper;pu-com:past_paper
pu-verbal-reasoning-ch3-q57,verbal-reasoning-antonyms-q55,Verbal Reasoning,pu-verbal-reasoning,3,antonyms,Antonyms,topic,MASK:,Hit,Expose,Deface,Injure,,b,To MASK is to conceal or cover; its antonym is 'expose' (to reveal or uncover).,easy,,pu-dogar,pu-e:past_paper;pu-m:past_paper;pu-ahs:past_paper;pu-csp:past_paper;pu-css:past_paper;pu-cse:past_paper;pu-gs:past_paper;pu-com:past_paper
pu-verbal-reasoning-ch3-q58,verbal-reasoning-antonyms-q56,Verbal Reasoning,pu-verbal-reasoning,3,antonyms,Antonyms,topic,CALLOUS:,Sentimental,Sensitive,Confidence,Capable,,b,CALLOUS means insensitive and cruel; its antonym is 'sensitive' (easily affected by the feelings of others).,easy,,pu-dogar,pu-e:past_paper;pu-m:past_paper;pu-ahs:past_paper;pu-csp:past_paper;pu-css:past_paper;pu-cse:past_paper;pu-gs:past_paper;pu-com:past_paper
pu-verbal-reasoning-ch3-q59,verbal-reasoning-antonyms-q57,Verbal Reasoning,pu-verbal-reasoning,3,antonyms,Antonyms,topic,BEGUILE:,Cheat,Smile,Flatter,Persuade,,a,"BEGUILE means to charm, enchant, or deceive — a synonym is to Cheat. OCR answer key had ""d"" (Persuade) which is incorrect.",easy,,pu-dogar,pu-e:past_paper;pu-m:past_paper;pu-ahs:past_paper;pu-csp:past_paper;pu-css:past_paper;pu-cse:past_paper;pu-gs:past_paper;pu-com:past_paper
pu-verbal-reasoning-ch3-q60,verbal-reasoning-antonyms-q58,Verbal Reasoning,pu-verbal-reasoning,3,antonyms,Antonyms,topic,VIRTUE:,Vice,Wickedness,Crime,Fraud,,a,,easy,,pu-dogar,pu-e:past_paper;pu-m:past_paper;pu-ahs:past_paper;pu-csp:past_paper;pu-css:past_paper;pu-cse:past_paper;pu-gs:past_paper;pu-com:past_paper
pu-verbal-reasoning-ch3-q61,verbal-reasoning-antonyms-q59,Verbal Reasoning,pu-verbal-reasoning,3,antonyms,Antonyms,topic,VENERATE:,Criticize,Abuse,Accuse,Defame,,b,VENERATE means to regard with deep respect and reverence; its antonym is 'abuse' (to treat with disrespect or cruelty).,easy,,pu-dogar,pu-e:past_paper;pu-m:past_paper;pu-ahs:past_paper;pu-csp:past_paper;pu-css:past_paper;pu-cse:past_paper;pu-gs:past_paper;pu-com:past_paper
pu-verbal-reasoning-ch3-q62,verbal-reasoning-antonyms-q60,Verbal Reasoning,pu-verbal-reasoning,3,antonyms,Antonyms,topic,SHALLOW:,Deep,Hidden,High,Hollow,,a,,easy,,pu-dogar,pu-e:past_paper;pu-m:past_paper;pu-ahs:past_paper;pu-csp:past_paper;pu-css:past_paper;pu-cse:past_paper;pu-gs:past_paper;pu-com:past_paper
pu-verbal-reasoning-ch3-q63,verbal-reasoning-antonyms-q61,Verbal Reasoning,pu-verbal-reasoning,3,antonyms,Antonyms,topic,REWARD:,Forfeiture,Penalty,Demotion,Retribution,,b,A REWARD is something given in recognition of good behaviour or achievement; its antonym is 'penalty' (a punishment for wrongdoing).,easy,,pu-dogar,pu-e:past_paper;pu-m:past_paper;pu-ahs:past_paper;pu-csp:past_paper;pu-css:past_paper;pu-cse:past_paper;pu-gs:past_paper;pu-com:past_paper
pu-verbal-reasoning-ch3-q64,verbal-reasoning-antonyms-q62,Verbal Reasoning,pu-verbal-reasoning,3,antonyms,Antonyms,topic,FOREIGNER:,Alien,Native,Stranger,National,,b,The antonym of FOREIGNER (someone from another country) is 'native' (someone born in and belonging to the place in question).,easy,,pu-dogar,pu-e:past_paper;pu-m:past_paper;pu-ahs:past_paper;pu-csp:past_paper;pu-css:past_paper;pu-cse:past_paper;pu-gs:past_paper;pu-com:past_paper
pu-verbal-reasoning-ch3-q65,verbal-reasoning-antonyms-q63,Verbal Reasoning,pu-verbal-reasoning,3,antonyms,Antonyms,topic,GATHER:,Separate,Scatter,Suspend,None of these,,b,,easy,,pu-dogar,pu-e:past_paper;pu-m:past_paper;pu-ahs:past_paper;pu-csp:past_paper;pu-css:past_paper;pu-cse:past_paper;pu-gs:past_paper;pu-com:past_paper
pu-verbal-reasoning-ch3-q66,verbal-reasoning-antonyms-q64,Verbal Reasoning,pu-verbal-reasoning,3,antonyms,Antonyms,topic,CONCEALED:,Opened,Disclosed,Released,Publicized,,b,,easy,,pu-dogar,pu-e:past_paper;pu-m:past_paper;pu-ahs:past_paper;pu-csp:past_paper;pu-css:past_paper;pu-cse:past_paper;pu-gs:past_paper;pu-com:past_paper
pu-verbal-reasoning-ch3-q67,verbal-reasoning-antonyms-q65,Verbal Reasoning,pu-verbal-reasoning,3,antonyms,Antonyms,topic,INNOCENT:,Guilty,Corrupt,Sinful,Deadly,,a,,easy,,pu-dogar,pu-e:past_paper;pu-m:past_paper;pu-ahs:past_paper;pu-csp:past_paper;pu-css:past_paper;pu-cse:past_paper;pu-gs:past_paper;pu-com:past_paper
pu-verbal-reasoning-ch3-q68,verbal-reasoning-antonyms-q66,Verbal Reasoning,pu-verbal-reasoning,3,antonyms,Antonyms,topic,JUBILANT:,Quiet,Disturbed,Gloomy,Scared,,c,,easy,,pu-dogar,pu-e:past_paper;pu-m:past_paper;pu-ahs:past_paper;pu-csp:past_paper;pu-css:past_paper;pu-cse:past_paper;pu-gs:past_paper;pu-com:past_paper
pu-verbal-reasoning-ch3-q69,verbal-reasoning-antonyms-q67,Verbal Reasoning,pu-verbal-reasoning,3,antonyms,Antonyms,topic,RESERVED:,Popular,Likeable,Talkative,None of these,,c,,easy,,pu-dogar,pu-e:past_paper;pu-m:past_paper;pu-ahs:past_paper;pu-csp:past_paper;pu-css:past_paper;pu-cse:past_paper;pu-gs:past_paper;pu-com:past_paper
pu-verbal-reasoning-ch3-q70,verbal-reasoning-antonyms-q68,Verbal Reasoning,pu-verbal-reasoning,3,antonyms,Antonyms,topic,OFTEN:,Quickly,Never,Never,Sometimes,,d,,easy,,pu-dogar,pu-e:past_paper;pu-m:past_paper;pu-ahs:past_paper;pu-csp:past_paper;pu-css:past_paper;pu-cse:past_paper;pu-gs:past_paper;pu-com:past_paper
pu-verbal-reasoning-ch3-q71,verbal-reasoning-antonyms-q69,Verbal Reasoning,pu-verbal-reasoning,3,antonyms,Antonyms,topic,VICTORY:,Fortune,Success,Defeat,Progress,,c,,easy,,pu-dogar,pu-e:past_paper;pu-m:past_paper;pu-ahs:past_paper;pu-csp:past_paper;pu-css:past_paper;pu-cse:past_paper;pu-gs:past_paper;pu-com:past_paper
pu-verbal-reasoning-ch3-q72,verbal-reasoning-antonyms-q70,Verbal Reasoning,pu-verbal-reasoning,3,antonyms,Antonyms,topic,LOOSE:,Excellent,Joined,Tight,None of these,,c,,easy,,pu-dogar,pu-e:past_paper;pu-m:past_paper;pu-ahs:past_paper;pu-csp:past_paper;pu-css:past_paper;pu-cse:past_paper;pu-gs:past_paper;pu-com:past_paper
pu-verbal-reasoning-ch3-q73,verbal-reasoning-antonyms-q71,Verbal Reasoning,pu-verbal-reasoning,3,antonyms,Antonyms,topic,ACCORD:,Difference,Agreement,Failure,Disagreement,,d,ACCORD means agreement or harmony; its antonym is 'disagreement' (a lack of consensus or harmony).,easy,,pu-dogar,pu-e:past_paper;pu-m:past_paper;pu-ahs:past_paper;pu-csp:past_paper;pu-css:past_paper;pu-cse:past_paper;pu-gs:past_paper;pu-com:past_paper
pu-verbal-reasoning-ch3-q74,verbal-reasoning-antonyms-q72,Verbal Reasoning,pu-verbal-reasoning,3,antonyms,Antonyms,topic,REJECT:,Allow,Agree,Refuse,Accept,,d,To REJECT means to refuse to accept; its antonym is 'accept' (to receive willingly).,easy,,pu-dogar,pu-e:past_paper;pu-m:past_paper;pu-ahs:past_paper;pu-csp:past_paper;pu-css:past_paper;pu-cse:past_paper;pu-gs:past_paper;pu-com:past_paper
pu-verbal-reasoning-ch3-q75,verbal-reasoning-antonyms-q73,Verbal Reasoning,pu-verbal-reasoning,3,antonyms,Antonyms,topic,He has the habit of magnifying other's mistakes.,Enlarging,Discriminating,Reducing,Denying,,c,,easy,,pu-dogar,pu-e:past_paper;pu-m:past_paper;pu-ahs:past_paper;pu-csp:past_paper;pu-css:past_paper;pu-cse:past_paper;pu-gs:past_paper;pu-com:past_paper
pu-verbal-reasoning-ch3-q76,verbal-reasoning-antonyms-q74,Verbal Reasoning,pu-verbal-reasoning,3,antonyms,Antonyms,topic,He has a definite idea of what he wants in life.,Coward,Debtor,Vague,Deficit,,c,,easy,,pu-dogar,pu-e:past_paper;pu-m:past_paper;pu-ahs:past_paper;pu-csp:past_paper;pu-css:past_paper;pu-cse:past_paper;pu-gs:past_paper;pu-com:past_paper
pu-verbal-reasoning-ch3-q77,verbal-reasoning-antonyms-q75,Verbal Reasoning,pu-verbal-reasoning,3,antonyms,Antonyms,topic,"As a novelist, Abdullah Hussain based his narrative on facts.",Darkness,Fiction,Story,None of these,,b,,easy,,pu-dogar,pu-e:past_paper;pu-m:past_paper;pu-ahs:past_paper;pu-csp:past_paper;pu-css:past_paper;pu-cse:past_paper;pu-gs:past_paper;pu-com:past_paper
pu-verbal-reasoning-ch3-q78,verbal-reasoning-antonyms-q76,Verbal Reasoning,pu-verbal-reasoning,3,antonyms,Antonyms,topic,The boss works in this office in a hostile environment.,Friendly,Malicious,Doubtful,Cooperative,,a,,easy,,pu-dogar,pu-e:past_paper;pu-m:past_paper;pu-ahs:past_paper;pu-csp:past_paper;pu-css:past_paper;pu-cse:past_paper;pu-gs:past_paper;pu-com:past_paper
pu-verbal-reasoning-ch3-q79,verbal-reasoning-antonyms-q77,Verbal Reasoning,pu-verbal-reasoning,3,antonyms,Antonyms,topic,His principles are flexible.,Strong,Powerful,Hard,Rigid,,d,,easy,,pu-dogar,pu-e:past_paper;pu-m:past_paper;pu-ahs:past_paper;pu-csp:past_paper;pu-css:past_paper;pu-cse:past_paper;pu-gs:past_paper;pu-com:past_paper
pu-verbal-reasoning-ch3-q80,verbal-reasoning-antonyms-q78,Verbal Reasoning,pu-verbal-reasoning,3,antonyms,Antonyms,topic,The president's message of congratulations gave a boost to the morale of the team.,Rebuke,Obstruction,Discouragement,Hinder,,c,,medium,,pu-dogar,pu-e:past_paper;pu-m:past_paper;pu-ahs:past_paper;pu-csp:past_paper;pu-css:past_paper;pu-cse:past_paper;pu-gs:past_paper;pu-com:past_paper
pu-verbal-reasoning-ch3-q81,verbal-reasoning-antonyms-q79,Verbal Reasoning,pu-verbal-reasoning,3,antonyms,Antonyms,topic,LOUDER:,Noisy,Softer,Smaller,Little,,b,,easy,,pu-dogar,pu-e:past_paper;pu-m:past_paper;pu-ahs:past_paper;pu-csp:past_paper;pu-css:past_paper;pu-cse:past_paper;pu-gs:past_paper;pu-com:past_paper
pu-verbal-reasoning-ch3-q82,verbal-reasoning-antonyms-q80,Verbal Reasoning,pu-verbal-reasoning,3,antonyms,Antonyms,topic,LOW:,Below,Above,Down,High,,d,,easy,,pu-dogar,pu-e:past_paper;pu-m:past_paper;pu-ahs:past_paper;pu-csp:past_paper;pu-css:past_paper;pu-cse:past_paper;pu-gs:past_paper;pu-com:past_paper
pu-verbal-reasoning-ch3-q83,verbal-reasoning-antonyms-q81,Verbal Reasoning,pu-verbal-reasoning,3,antonyms,Antonyms,topic,ANSWER:,Reply,Question,Interrogation,Return,,b,,easy,,pu-dogar,pu-e:past_paper;pu-m:past_paper;pu-ahs:past_paper;pu-csp:past_paper;pu-css:past_paper;pu-cse:past_paper;pu-gs:past_paper;pu-com:past_paper
pu-verbal-reasoning-ch3-q84,verbal-reasoning-antonyms-q82,Verbal Reasoning,pu-verbal-reasoning,3,antonyms,Antonyms,topic,PUNISH:,Sympathy,Help,Cruel,Pity,,a,,easy,,pu-dogar,pu-e:past_paper;pu-m:past_paper;pu-ahs:past_paper;pu-csp:past_paper;pu-css:past_paper;pu-cse:past_paper;pu-gs:past_paper;pu-com:past_paper
pu-verbal-reasoning-ch3-q85,verbal-reasoning-antonyms-q83,Verbal Reasoning,pu-verbal-reasoning,3,antonyms,Antonyms,topic,This is not ideology but pragmatic language teaching.,Improper,Imperfect,Impossible,Impractical,,d,,easy,,pu-dogar,pu-e:past_paper;pu-m:past_paper;pu-ahs:past_paper;pu-csp:past_paper;pu-css:past_paper;pu-cse:past_paper;pu-gs:past_paper;pu-com:past_paper
pu-verbal-reasoning-ch3-q86,verbal-reasoning-antonyms-q84,Verbal Reasoning,pu-verbal-reasoning,3,antonyms,Antonyms,topic,There are reports that many poor people abandon female children.,Reject,Keep,Help,Like,,b,,easy,,pu-dogar,pu-e:past_paper;pu-m:past_paper;pu-ahs:past_paper;pu-csp:past_paper;pu-css:past_paper;pu-cse:past_paper;pu-gs:past_paper;pu-com:past_paper
pu-verbal-reasoning-ch3-q87,verbal-reasoning-antonyms-q85,Verbal Reasoning,pu-verbal-reasoning,3,antonyms,Antonyms,topic,Earthquakes are frequent in Japan.,Rare,Unusual,Few,Extinct,,a,,easy,,pu-dogar,pu-e:past_paper;pu-m:past_paper;pu-ahs:past_paper;pu-csp:past_paper;pu-css:past_paper;pu-cse:past_paper;pu-gs:past_paper;pu-com:past_paper
pu-verbal-reasoning-ch3-q88,verbal-reasoning-antonyms-q86,Verbal Reasoning,pu-verbal-reasoning,3,antonyms,Antonyms,topic,Machine civilization has made human life artificial.,TRUE,Genuine,Natural,Authentic,,b,,easy,,pu-dogar,pu-e:past_paper;pu-m:past_paper;pu-ahs:past_paper;pu-csp:past_paper;pu-css:past_paper;pu-cse:past_paper;pu-gs:past_paper;pu-com:past_paper
pu-verbal-reasoning-ch3-q89,verbal-reasoning-antonyms-q87,Verbal Reasoning,pu-verbal-reasoning,3,antonyms,Antonyms,topic,The Minister is optimistic about the new project just launched.,Stoical,Pessimistic,Cynical,Dubious,,b,,easy,,pu-dogar,pu-e:past_paper;pu-m:past_paper;pu-ahs:past_paper;pu-csp:past_paper;pu-css:past_paper;pu-cse:past_paper;pu-gs:past_paper;pu-com:past_paper
pu-verbal-reasoning-ch3-q90,verbal-reasoning-antonyms-q88,Verbal Reasoning,pu-verbal-reasoning,3,antonyms,Antonyms,topic,All the runners started simultaneously.,Fully,Frequently,Separately,Momentarily,,c,,easy,,pu-dogar,pu-e:past_paper;pu-m:past_paper;pu-ahs:past_paper;pu-csp:past_paper;pu-css:past_paper;pu-cse:past_paper;pu-gs:past_paper;pu-com:past_paper
pu-verbal-reasoning-ch3-q91,verbal-reasoning-antonyms-q89,Verbal Reasoning,pu-verbal-reasoning,3,antonyms,Antonyms,topic,He was acquitted of the charge of theft.,Dissociated,Convicted,Exonerated,Released,,b,,easy,,pu-dogar,pu-e:past_paper;pu-m:past_paper;pu-ahs:past_paper;pu-csp:past_paper;pu-css:past_paper;pu-cse:past_paper;pu-gs:past_paper;pu-com:past_paper
pu-verbal-reasoning-ch3-q92,verbal-reasoning-antonyms-q90,Verbal Reasoning,pu-verbal-reasoning,3,antonyms,Antonyms,topic,The police tried to find out the rightful owner of the ornaments left in the train.,Indefinite,Unlawful,Claimant,Mistaken,,b,,medium,,pu-dogar,pu-e:past_paper;pu-m:past_paper;pu-ahs:past_paper;pu-csp:past_paper;pu-css:past_paper;pu-cse:past_paper;pu-gs:past_paper;pu-com:past_paper
pu-verbal-reasoning-ch3-q93,verbal-reasoning-antonyms-q91,Verbal Reasoning,pu-verbal-reasoning,3,antonyms,Antonyms,topic,The students assembled in the meeting hall.,Eliminated,Diffused,Dispersed,Removed,,c,,easy,,pu-dogar,pu-e:past_paper;pu-m:past_paper;pu-ahs:past_paper;pu-csp:past_paper;pu-css:past_paper;pu-cse:past_paper;pu-gs:past_paper;pu-com:past_paper
pu-verbal-reasoning-ch3-q94,verbal-reasoning-antonyms-q92,Verbal Reasoning,pu-verbal-reasoning,3,antonyms,Antonyms,topic,The children are playing in the nearby park.,Different,Separate,Close,Distant,,d,,easy,,pu-dogar,pu-e:past_paper;pu-m:past_paper;pu-ahs:past_paper;pu-csp:past_paper;pu-css:past_paper;pu-cse:past_paper;pu-gs:past_paper;pu-com:past_paper
pu-verbal-reasoning-ch3-q95,verbal-reasoning-antonyms-q93,Verbal Reasoning,pu-verbal-reasoning,3,antonyms,Antonyms,topic,Life in the villages is very dull.,Pleasant,Bluffing,Wasteful,Serious,,a,,easy,,pu-dogar,pu-e:past_paper;pu-m:past_paper;pu-ahs:past_paper;pu-csp:past_paper;pu-css:past_paper;pu-cse:past_paper;pu-gs:past_paper;pu-com:past_paper
pu-verbal-reasoning-ch3-q96,verbal-reasoning-antonyms-q94,Verbal Reasoning,pu-verbal-reasoning,3,antonyms,Antonyms,topic,GUILTY:,Right,Correct,TRUE,Innocent,,d,,easy,,pu-dogar,pu-e:past_paper;pu-m:past_paper;pu-ahs:past_paper;pu-csp:past_paper;pu-css:past_paper;pu-cse:past_paper;pu-gs:past_paper;pu-com:past_paper
pu-verbal-reasoning-ch3-q97,verbal-reasoning-antonyms-q95,Verbal Reasoning,pu-verbal-reasoning,3,antonyms,Antonyms,topic,DESTROY:,Invest,Ignorant,Create,Make,,c,,easy,,pu-dogar,pu-e:past_paper;pu-m:past_paper;pu-ahs:past_paper;pu-csp:past_paper;pu-css:past_paper;pu-cse:past_paper;pu-gs:past_paper;pu-com:past_paper
pu-verbal-reasoning-ch3-q98,verbal-reasoning-antonyms-q96,Verbal Reasoning,pu-verbal-reasoning,3,antonyms,Antonyms,topic,VIGILANT:,Careless,Iresponsible,Ignorant,Innocent,,a,,easy,,pu-dogar,pu-e:past_paper;pu-m:past_paper;pu-ahs:past_paper;pu-csp:past_paper;pu-css:past_paper;pu-cse:past_paper;pu-gs:past_paper;pu-com:past_paper
pu-verbal-reasoning-ch4-q7,verbal-reasoning-sentence-completion-q1,Verbal Reasoning,pu-verbal-reasoning,4,sentence-completion,Sentence Completion,topic,"Male and female loons tend to act _____, actively helping each other forage for food to feed their young.",aggressively,surreptitiously,cooperatively,defensively,erratically,c,,medium,,pu-dogar,pu-e:past_paper;pu-m:past_paper;pu-ahs:past_paper;pu-csp:past_paper;pu-css:past_paper;pu-cse:past_paper;pu-gs:past_paper;pu-com:past_paper
pu-verbal-reasoning-ch4-q8,verbal-reasoning-sentence-completion-q2,Verbal Reasoning,pu-verbal-reasoning,4,sentence-completion,Sentence Completion,topic,"My grandmother, who never spent a dime and rarely talked, was considered both _____ and _____.",miserly . . taciturn,frugal . . effusive,stingy . . garrulous,thrifty . . raucous,munificent . . reticent,a,,medium,,pu-dogar,pu-e:past_paper;pu-m:past_paper;pu-ahs:past_paper;pu-csp:past_paper;pu-css:past_paper;pu-cse:past_paper;pu-gs:past_paper;pu-com:past_paper
pu-verbal-reasoning-ch4-q9,verbal-reasoning-sentence-completion-q3,Verbal Reasoning,pu-verbal-reasoning,4,sentence-completion,Sentence Completion,topic,"After witnessing a number of territorial skirmishes, Dr. Jarmen had to change his earlier opinion that these particular breeds of chipmunk were always _____ animals.",curious,harsh,quarreling,peaceful,warring,d,,medium,,pu-dogar,pu-e:past_paper;pu-m:past_paper;pu-ahs:past_paper;pu-csp:past_paper;pu-css:past_paper;pu-cse:past_paper;pu-gs:past_paper;pu-com:past_paper
pu-verbal-reasoning-ch4-q10,verbal-reasoning-sentence-completion-q4,Verbal Reasoning,pu-verbal-reasoning,4,sentence-completion,Sentence Completion,topic,"Although teasers for the film were absolutely _____, the film itself was well presented, well timed, and represented a rather _____ work.",scintillating . . blasé,tasteless . . amateur,risqué . . bawdy,breathtaking . . familiar,crude . . polished,e,,medium,,pu-dogar,pu-e:past_paper;pu-m:past_paper;pu-ahs:past_paper;pu-csp:past_paper;pu-css:past_paper;pu-cse:past_paper;pu-gs:past_paper;pu-com:past_paper
pu-verbal-reasoning-ch4-q11,verbal-reasoning-sentence-completion-q5,Verbal Reasoning,pu-verbal-reasoning,4,sentence-completion,Sentence Completion,topic,"Football players, generally known for their elevated testosterone levels, would see crying as _____ unmanly rather than a humanistic trait _____ by either sex.",sickeningly . . thwarted,inherently . . experienced,inexplicably . . enjoyed,intentionally . . fostered,plausibly . . envisioned,b,,medium,,pu-dogar,pu-e:past_paper;pu-m:past_paper;pu-ahs:past_paper;pu-csp:past_paper;pu-css:past_paper;pu-cse:past_paper;pu-gs:past_paper;pu-com:past_paper
pu-verbal-reasoning-ch4-q12,verbal-reasoning-sentence-completion-q6,Verbal Reasoning,pu-verbal-reasoning,4,sentence-completion,Sentence Completion,topic,"Despite the fact that Frank Lloyd Wright communities are almost _____, they leave behind a _____ legacy of architecture and furniture design.",obsolete . . transitory,dormant . . modest,extinct . . vital,self-sufficient . . prodigious,isolated . . robust,c,,medium,,pu-dogar,pu-e:past_paper;pu-m:past_paper;pu-ahs:past_paper;pu-csp:past_paper;pu-css:past_paper;pu-cse:past_paper;pu-gs:past_paper;pu-com:past_paper
pu-verbal-reasoning-ch4-q13,verbal-reasoning-sentence-completion-q7,Verbal Reasoning,pu-verbal-reasoning,4,sentence-completion,Sentence Completion,topic,"The majority of the villagers in this seemingly forgotten land, are _____ vegetarians; that is, they only eat meat during a holy celebration, or whenever they can afford it, which, because of the ludicrously high prices, is practically _____.",... never,clandestine,... staunch,adamant,... reluctant,,,medium,[MANUAL:unresolvable] Two-blank sentence completion; option-pair first words cut off in OCR — cannot reconstruct correct pairing without original source.,pu-dogar,pu-e:past_paper;pu-m:past_paper;pu-ahs:past_paper;pu-csp:past_paper;pu-css:past_paper;pu-cse:past_paper;pu-gs:past_paper;pu-com:past_paper
pu-verbal-reasoning-ch4-q14,verbal-reasoning-sentence-completion-q8,Verbal Reasoning,pu-verbal-reasoning,4,sentence-completion,Sentence Completion,topic,The _____ lecture hall could seat the entire graduating class including guests; some said it was even _____.,burgeoning . . elaborate,bodacious . . monumental,elaborate . . haughty,commodious . . enormous,capacious . . minuscule,d,,medium,,pu-dogar,pu-e:past_paper;pu-m:past_paper;pu-ahs:past_paper;pu-csp:past_paper;pu-css:past_paper;pu-cse:past_paper;pu-gs:past_paper;pu-com:past_paper
pu-verbal-reasoning-ch4-q15,verbal-reasoning-sentence-completion-q9,Verbal Reasoning,pu-verbal-reasoning,4,sentence-completion,Sentence Completion,topic,"The secretary _____ agreed to _____ the president's decision, knowing that the information was less than factual and against her basic beliefs regarding deceptive sales practices.",grudgingly . . abide by,willingly . . support,secretively . . acknowledge,maliciously . . sway,furtively . . foster,a,,medium,,pu-dogar,pu-e:past_paper;pu-m:past_paper;pu-ahs:past_paper;pu-csp:past_paper;pu-css:past_paper;pu-cse:past_paper;pu-gs:past_paper;pu-com:past_paper
pu-verbal-reasoning-ch4-q16,verbal-reasoning-sentence-completion-q10,Verbal Reasoning,pu-verbal-reasoning,4,sentence-completion,Sentence Completion,topic,"Either the fishing at Redington Beach is _____, or I went there on an off day.",plentiful,overrated,caustic,sporadic,invigorating,b,,medium,,pu-dogar,pu-e:past_paper;pu-m:past_paper;pu-ahs:past_paper;pu-csp:past_paper;pu-css:past_paper;pu-cse:past_paper;pu-gs:past_paper;pu-com:past_paper
pu-verbal-reasoning-ch4-q17,verbal-reasoning-sentence-completion-q11,Verbal Reasoning,pu-verbal-reasoning,4,sentence-completion,Sentence Completion,topic,His _____ remarks really detracted from the overall speech; he should not have so readily strayed from his subject.,repugnant,digressive,redundant,innocuous,enigmatic,b,,medium,,pu-dogar,pu-e:past_paper;pu-m:past_paper;pu-ahs:past_paper;pu-csp:past_paper;pu-css:past_paper;pu-cse:past_paper;pu-gs:past_paper;pu-com:past_paper
pu-verbal-reasoning-ch4-q18,verbal-reasoning-sentence-completion-q12,Verbal Reasoning,pu-verbal-reasoning,4,sentence-completion,Sentence Completion,topic,"He acted with great _____, as if he were a diplomat without regard for crimination.",emotion,restraint,concern,statesmanship,disdain,e,,medium,,pu-dogar,pu-e:past_paper;pu-m:past_paper;pu-ahs:past_paper;pu-csp:past_paper;pu-css:past_paper;pu-cse:past_paper;pu-gs:past_paper;pu-com:past_paper
pu-verbal-reasoning-ch4-q19,verbal-reasoning-sentence-completion-q13,Verbal Reasoning,pu-verbal-reasoning,4,sentence-completion,Sentence Completion,topic,"As I was describing my encounter with the alien, he had the most _____ stare, as if he didn't believe a word I was saying.",amazing,dumbfounded,incredulous,blank,obdurate,c,,medium,,pu-dogar,pu-e:past_paper;pu-m:past_paper;pu-ahs:past_paper;pu-csp:past_paper;pu-css:past_paper;pu-cse:past_paper;pu-gs:past_paper;pu-com:past_paper
pu-verbal-reasoning-ch4-q20,verbal-reasoning-sentence-completion-q14,Verbal Reasoning,pu-verbal-reasoning,4,sentence-completion,Sentence Completion,topic,The _____ of horns heard while gridlocked at the traffic jam was as discordant as an untamed orchestral performance.,blaring,harmonic,sequencing,cacophony,syncopated,d,"A 'cacophony' is a harsh, discordant mixture of sounds — perfectly matching 'as discordant as an untamed orchestral performance'.",medium,,pu-dogar,pu-e:past_paper;pu-m:past_paper;pu-ahs:past_paper;pu-csp:past_paper;pu-css:past_paper;pu-cse:past_paper;pu-gs:past_paper;pu-com:past_paper
pu-verbal-reasoning-ch4-q21,verbal-reasoning-sentence-completion-q15,Verbal Reasoning,pu-verbal-reasoning,4,sentence-completion,Sentence Completion,topic,"Her ______ demeanor was understandable given the loss of her brother; indeed, most of us were rather ______.",lachrymose... dolorous,reprehensible... enigmatic,subtle... raucous,determined... committed,displaced... focused,a,,medium,,pu-dogar,pu-e:past_paper;pu-m:past_paper;pu-ahs:past_paper;pu-csp:past_paper;pu-css:past_paper;pu-cse:past_paper;pu-gs:past_paper;pu-com:past_paper
pu-verbal-reasoning-ch4-q22,verbal-reasoning-sentence-completion-q16,Verbal Reasoning,pu-verbal-reasoning,4,sentence-completion,Sentence Completion,topic,"It was a rather ______ mystery, full of twists and turns and surprises and ______ most difficult to predict.",tawdry... foreshadowing,knotty... nuances,subtle... characters,obvious... reversals,easily understood... clever redirections,b,,medium,,pu-dogar,pu-e:past_paper;pu-m:past_paper;pu-ahs:past_paper;pu-csp:past_paper;pu-css:past_paper;pu-cse:past_paper;pu-gs:past_paper;pu-com:past_paper
pu-verbal-reasoning-ch4-q23,verbal-reasoning-sentence-completion-q17,Verbal Reasoning,pu-verbal-reasoning,4,sentence-completion,Sentence Completion,topic,"He is the ______ of evil; he lies, cheats, steals, murders, and boasts of his anti-societal behavior.",antithesis,plaintiff,epitome,harbinger,picture,c,,medium,,pu-dogar,pu-e:past_paper;pu-m:past_paper;pu-ahs:past_paper;pu-csp:past_paper;pu-css:past_paper;pu-cse:past_paper;pu-gs:past_paper;pu-com:past_paper
pu-verbal-reasoning-ch4-q24,verbal-reasoning-sentence-completion-q18,Verbal Reasoning,pu-verbal-reasoning,4,sentence-completion,Sentence Completion,topic,It is commonly believed that statesman Frederick Douglass ______ patterned his autobiography after the ______ of the former slave Olaudah Equiano.,effectively... notations,knowingly... diary,accidentally... writings,intentionally... narrative,expectantly... accomplishments,d,,medium,,pu-dogar,pu-e:past_paper;pu-m:past_paper;pu-ahs:past_paper;pu-csp:past_paper;pu-css:past_paper;pu-cse:past_paper;pu-gs:past_paper;pu-com:past_paper
pu-verbal-reasoning-ch4-q25,verbal-reasoning-sentence-completion-q19,Verbal Reasoning,pu-verbal-reasoning,4,sentence-completion,Sentence Completion,topic,"Legislative leaders found it desirable to ______ prohibition, partially in order to recover revenue from taxation on spirits.",enforce,abrogate,stave,modify,obdurate,b,To 'abrogate' means to officially repeal or abolish a law or agreement. Legislative leaders abrogating prohibition to recover tax revenue is historically accurate (US 21st Amendment) and linguistically correct.,medium,,pu-dogar,pu-e:past_paper;pu-m:past_paper;pu-ahs:past_paper;pu-csp:past_paper;pu-css:past_paper;pu-cse:past_paper;pu-gs:past_paper;pu-com:past_paper
pu-verbal-reasoning-ch4-q26,verbal-reasoning-sentence-completion-q20,Verbal Reasoning,pu-verbal-reasoning,4,sentence-completion,Sentence Completion,topic,"It is incomprehensible that the tax codes should be such a ______ instead of a straightforward bracket based on gross earnings, notwithstanding deductions.",farce,joke,labyrinth,calamity,malfeasance,c,,medium,,pu-dogar,pu-e:past_paper;pu-m:past_paper;pu-ahs:past_paper;pu-csp:past_paper;pu-css:past_paper;pu-cse:past_paper;pu-gs:past_paper;pu-com:past_paper
pu-verbal-reasoning-ch4-q27,verbal-reasoning-sentence-completion-q21,Verbal Reasoning,pu-verbal-reasoning,4,sentence-completion,Sentence Completion,topic,"The editorial, in obvious opposition to the article appearing in yesterday's newspaper, was well-written, well-documented, factual, and non-confrontational, the only intent of which seemed to ______ the article.",repudiate,contradict,correct,lend credence,show support,a,,medium,,pu-dogar,pu-e:past_paper;pu-m:past_paper;pu-ahs:past_paper;pu-csp:past_paper;pu-css:past_paper;pu-cse:past_paper;pu-gs:past_paper;pu-com:past_paper
pu-verbal-reasoning-ch4-q28,verbal-reasoning-sentence-completion-q22,Verbal Reasoning,pu-verbal-reasoning,4,sentence-completion,Sentence Completion,topic,"It is within the ______ years that wisdom evidences itself, when those long in tooth, grayed-in hair, and physically feeble demonstrate knowledge that is only paid for with the price of age.",latent,dormant,transcended,tenacious,crepuscular,e,,medium,,pu-dogar,pu-e:past_paper;pu-m:past_paper;pu-ahs:past_paper;pu-csp:past_paper;pu-css:past_paper;pu-cse:past_paper;pu-gs:past_paper;pu-com:past_paper
pu-verbal-reasoning-ch4-q29,verbal-reasoning-sentence-completion-q23,Verbal Reasoning,pu-verbal-reasoning,4,sentence-completion,Sentence Completion,topic,"Now is not the time for ______ decisions, but ______ in our cause for freedom.",difficult... acquiescence,peaceful... tenacity,austere... commitment,tentative... resolution,weak... discourse,d,,medium,,pu-dogar,pu-e:past_paper;pu-m:past_paper;pu-ahs:past_paper;pu-csp:past_paper;pu-css:past_paper;pu-cse:past_paper;pu-gs:past_paper;pu-com:past_paper
pu-verbal-reasoning-ch4-q30,verbal-reasoning-sentence-completion-q24,Verbal Reasoning,pu-verbal-reasoning,4,sentence-completion,Sentence Completion,topic,"In order to ______ ratings, the incumbent directed party loyalists to flood the media with ______ about recent developments in job creation.",bolster... accolades,improve... talk,explain... data,nullify... falsehoods,mollify... rumors,a,,medium,,pu-dogar,pu-e:past_paper;pu-m:past_paper;pu-ahs:past_paper;pu-csp:past_paper;pu-css:past_paper;pu-cse:past_paper;pu-gs:past_paper;pu-com:past_paper
pu-verbal-reasoning-ch7-q1,verbal-reasoning-sentence-completion-with-grammatical-words-q1,Verbal Reasoning,pu-verbal-reasoning,7,sentence-completion-with-grammatical-words,Sentence Completion with Grammatical Words,topic,Truth or Love in grammar is ______:,Noun,Verb,Asbstract noun,Concrete,,c,,easy,,pu-dogar,pu-e:past_paper;pu-m:past_paper;pu-ahs:past_paper;pu-csp:past_paper;pu-css:past_paper;pu-cse:past_paper;pu-gs:past_paper;pu-com:past_paper
pu-verbal-reasoning-ch7-q2,verbal-reasoning-sentence-completion-with-grammatical-words-q2,Verbal Reasoning,pu-verbal-reasoning,7,sentence-completion-with-grammatical-words,Sentence Completion with Grammatical Words,topic,"Who, which or what are ______:",Relative Pronouns,Interrogative pronouns,Indefinite pronouns,Reciprocal pronouns,,b,,easy,,pu-dogar,pu-e:past_paper;pu-m:past_paper;pu-ahs:past_paper;pu-csp:past_paper;pu-css:past_paper;pu-cse:past_paper;pu-gs:past_paper;pu-com:past_paper
pu-verbal-reasoning-ch7-q3,verbal-reasoning-sentence-completion-with-grammatical-words-q3,Verbal Reasoning,pu-verbal-reasoning,7,sentence-completion-with-grammatical-words,Sentence Completion with Grammatical Words,topic,"A word that expresses an action, an occurrence or a state of being called ______:",Noun,Verb,Pronoun,Adjective,,b,,medium,,pu-dogar,pu-e:past_paper;pu-m:past_paper;pu-ahs:past_paper;pu-csp:past_paper;pu-css:past_paper;pu-cse:past_paper;pu-gs:past_paper;pu-com:past_paper
pu-verbal-reasoning-ch7-q4,verbal-reasoning-sentence-completion-with-grammatical-words-q4,Verbal Reasoning,pu-verbal-reasoning,7,sentence-completion-with-grammatical-words,Sentence Completion with Grammatical Words,topic,Friday prayer is ______ adjective:,Descriptive,Proper,Limiting,Article,,b,,easy,,pu-dogar,pu-e:past_paper;pu-m:past_paper;pu-ahs:past_paper;pu-csp:past_paper;pu-css:past_paper;pu-cse:past_paper;pu-gs:past_paper;pu-com:past_paper
pu-verbal-reasoning-ch7-q5,verbal-reasoning-sentence-completion-with-grammatical-words-q5,Verbal Reasoning,pu-verbal-reasoning,7,sentence-completion-with-grammatical-words,Sentence Completion with Grammatical Words,topic,______ is an indefinite Pronoun.,My self,This book,Every one,Who,,c,,easy,,pu-dogar,pu-e:past_paper;pu-m:past_paper;pu-ahs:past_paper;pu-csp:past_paper;pu-css:past_paper;pu-cse:past_paper;pu-gs:past_paper;pu-com:past_paper
pu-verbal-reasoning-ch7-q6,verbal-reasoning-sentence-completion-with-grammatical-words-q6,Verbal Reasoning,pu-verbal-reasoning,7,sentence-completion-with-grammatical-words,Sentence Completion with Grammatical Words,topic,------ is a Relative Pronoun?,My self,This book,Every one,Who,None of these,d,,easy,,pu-dogar,pu-e:past_paper;pu-m:past_paper;pu-ahs:past_paper;pu-csp:past_paper;pu-css:past_paper;pu-cse:past_paper;pu-gs:past_paper;pu-com:past_paper
pu-verbal-reasoning-ch7-q7,verbal-reasoning-sentence-completion-with-grammatical-words-q7,Verbal Reasoning,pu-verbal-reasoning,7,sentence-completion-with-grammatical-words,Sentence Completion with Grammatical Words,topic,"""Mr. Aslam has telephoned his son once a week for years"" is a ------ tense.",Present prefect,Present,Past,Future,None of these,a,,medium,,pu-dogar,pu-e:past_paper;pu-m:past_paper;pu-ahs:past_paper;pu-csp:past_paper;pu-css:past_paper;pu-cse:past_paper;pu-gs:past_paper;pu-com:past_paper
pu-verbal-reasoning-ch7-q8,verbal-reasoning-sentence-completion-with-grammatical-words-q8,Verbal Reasoning,pu-verbal-reasoning,7,sentence-completion-with-grammatical-words,Sentence Completion with Grammatical Words,topic,"""Mr. Aslam talks to his son on the telephone daily"" is a ------ tense.",Present perfect,Present,Past,Past perfect,None of these,b,,medium,,pu-dogar,pu-e:past_paper;pu-m:past_paper;pu-ahs:past_paper;pu-csp:past_paper;pu-css:past_paper;pu-cse:past_paper;pu-gs:past_paper;pu-com:past_paper
pu-verbal-reasoning-ch7-q9,verbal-reasoning-sentence-completion-with-grammatical-words-q9,Verbal Reasoning,pu-verbal-reasoning,7,sentence-completion-with-grammatical-words,Sentence Completion with Grammatical Words,topic,"Objectives limiting the meaning of a noun showing either possession, demonstration, or number are called:",Limiting adjective,Descriptive adjective,Proper adjective,Indicative adjective,None of these,c,,medium,,pu-dogar,pu-e:past_paper;pu-m:past_paper;pu-ahs:past_paper;pu-csp:past_paper;pu-css:past_paper;pu-cse:past_paper;pu-gs:past_paper;pu-com:past_paper
pu-verbal-reasoning-ch7-q10,verbal-reasoning-sentence-completion-with-grammatical-words-q10,Verbal Reasoning,pu-verbal-reasoning,7,sentence-completion-with-grammatical-words,Sentence Completion with Grammatical Words,topic,"""The fool shot himself in the foot"" is a ------ Pronoun.",,,,,,,,easy,[MANUAL:unresolvable] Options/answer completely missing from OCR scan — original source page required.,pu-dogar,pu-e:past_paper;pu-m:past_paper;pu-ahs:past_paper;pu-csp:past_paper;pu-css:past_paper;pu-cse:past_paper;pu-gs:past_paper;pu-com:past_paper
pu-verbal-reasoning-ch7-q11,verbal-reasoning-sentence-completion-with-grammatical-words-q11,Verbal Reasoning,pu-verbal-reasoning,7,sentence-completion-with-grammatical-words,Sentence Completion with Grammatical Words,topic,The experienced judge usually does not jump ________ the conclusions.,At,On,For,To,None of these,a,,easy,,pu-dogar,pu-e:past_paper;pu-m:past_paper;pu-ahs:past_paper;pu-csp:past_paper;pu-css:past_paper;pu-cse:past_paper;pu-gs:past_paper;pu-com:past_paper
pu-verbal-reasoning-ch7-q12,verbal-reasoning-sentence-completion-with-grammatical-words-q12,Verbal Reasoning,pu-verbal-reasoning,7,sentence-completion-with-grammatical-words,Sentence Completion with Grammatical Words,topic,The hypocrite ________ the feelings which he does not possess but which he feels he should display.,Conceals,Condones,Betrays,Stimulate,None of these,d,,medium,,pu-dogar,pu-e:past_paper;pu-m:past_paper;pu-ahs:past_paper;pu-csp:past_paper;pu-css:past_paper;pu-cse:past_paper;pu-gs:past_paper;pu-com:past_paper
pu-verbal-reasoning-ch7-q13,verbal-reasoning-sentence-completion-with-grammatical-words-q13,Verbal Reasoning,pu-verbal-reasoning,7,sentence-completion-with-grammatical-words,Sentence Completion with Grammatical Words,topic,"Adolf Hitler had his detractors, but his critics have had amazingly ________ success at shaking his self confidence or ________ his reputation.","Great, repairing","Small, enhancing","Little, denting","doctors, heroism",None of these,c,,medium,,pu-dogar,pu-e:past_paper;pu-m:past_paper;pu-ahs:past_paper;pu-csp:past_paper;pu-css:past_paper;pu-cse:past_paper;pu-gs:past_paper;pu-com:past_paper
pu-verbal-reasoning-ch7-q14,verbal-reasoning-sentence-completion-with-grammatical-words-q14,Verbal Reasoning,pu-verbal-reasoning,7,sentence-completion-with-grammatical-words,Sentence Completion with Grammatical Words,topic,Scientists and ________ tracking down germs have shown ________ in their fight against disease.,"Surgeons, boldness","Dentists, skill","Artists, skill","Doctor, heroism",None of these,d,,medium,,pu-dogar,pu-e:past_paper;pu-m:past_paper;pu-ahs:past_paper;pu-csp:past_paper;pu-css:past_paper;pu-cse:past_paper;pu-gs:past_paper;pu-com:past_paper
pu-verbal-reasoning-ch7-q15,verbal-reasoning-sentence-completion-with-grammatical-words-q15,Verbal Reasoning,pu-verbal-reasoning,7,sentence-completion-with-grammatical-words,Sentence Completion with Grammatical Words,topic,"Critics of the law and order situation, in Pakistan argue that, rather than aiding people's efforts to protect their lives, police ________ their freedom.",Seep,Suppress,Renew,Abet,None of these,b,,medium,,pu-dogar,pu-e:past_paper;pu-m:past_paper;pu-ahs:past_paper;pu-csp:past_paper;pu-css:past_paper;pu-cse:past_paper;pu-gs:past_paper;pu-com:past_paper
pu-verbal-reasoning-ch7-q16,verbal-reasoning-sentence-completion-with-grammatical-words-q16,Verbal Reasoning,pu-verbal-reasoning,7,sentence-completion-with-grammatical-words,Sentence Completion with Grammatical Words,topic,The politicians speech usually contains nothing but empty promises ________ and chinches.,Cadre,Platitudes,Nuance,Threats,None of these,b,,medium,,pu-dogar,pu-e:past_paper;pu-m:past_paper;pu-ahs:past_paper;pu-csp:past_paper;pu-css:past_paper;pu-cse:past_paper;pu-gs:past_paper;pu-com:past_paper
pu-verbal-reasoning-ch7-q17,verbal-reasoning-sentence-completion-with-grammatical-words-q17,Verbal Reasoning,pu-verbal-reasoning,7,sentence-completion-with-grammatical-words,Sentence Completion with Grammatical Words,topic,"By virtue of much practice in computer, Mr. Azhar became ________ and was able to manipulate his mechanical tools with either hand.",Practical,Ambidextrous,Ambivalent,Tricky,None of these,b,,medium,,pu-dogar,pu-e:past_paper;pu-m:past_paper;pu-ahs:past_paper;pu-csp:past_paper;pu-css:past_paper;pu-cse:past_paper;pu-gs:past_paper;pu-com:past_paper
pu-verbal-reasoning-ch7-q18,verbal-reasoning-sentence-completion-with-grammatical-words-q18,Verbal Reasoning,pu-verbal-reasoning,7,sentence-completion-with-grammatical-words,Sentence Completion with Grammatical Words,topic,The poetess Parveen Shakar received little honour in her lifetime but has gained considerable fame:,Privately,Prematurely,Previously,Posthumously,None of these,d,,medium,,pu-dogar,pu-e:past_paper;pu-m:past_paper;pu-ahs:past_paper;pu-csp:past_paper;pu-css:past_paper;pu-cse:past_paper;pu-gs:past_paper;pu-com:past_paper
pu-verbal-reasoning-ch7-q19,verbal-reasoning-sentence-completion-with-grammatical-words-q19,Verbal Reasoning,pu-verbal-reasoning,7,sentence-completion-with-grammatical-words,Sentence Completion with Grammatical Words,topic,"Quaid-e-Azam library kept the old books, not for any ________ value they had but for purely ________ reasons.","Intrinsic, sentimental","Potential, monetary","Financial, Pecuniary","Personal, accidental",None of these,c,,medium,,pu-dogar,pu-e:past_paper;pu-m:past_paper;pu-ahs:past_paper;pu-csp:past_paper;pu-css:past_paper;pu-cse:past_paper;pu-gs:past_paper;pu-com:past_paper
pu-verbal-reasoning-ch7-q20,verbal-reasoning-sentence-completion-with-grammatical-words-q20,Verbal Reasoning,pu-verbal-reasoning,7,sentence-completion-with-grammatical-words,Sentence Completion with Grammatical Words,topic,Techniques for preserving and storing blood plasma for emergency use in Pakistan proved so ________ that it became ________ for the present bank blood system used by the Red Crescent.,"effective, model","urgent, pattern","innocuous, excuse","complex, blueprint",None of these,c,,medium,,pu-dogar,pu-e:past_paper;pu-m:past_paper;pu-ahs:past_paper;pu-csp:past_paper;pu-css:past_paper;pu-cse:past_paper;pu-gs:past_paper;pu-com:past_paper
pu-verbal-reasoning-ch7-q21,verbal-reasoning-sentence-completion-with-grammatical-words-q21,Verbal Reasoning,pu-verbal-reasoning,7,sentence-completion-with-grammatical-words,Sentence Completion with Grammatical Words,topic,"Because Azad saw no ________ to the task assigned to him, he worked at it in a very ________ way.","end, rigid","Point, perfunctory","method, dutiful","Purpose, diligent",None of these,a,,medium,,pu-dogar,pu-e:past_paper;pu-m:past_paper;pu-ahs:past_paper;pu-csp:past_paper;pu-css:past_paper;pu-cse:past_paper;pu-gs:past_paper;pu-com:past_paper
pu-verbal-reasoning-ch7-q22,verbal-reasoning-sentence-completion-with-grammatical-words-q22,Verbal Reasoning,pu-verbal-reasoning,7,sentence-completion-with-grammatical-words,Sentence Completion with Grammatical Words,topic,The fact is that pain is the body's early warning system loss of ________ in the extremities leaves a person ________ injuring him:,"Agony, incapable of","Feeling, habituated to","Sensation, vulnerable to","Movement, prone to",None of these,c,,medium,,pu-dogar,pu-e:past_paper;pu-m:past_paper;pu-ahs:past_paper;pu-csp:past_paper;pu-css:past_paper;pu-cse:past_paper;pu-gs:past_paper;pu-com:past_paper
pu-verbal-reasoning-ch7-q23,verbal-reasoning-sentence-completion-with-grammatical-words-q23,Verbal Reasoning,pu-verbal-reasoning,7,sentence-completion-with-grammatical-words,Sentence Completion with Grammatical Words,topic,"Luckily, Rehana was ________ her accomplishments probably unwilling to ________ before her friends.","excited by, praise","uncertain of, conceal","unaware of, conceal","deprecatory about, flaunt",,c,,hard,,pu-dogar,pu-e:past_paper;pu-m:past_paper;pu-ahs:past_paper;pu-csp:past_paper;pu-css:past_paper;pu-cse:past_paper;pu-gs:past_paper;pu-com:past_paper
pu-verbal-reasoning-ch7-q24,verbal-reasoning-sentence-completion-with-grammatical-words-q24,Verbal Reasoning,pu-verbal-reasoning,7,sentence-completion-with-grammatical-words,Sentence Completion with Grammatical Words,topic,Wooden surface was glued ________ the steel surface.,With in,Against,On to,In to,None of these,b,,easy,,pu-dogar,pu-e:past_paper;pu-m:past_paper;pu-ahs:past_paper;pu-csp:past_paper;pu-css:past_paper;pu-cse:past_paper;pu-gs:past_paper;pu-com:past_paper
pu-verbal-reasoning-ch7-q25,verbal-reasoning-sentence-completion-with-grammatical-words-q25,Verbal Reasoning,pu-verbal-reasoning,7,sentence-completion-with-grammatical-words,Sentence Completion with Grammatical Words,topic,________ is a person who dabbles in art and letters.,Philosopher,Philistine,Chauvinist,Dilettante,None of these,d,,easy,,pu-dogar,pu-e:past_paper;pu-m:past_paper;pu-ahs:past_paper;pu-csp:past_paper;pu-css:past_paper;pu-cse:past_paper;pu-gs:past_paper;pu-com:past_paper
pu-verbal-reasoning-ch7-q26,verbal-reasoning-sentence-completion-with-grammatical-words-q26,Verbal Reasoning,pu-verbal-reasoning,7,sentence-completion-with-grammatical-words,Sentence Completion with Grammatical Words,topic,"The committee censured the member, noting that his behaviour was the very ________ of ethical conduct.",Essence,Embodiment,Nature,Antithesis,None of these,d,,medium,,pu-dogar,pu-e:past_paper;pu-m:past_paper;pu-ahs:past_paper;pu-csp:past_paper;pu-css:past_paper;pu-cse:past_paper;pu-gs:past_paper;pu-com:past_paper
pu-verbal-reasoning-ch7-q27,verbal-reasoning-sentence-completion-with-grammatical-words-q27,Verbal Reasoning,pu-verbal-reasoning,7,sentence-completion-with-grammatical-words,Sentence Completion with Grammatical Words,topic,Stand here ________ I speak:,While,As,When,The time,None of these,a,,easy,,pu-dogar,pu-e:past_paper;pu-m:past_paper;pu-ahs:past_paper;pu-csp:past_paper;pu-css:past_paper;pu-cse:past_paper;pu-gs:past_paper;pu-com:past_paper
pu-verbal-reasoning-ch7-q28,verbal-reasoning-sentence-completion-with-grammatical-words-q28,Verbal Reasoning,pu-verbal-reasoning,7,sentence-completion-with-grammatical-words,Sentence Completion with Grammatical Words,topic,The tapeworm is an example of ________ organism:,Parasitic,Protozoan,Exemplary,Hospitable,None of these,a,,easy,,pu-dogar,pu-e:past_paper;pu-m:past_paper;pu-ahs:past_paper;pu-csp:past_paper;pu-css:past_paper;pu-cse:past_paper;pu-gs:past_paper;pu-com:past_paper
pu-verbal-reasoning-ch7-q29,verbal-reasoning-sentence-completion-with-grammatical-words-q29,Verbal Reasoning,pu-verbal-reasoning,7,sentence-completion-with-grammatical-words,Sentence Completion with Grammatical Words,topic,"Although leprosy is not highly contagious disease, those who have contracted it have always been pariahs and ________ by others.",Ostracized,Accepted,Sheltered,Admonished,None of these,a,,medium,,pu-dogar,pu-e:past_paper;pu-m:past_paper;pu-ahs:past_paper;pu-csp:past_paper;pu-css:past_paper;pu-cse:past_paper;pu-gs:past_paper;pu-com:past_paper
pu-verbal-reasoning-ch7-q30,verbal-reasoning-sentence-completion-with-grammatical-words-q30,Verbal Reasoning,pu-verbal-reasoning,7,sentence-completion-with-grammatical-words,Sentence Completion with Grammatical Words,topic,"Although the novel was generally boring and awkwardly written, there were ________ passages of power and lyricism which hinted at the author's ________:",Occasional: Potential,Frequent: Malevolence,Static: Style,Ill conceived: Superficiality,Contrived: ignorance,a,,medium,,pu-dogar,pu-e:past_paper;pu-m:past_paper;pu-ahs:past_paper;pu-csp:past_paper;pu-css:past_paper;pu-cse:past_paper;pu-gs:past_paper;pu-com:past_paper
pu-verbal-reasoning-ch7-q31,verbal-reasoning-sentence-completion-with-grammatical-words-q31,Verbal Reasoning,pu-verbal-reasoning,7,sentence-completion-with-grammatical-words,Sentence Completion with Grammatical Words,topic,"Although the manager of the corporation was wrong, his stubborn refusal to ________ or even to compromise ________ an already tense situation:",Arbitrate: Thwarted,Capitulate: Exacerbated,Censure: Rectified,Mandate: Violated,Scrutinize: Contained,b,,medium,,pu-dogar,pu-e:past_paper;pu-m:past_paper;pu-ahs:past_paper;pu-csp:past_paper;pu-css:past_paper;pu-cse:past_paper;pu-gs:past_paper;pu-com:past_paper
pu-verbal-reasoning-ch7-q32,verbal-reasoning-sentence-completion-with-grammatical-words-q32,Verbal Reasoning,pu-verbal-reasoning,7,sentence-completion-with-grammatical-words,Sentence Completion with Grammatical Words,topic,Portraits painted in Pakistan are quite charming but ________ and demonstrate the isolation of Pakistani painter. They show little or no ________ of the development of painting in Asia:,Grotesque: Concern,Frivolous: Affirmation,Deliberate: Domination,Sophisticated: Consideration,Primitive: knowledge,e,,medium,,pu-dogar,pu-e:past_paper;pu-m:past_paper;pu-ahs:past_paper;pu-csp:past_paper;pu-css:past_paper;pu-cse:past_paper;pu-gs:past_paper;pu-com:past_paper
pu-verbal-reasoning-ch7-q33,verbal-reasoning-sentence-completion-with-grammatical-words-q33,Verbal Reasoning,pu-verbal-reasoning,7,sentence-completion-with-grammatical-words,Sentence Completion with Grammatical Words,topic,"The design of the building was magnificent, but its classical lines seemed almost ________ and out of place in the business district which was ________ ultramodern steel and glass sky scrapers.",Garish: Beleaguered,Anachronistic: Replete with,Untoward: Bereft of,Grotesque: Enhanced by,Sanguine: Populated by,b,,medium,,pu-dogar,pu-e:past_paper;pu-m:past_paper;pu-ahs:past_paper;pu-csp:past_paper;pu-css:past_paper;pu-cse:past_paper;pu-gs:past_paper;pu-com:past_paper
pu-verbal-reasoning-ch7-q34,verbal-reasoning-sentence-completion-with-grammatical-words-q34,Verbal Reasoning,pu-verbal-reasoning,7,sentence-completion-with-grammatical-words,Sentence Completion with Grammatical Words,topic,"Animal behaviorists theories that dogs are more ________ then cats because they are pack animals whereas cats, solitary hunters are more independent and ________ therefore less likely to try to please their owners.",Precocious: Complex,Aggressive: Obsequious,Tractable: Obdurate,Intelligent: Resilient,Formidable: Reliable,c,,medium,,pu-dogar,pu-e:past_paper;pu-m:past_paper;pu-ahs:past_paper;pu-csp:past_paper;pu-css:past_paper;pu-cse:past_paper;pu-gs:past_paper;pu-com:past_paper
pu-verbal-reasoning-ch7-q35,verbal-reasoning-sentence-completion-with-grammatical-words-q35,Verbal Reasoning,pu-verbal-reasoning,7,sentence-completion-with-grammatical-words,Sentence Completion with Grammatical Words,topic,"The Parks Department claims there is a ________ of wildlife in the New York city area, and that species which have not lived in the area for most of the century ________",,,,,,,,medium,[MANUAL:unresolvable] Options/answer completely missing from OCR scan — original source page required.,pu-dogar,pu-e:past_paper;pu-m:past_paper;pu-ahs:past_paper;pu-csp:past_paper;pu-css:past_paper;pu-cse:past_paper;pu-gs:past_paper;pu-com:past_paper
pu-verbal-reasoning-ch5-q6,verbal-reasoning-comprehension-q1,Verbal Reasoning,pu-verbal-reasoning,5,comprehension,Comprehension,topic,... are once again being sighted.,Resurgence,Paucity,Superstructure,Prototype,Compendium,a,,easy,,pu-dogar,pu-e:past_paper;pu-m:past_paper;pu-ahs:past_paper;pu-csp:past_paper;pu-css:past_paper;pu-cse:past_paper;pu-gs:past_paper;pu-com:past_paper
pu-verbal-reasoning-ch5-q7,verbal-reasoning-comprehension-q2,Verbal Reasoning,pu-verbal-reasoning,5,comprehension,Comprehension,topic,"Although the jury thought the defendant had been somewhat less than ----- in his testimony, the ----- summary of the defense attorney finally convinced them of her client's innocence.",Interesting: Lack luster,Candid: Persuasive,Convincing: Inordinate,Honest: Confusing,Forth right: Irrational,b,,medium,,pu-dogar,pu-e:past_paper;pu-m:past_paper;pu-ahs:past_paper;pu-csp:past_paper;pu-css:past_paper;pu-cse:past_paper;pu-gs:past_paper;pu-com:past_paper
pu-verbal-reasoning-ch5-q8,verbal-reasoning-comprehension-q3,Verbal Reasoning,pu-verbal-reasoning,5,comprehension,Comprehension,topic,The guests invited to meet the famous critic were ----- by a charm which contrasted sharply with the ----- of his writing:,Appalled: Inadequacy,Frustrated: Wittiness,Deceived: Elegance,Delighted: Venom,Enthralled: Lucidity,d,,medium,,pu-dogar,pu-e:past_paper;pu-m:past_paper;pu-ahs:past_paper;pu-csp:past_paper;pu-css:past_paper;pu-cse:past_paper;pu-gs:past_paper;pu-com:past_paper
pu-verbal-reasoning-ch5-q9,verbal-reasoning-comprehension-q4,Verbal Reasoning,pu-verbal-reasoning,5,comprehension,Comprehension,topic,The term Indian is a misnomer for the Native American introduced by Columbus and ----- by historians.,Eradicated,Arbitrated,Infiltrated,Perpetuated,Coerced,d,,medium,,pu-dogar,pu-e:past_paper;pu-m:past_paper;pu-ahs:past_paper;pu-csp:past_paper;pu-css:past_paper;pu-cse:past_paper;pu-gs:past_paper;pu-com:past_paper
pu-verbal-reasoning-ch5-q10,verbal-reasoning-comprehension-q5,Verbal Reasoning,pu-verbal-reasoning,5,comprehension,Comprehension,topic,"In his private life he was quite ----- but he gave large sums of money to charities, so most people thought of him as a------.",Pusillanimous: Charlatan,Immodest: Chauvinist,Flamboyant: Savant,Sinister: Mercenary,Miser: Philanthropist,e,,medium,,pu-dogar,pu-e:past_paper;pu-m:past_paper;pu-ahs:past_paper;pu-csp:past_paper;pu-css:past_paper;pu-cse:past_paper;pu-gs:past_paper;pu-com:past_paper
pu-verbal-reasoning-ch5-q11,verbal-reasoning-comprehension-q6,Verbal Reasoning,pu-verbal-reasoning,5,comprehension,Comprehension,topic,"Although Mozart's music suggests a composer of great ----- and seriousness, his letters imply that he was naive and----------.",Erudition: Grave,Sophistication: uncouth,Fortitude: Macabre,Levity: Sanctimonious,Fragility: Pensive,b,,medium,,pu-dogar,pu-e:past_paper;pu-m:past_paper;pu-ahs:past_paper;pu-csp:past_paper;pu-css:past_paper;pu-cse:past_paper;pu-gs:past_paper;pu-com:past_paper
pu-verbal-reasoning-ch5-q12,verbal-reasoning-comprehension-q7,Verbal Reasoning,pu-verbal-reasoning,5,comprehension,Comprehension,topic,"Although he had inherited a substantial amount of money, his ----- soon led to his filing for bankruptcy.",Prodigality,Volubility,Tenacity,Fastidiousness,Animosity,a,,medium,,pu-dogar,pu-e:past_paper;pu-m:past_paper;pu-ahs:past_paper;pu-csp:past_paper;pu-css:past_paper;pu-cse:past_paper;pu-gs:past_paper;pu-com:past_paper
pu-verbal-reasoning-ch5-q13,verbal-reasoning-comprehension-q8,Verbal Reasoning,pu-verbal-reasoning,5,comprehension,Comprehension,topic,"Recent studies demonstrate that personal memory is actually quite ------, subject to contamination and reshaping so that aspects of a person's memory are apt to be ------ or erroneous.",Implausible: Inaccurate,Volatile: Subjective,Malleable: Insensitive,Inhibited: Recalcitrant,Comprehensive: Reflective,b,,medium,,pu-dogar,pu-e:past_paper;pu-m:past_paper;pu-ahs:past_paper;pu-csp:past_paper;pu-css:past_paper;pu-cse:past_paper;pu-gs:past_paper;pu-com:past_paper
pu-verbal-reasoning-ch5-q14,verbal-reasoning-comprehension-q9,Verbal Reasoning,pu-verbal-reasoning,5,comprehension,Comprehension,topic,"Despite the millions of rupees spent on the improvements, the telephone system in Pakistan remains ------ and continues to ------ the citizens who depend on it.",Primitive: trouble,Bombastic: up set,Suspicious: connect,Outdated: elate,Impartial: vex,a,,medium,,pu-dogar,pu-e:past_paper;pu-m:past_paper;pu-ahs:past_paper;pu-csp:past_paper;pu-css:past_paper;pu-cse:past_paper;pu-gs:past_paper;pu-com:past_paper
pu-verbal-reasoning-ch5-q15,verbal-reasoning-comprehension-q10,Verbal Reasoning,pu-verbal-reasoning,5,comprehension,Comprehension,topic,"Contrary to popular opinion, bats are not generally aggressive and rabid, most are shy and-------:",Turgid,Disfigured,Punctual,Innocuous,Depraved,d,,medium,,pu-dogar,pu-e:past_paper;pu-m:past_paper;pu-ahs:past_paper;pu-csp:past_paper;pu-css:past_paper;pu-cse:past_paper;pu-gs:past_paper;pu-com:past_paper
pu-verbal-reasoning-ch5-q16,verbal-reasoning-comprehension-q11,Verbal Reasoning,pu-verbal-reasoning,5,comprehension,Comprehension,topic,"Unlike the images in the symbolist poetry which are often vague and ------, the images of surrealist poetry are startlingly, ------ and bold.",Extraneous: furtive,Trivial: inadvertent,Obscure: concrete,Spectacular: Pallid,Symmetrical-virulent,c,,medium,,pu-dogar,pu-e:past_paper;pu-m:past_paper;pu-ahs:past_paper;pu-csp:past_paper;pu-css:past_paper;pu-cse:past_paper;pu-gs:past_paper;pu-com:past_paper
pu-verbal-reasoning-ch5-q17,verbal-reasoning-comprehension-q12,Verbal Reasoning,pu-verbal-reasoning,5,comprehension,Comprehension,topic,"A good trial lawyer will argue only what is central to an issue, eliminating ------ information or anything else which might ------ the client.",Seminal: amuse,Extraneous: jeopardize,Erratic: enhance,Prodigious: extol,Reprehensible: initiate,b,,medium,,pu-dogar,pu-e:past_paper;pu-m:past_paper;pu-ahs:past_paper;pu-csp:past_paper;pu-css:past_paper;pu-cse:past_paper;pu-gs:past_paper;pu-com:past_paper
pu-verbal-reasoning-ch5-q18,verbal-reasoning-comprehension-q13,Verbal Reasoning,pu-verbal-reasoning,5,comprehension,Comprehension,topic,"Psychologists and science fiction writers argue that people persist in believing in extraterrestrial life even though the Federal government ------ all such beliefs, because people need to feel a personal sense of ------ in a godless universe.",Decries: morbidity,Endorses: despair,Creates: guilty,Discourages: spiritually,Be bunks: alienation,c,,medium,,pu-dogar,pu-e:past_paper;pu-m:past_paper;pu-ahs:past_paper;pu-csp:past_paper;pu-css:past_paper;pu-cse:past_paper;pu-gs:past_paper;pu-com:past_paper
pu-verbal-reasoning-ch5-q19,verbal-reasoning-comprehension-q14,Verbal Reasoning,pu-verbal-reasoning,5,comprehension,Comprehension,topic,"Pollen grains and spores that are 200 million years old are now being extracted from shale and are ------ the theory that the break up of the continents occurred in stages infact, it seems that the break ups occurred almost ------",Refining: blatantly,Reshaping: simultaneously,Countermanding: imperceptibly,Forging: vicariously,Supporting: haphazardly,b,,medium,,pu-dogar,pu-e:past_paper;pu-m:past_paper;pu-ahs:past_paper;pu-csp:past_paper;pu-css:past_paper;pu-cse:past_paper;pu-gs:past_paper;pu-com:past_paper
pu-verbal-reasoning-ch5-q20,verbal-reasoning-comprehension-q15,Verbal Reasoning,pu-verbal-reasoning,5,comprehension,Comprehension,topic,"Friends of the Earth is an environmental pressure group, established in UK in 1971, that aims to ------ the environment and to ------ the rational and sustainable use of the Earth's resources:",Protect: Promote,Partition: Prepare,Produce: Provide,Present: Praise,None of these,b,,medium,,pu-dogar,pu-e:past_paper;pu-m:past_paper;pu-ahs:past_paper;pu-csp:past_paper;pu-css:past_paper;pu-cse:past_paper;pu-gs:past_paper;pu-com:past_paper
pu-verbal-reasoning-ch5-q21,verbal-reasoning-comprehension-q16,Verbal Reasoning,pu-verbal-reasoning,5,comprehension,Comprehension,topic,Execution by the lethal injection although horrifying is certainly more civilized than the ------ penalty of death by torture or dismemberment:,Pervasive,Viler,Humane,Prolific,None of these,b,,medium,,pu-dogar,pu-e:past_paper;pu-m:past_paper;pu-ahs:past_paper;pu-csp:past_paper;pu-css:past_paper;pu-cse:past_paper;pu-gs:past_paper;pu-com:past_paper
pu-verbal-reasoning-ch5-q22,verbal-reasoning-comprehension-q17,Verbal Reasoning,pu-verbal-reasoning,5,comprehension,Comprehension,topic,"“In spite of adversity, he sought a medium which would spread courage.” Which one of the following attitude to life is revealed by this statement?",Defeatist,Hopeless,Undismayed,Adventurous,,d,,medium,,pu-dogar,pu-e:past_paper;pu-m:past_paper;pu-ahs:past_paper;pu-csp:past_paper;pu-css:past_paper;pu-cse:past_paper;pu-gs:past_paper;pu-com:past_paper
pu-verbal-reasoning-ch5-q23,verbal-reasoning-comprehension-q18,Verbal Reasoning,pu-verbal-reasoning,5,comprehension,Comprehension,topic,Van Gogh considered himself a failure because:,He was not as great an artist as he would have liked to be.,He could not earn a living despite the fact that he had tried several professions,Society did not give him the recognition he merited,The profession he had chosen did not suit him.,,b,,easy,,pu-dogar,pu-e:past_paper;pu-m:past_paper;pu-ahs:past_paper;pu-csp:past_paper;pu-css:past_paper;pu-cse:past_paper;pu-gs:past_paper;pu-com:past_paper
pu-verbal-reasoning-ch5-q24,verbal-reasoning-comprehension-q19,Verbal Reasoning,pu-verbal-reasoning,5,comprehension,Comprehension,topic,"Which of the following statement may be assumed to be true from the information in the passage?
I. Van Gogh wished to depict the tribulations and suffering of the poor in his painting.
II. Van Gogh had nothing in life for which he could be grateful.
III. Van Gogh's ambition was to become a famous painter.
IV. Van Gogh considered himself poor and humble.",II and III,III and IV,I and IV,"I, II, III and IV",,c,,medium,,pu-dogar,pu-e:past_paper;pu-m:past_paper;pu-ahs:past_paper;pu-csp:past_paper;pu-css:past_paper;pu-cse:past_paper;pu-gs:past_paper;pu-com:past_paper
pu-verbal-reasoning-ch5-q25,verbal-reasoning-comprehension-q20,Verbal Reasoning,pu-verbal-reasoning,5,comprehension,Comprehension,topic,The profession of an artist has been described in the passage as “the most eccentric and hopeless form of unemployment.” This statement can best be considered:,Factual,Pessimistic,Satirical,Realistic,,c,,medium,,pu-dogar,pu-e:past_paper;pu-m:past_paper;pu-ahs:past_paper;pu-csp:past_paper;pu-css:past_paper;pu-cse:past_paper;pu-gs:past_paper;pu-com:past_paper
pu-verbal-reasoning-ch5-q26,verbal-reasoning-comprehension-q21,Verbal Reasoning,pu-verbal-reasoning,5,comprehension,Comprehension,topic,‘Human soul forges a being’ means:,That ghosts and witches are a creation of human mind,That the concept of God is a creation of human mind,Both (A) and (B),Neither (A) nor (B),,c,,easy,,pu-dogar,pu-e:past_paper;pu-m:past_paper;pu-ahs:past_paper;pu-csp:past_paper;pu-css:past_paper;pu-cse:past_paper;pu-gs:past_paper;pu-com:past_paper
pu-verbal-reasoning-ch5-q27,verbal-reasoning-comprehension-q22,Verbal Reasoning,pu-verbal-reasoning,5,comprehension,Comprehension,topic,What feeling promoted primitive man to create religion?,Love,Anger,Fear,Spiritual revelation,,c,,easy,,pu-dogar,pu-e:past_paper;pu-m:past_paper;pu-ahs:past_paper;pu-csp:past_paper;pu-css:past_paper;pu-cse:past_paper;pu-gs:past_paper;pu-com:past_paper
pu-verbal-reasoning-ch5-q28,verbal-reasoning-comprehension-q23,Verbal Reasoning,pu-verbal-reasoning,5,comprehension,Comprehension,topic,What motivates man’s action or thinking?,To carry out the dictates of his religious faith,His spiritual urge,His desire for progress or to rule,To satisfy his needs or to escape pain,,d,,easy,,pu-dogar,pu-e:past_paper;pu-m:past_paper;pu-ahs:past_paper;pu-csp:past_paper;pu-css:past_paper;pu-cse:past_paper;pu-gs:past_paper;pu-com:past_paper
pu-verbal-reasoning-ch5-q29,verbal-reasoning-comprehension-q24,Verbal Reasoning,pu-verbal-reasoning,5,comprehension,Comprehension,topic,How did priests come to acquire political power?,By giving religious blessing to political movements,By generating fear of the unknown in the mind of rulers,By protecting the believers against despotic rulers,By joining hand with the despotic rulers,,d,,easy,,pu-dogar,pu-e:past_paper;pu-m:past_paper;pu-ahs:past_paper;pu-csp:past_paper;pu-css:past_paper;pu-cse:past_paper;pu-gs:past_paper;pu-com:past_paper
pu-verbal-reasoning-ch5-q30,verbal-reasoning-comprehension-q25,Verbal Reasoning,pu-verbal-reasoning,5,comprehension,Comprehension,topic,How did religion become firmly established?,Through the growth of a priestly class,Through the establishment of religious practices,Through the perpetuation of faith in God,Through the constant fear of death,,d,,easy,,pu-dogar,pu-e:past_paper;pu-m:past_paper;pu-ahs:past_paper;pu-csp:past_paper;pu-css:past_paper;pu-cse:past_paper;pu-gs:past_paper;pu-com:past_paper
pu-verbal-reasoning-ch5-q31,verbal-reasoning-comprehension-q26,Verbal Reasoning,pu-verbal-reasoning,5,comprehension,Comprehension,topic,Wang Lung did not work much in his fields because:,He had to spend much of his time in learning to read and write,He had to spend much of his time in selling grain,He was a businessman of great experience,He was a landlord of great repute,,b,,easy,,pu-dogar,pu-e:past_paper;pu-m:past_paper;pu-ahs:past_paper;pu-csp:past_paper;pu-css:past_paper;pu-cse:past_paper;pu-gs:past_paper;pu-com:past_paper
pu-verbal-reasoning-ch5-q32,verbal-reasoning-comprehension-q27,Verbal Reasoning,pu-verbal-reasoning,5,comprehension,Comprehension,topic,Wang Lung could not conduct his business dealings smoothly because he:,Did not know the tricks of the trade,Was illiterate,Was too honest,Had no financial acumen,,b,,medium,,pu-dogar,pu-e:past_paper;pu-m:past_paper;pu-ahs:past_paper;pu-csp:past_paper;pu-css:past_paper;pu-cse:past_paper;pu-gs:past_paper;pu-com:past_paper
pu-verbal-reasoning-ch5-q33,verbal-reasoning-comprehension-q28,Verbal Reasoning,pu-verbal-reasoning,5,comprehension,Comprehension,topic,‘Characters’ here mean:,Persons with individuality,Sign or mark used in a system of writing,Letters of alphabet,Persons in books,,b,,easy,,pu-dogar,pu-e:past_paper;pu-m:past_paper;pu-ahs:past_paper;pu-csp:past_paper;pu-css:past_paper;pu-cse:past_paper;pu-gs:past_paper;pu-com:past_paper
pu-verbal-reasoning-ch5-q34,verbal-reasoning-comprehension-q29,Verbal Reasoning,pu-verbal-reasoning,5,comprehension,Comprehension,topic,The narrator's family rented out half their house because:,They wanted to have good neighbours,The house was too large for them,They needed the rent badly,Somebody asked for it,,c,,easy,,pu-dogar,pu-e:past_paper;pu-m:past_paper;pu-ahs:past_paper;pu-csp:past_paper;pu-css:past_paper;pu-cse:past_paper;pu-gs:past_paper;pu-com:past_paper
pu-verbal-reasoning-ch5-q35,verbal-reasoning-comprehension-q30,Verbal Reasoning,pu-verbal-reasoning,5,comprehension,Comprehension,topic,"They lived in an ""unfashionable street"" as:",They wanted to follow the fashion of their choice,Things were cheaper in such streets,Fashions changed often there,They did not like to live in a fashionable area,,b,,easy,,pu-dogar,pu-e:past_paper;pu-m:past_paper;pu-ahs:past_paper;pu-csp:past_paper;pu-css:past_paper;pu-cse:past_paper;pu-gs:past_paper;pu-com:past_paper
pu-verbal-reasoning-ch5-q36,verbal-reasoning-comprehension-q31,Verbal Reasoning,pu-verbal-reasoning,5,comprehension,Comprehension,topic,"The narrator was included in his friend's ""crowd"" because of his:",Excellent performance,Affluent background,Kind behavior,Smart appearance,,a,,easy,,pu-dogar,pu-e:past_paper;pu-m:past_paper;pu-ahs:past_paper;pu-csp:past_paper;pu-css:past_paper;pu-cse:past_paper;pu-gs:past_paper;pu-com:past_paper
pu-verbal-reasoning-ch5-q37,verbal-reasoning-comprehension-q32,Verbal Reasoning,pu-verbal-reasoning,5,comprehension,Comprehension,topic,The narrator's mother was not ashamed of her sewing because:,She believed in the dignity of labour,She needed the support of her neighbours,She was a good seamstress,She stitched only for rich people,,a,,easy,,pu-dogar,pu-e:past_paper;pu-m:past_paper;pu-ahs:past_paper;pu-csp:past_paper;pu-css:past_paper;pu-cse:past_paper;pu-gs:past_paper;pu-com:past_paper
pu-verbal-reasoning-ch5-q38,verbal-reasoning-comprehension-q33,Verbal Reasoning,pu-verbal-reasoning,5,comprehension,Comprehension,topic,If knowledge simply means acquaintance with some particular facts or ideas then:,It has little to do with the practical necessities of life,It is a waste of time,It is not indispensable,We need not possess it,,a,,medium,,pu-dogar,pu-e:past_paper;pu-m:past_paper;pu-ahs:past_paper;pu-csp:past_paper;pu-css:past_paper;pu-cse:past_paper;pu-gs:past_paper;pu-com:past_paper
pu-verbal-reasoning-ch5-q39,verbal-reasoning-comprehension-q34,Verbal Reasoning,pu-verbal-reasoning,5,comprehension,Comprehension,topic,The debate between the two great critics was essentially about:,Whether science and the humanities can be reconciled,The relative need of the knowledge of science and that of the humanities,Whether science and literature are incompatible,The relative importance of Shakespeare and physics,,b,,easy,,pu-dogar,pu-e:past_paper;pu-m:past_paper;pu-ahs:past_paper;pu-csp:past_paper;pu-css:past_paper;pu-cse:past_paper;pu-gs:past_paper;pu-com:past_paper
pu-verbal-reasoning-ch5-q40,verbal-reasoning-comprehension-q35,Verbal Reasoning,pu-verbal-reasoning,5,comprehension,Comprehension,topic,The author refers to Shakespeare and the second law of thermodynamics:,As symbols of two different kinds of knowledge,Because they represent the highest forms of knowledge,As subjects with which every educated man should be familiar,As symbols of scholarship,,a,,medium,,pu-dogar,pu-e:past_paper;pu-m:past_paper;pu-ahs:past_paper;pu-csp:past_paper;pu-css:past_paper;pu-cse:past_paper;pu-gs:past_paper;pu-com:past_paper
pu-verbal-reasoning-ch5-q41,verbal-reasoning-comprehension-q36,Verbal Reasoning,pu-verbal-reasoning,5,comprehension,Comprehension,topic,"The expression ""loads of learning"" suggests:",Knowledge which is shown off rather than absorbed,Knowledge that is merely bookish,Knowledge that is more a burden than necessity,Vast knowledge,,c,,easy,,pu-dogar,pu-e:past_paper;pu-m:past_paper;pu-ahs:past_paper;pu-csp:past_paper;pu-css:past_paper;pu-cse:past_paper;pu-gs:past_paper;pu-com:past_paper
pu-verbal-reasoning-ch5-q42,verbal-reasoning-comprehension-q37,Verbal Reasoning,pu-verbal-reasoning,5,comprehension,Comprehension,topic,"What is/are true of Shrewsbury?
I. He was a cricket player.
II. His technical knowledge about cricket was poor.
III. There was no spirit in his play.",I and II,I and III,Only I,None of these,,b,,medium,,pu-dogar,pu-e:past_paper;pu-m:past_paper;pu-ahs:past_paper;pu-csp:past_paper;pu-css:past_paper;pu-cse:past_paper;pu-gs:past_paper;pu-com:past_paper
pu-verbal-reasoning-ch5-q43,verbal-reasoning-comprehension-q38,Verbal Reasoning,pu-verbal-reasoning,5,comprehension,Comprehension,topic,The author feels that:,Technical perfection is not required in playing an enjoyable cricket,He who pays cricket with adventure and enthusiasm makes it enjoyable,,,,b,,easy,,pu-dogar,pu-e:past_paper;pu-m:past_paper;pu-ahs:past_paper;pu-csp:past_paper;pu-css:past_paper;pu-cse:past_paper;pu-gs:past_paper;pu-com:past_paper
pu-verbal-reasoning-ch5-q44,verbal-reasoning-comprehension-q39,Verbal Reasoning,pu-verbal-reasoning,5,comprehension,Comprehension,topic,"The italicized phrase in the sentence ""to the seeing eye"" implies:",Application of some special device of the analysis of things seen,Perception caused by understanding,Seeing with a clear eyesight,Seeing the particular characteristics of things,,b,,easy,,pu-dogar,pu-e:past_paper;pu-m:past_paper;pu-ahs:past_paper;pu-csp:past_paper;pu-css:past_paper;pu-cse:past_paper;pu-gs:past_paper;pu-com:past_paper
pu-verbal-reasoning-ch5-q45,verbal-reasoning-comprehension-q40,Verbal Reasoning,pu-verbal-reasoning,5,comprehension,Comprehension,topic,"The most important aspect of ""technique"", as defined in the passage, is the use of skill:",For a definite purpose,For observation and analysis,For an understanding of the functions of tools and machinery,For handling tools and machines,,b,,medium,,pu-dogar,pu-e:past_paper;pu-m:past_paper;pu-ahs:past_paper;pu-csp:past_paper;pu-css:past_paper;pu-cse:past_paper;pu-gs:past_paper;pu-com:past_paper
pu-verbal-reasoning-ch5-q46,verbal-reasoning-comprehension-q41,Verbal Reasoning,pu-verbal-reasoning,5,comprehension,Comprehension,topic,Skill' in this passage means:,The ability that has been tested by experience which makes success sure,The ability to master education,The ability to master techniques,Any of our powers,,a,,easy,,pu-dogar,pu-e:past_paper;pu-m:past_paper;pu-ahs:past_paper;pu-csp:past_paper;pu-css:past_paper;pu-cse:past_paper;pu-gs:past_paper;pu-com:past_paper
pu-verbal-reasoning-ch5-q47,verbal-reasoning-comprehension-q42,Verbal Reasoning,pu-verbal-reasoning,5,comprehension,Comprehension,topic,The word 'technique' as defined in the passage:,Practice and performance,Theoretical knowledge,Results,Scientific methods,,d,,easy,,pu-dogar,pu-e:past_paper;pu-m:past_paper;pu-ahs:past_paper;pu-csp:past_paper;pu-css:past_paper;pu-cse:past_paper;pu-gs:past_paper;pu-com:past_paper
pu-verbal-reasoning-ch5-q48,verbal-reasoning-comprehension-q43,Verbal Reasoning,pu-verbal-reasoning,5,comprehension,Comprehension,topic,The intention of the writer implies to:,Uphold the superiority of traditional techniques,Reject the general meaning of the term 'technique',Mock at the modern craze for gadgets,Widen the scope of the term 'technique',,d,,easy,,pu-dogar,pu-e:past_paper;pu-m:past_paper;pu-ahs:past_paper;pu-csp:past_paper;pu-css:past_paper;pu-cse:past_paper;pu-gs:past_paper;pu-com:past_paper
pu-verbal-reasoning-ch5-q49,verbal-reasoning-comprehension-q44,Verbal Reasoning,pu-verbal-reasoning,5,comprehension,Comprehension,topic,Jam Sahib:,Was a splendid cricket player,Lived in Nawanagar,Neither (A) nor (B) is true,Both (A) and (B) are true,,d,,easy,,pu-dogar,pu-e:past_paper;pu-m:past_paper;pu-ahs:past_paper;pu-csp:past_paper;pu-css:past_paper;pu-cse:past_paper;pu-gs:past_paper;pu-com:past_paper
pu-verbal-reasoning-ch5-q50,verbal-reasoning-comprehension-q45,Verbal Reasoning,pu-verbal-reasoning,5,comprehension,Comprehension,topic,"""In literature as in finance... much paper and much poverty may co-exist."" What does it mean?",Jam Sahib was rich man as he was the king of Nawanagar,Shrewsbury was a poor man,The cricketer who gets lot of runs may not play an enjoyable cricket,None of these,,c,,medium,,pu-dogar,pu-e:past_paper;pu-m:past_paper;pu-ahs:past_paper;pu-csp:past_paper;pu-css:past_paper;pu-cse:past_paper;pu-gs:past_paper;pu-com:past_paper
pu-verbal-reasoning-ch5-q51,verbal-reasoning-comprehension-q46,Verbal Reasoning,pu-verbal-reasoning,5,comprehension,Comprehension,topic,What gives cricket its character?,The spirit of sacrifice,The spirit of joyous adventure,The gaiety daring attitude of the player,All of these,,d,,easy,,pu-dogar,pu-e:past_paper;pu-m:past_paper;pu-ahs:past_paper;pu-csp:past_paper;pu-css:past_paper;pu-cse:past_paper;pu-gs:past_paper;pu-com:past_paper
pu-verbal-reasoning-ch5-q52,verbal-reasoning-comprehension-q47,Verbal Reasoning,pu-verbal-reasoning,5,comprehension,Comprehension,topic,There is fresh reason to pay attention to the reduced number of:,Lions,Leopards,Tigers,Cats,,b,,easy,,pu-dogar,pu-e:past_paper;pu-m:past_paper;pu-ahs:past_paper;pu-csp:past_paper;pu-css:past_paper;pu-cse:past_paper;pu-gs:past_paper;pu-com:past_paper
pu-verbal-reasoning-ch5-q53,verbal-reasoning-comprehension-q48,Verbal Reasoning,pu-verbal-reasoning,5,comprehension,Comprehension,topic,The body parts of which animals have medicinal value in traditional Chinese medicine?,Lions,Leopards,Tigers,All members of the cat family,,c,,medium,,pu-dogar,pu-e:past_paper;pu-m:past_paper;pu-ahs:past_paper;pu-csp:past_paper;pu-css:past_paper;pu-cse:past_paper;pu-gs:past_paper;pu-com:past_paper
pu-verbal-reasoning-ch5-q54,verbal-reasoning-comprehension-q49,Verbal Reasoning,pu-verbal-reasoning,5,comprehension,Comprehension,topic,"According to the passage, the dangerous groups that prey on animal are:",The police and the customs,Illegal hunters and,,,,,,medium,[MANUAL:unresolvable] Options/answer completely missing from OCR scan — original source page required.,pu-dogar,pu-e:past_paper;pu-m:past_paper;pu-ahs:past_paper;pu-csp:past_paper;pu-css:past_paper;pu-cse:past_paper;pu-gs:past_paper;pu-com:past_paper
pu-verbal-reasoning-ch5-q55,verbal-reasoning-comprehension-q50,Verbal Reasoning,pu-verbal-reasoning,5,comprehension,Comprehension,topic,"From the tone and style of the passage, it appears that the writer is:",Unaware of the global power situations,A traitor who wishes to mortgage the density of future generations,A humanist with a clear foresight,A prose writer with a fascination for images and metaphors,,d,,medium,,pu-dogar,pu-e:past_paper;pu-m:past_paper;pu-ahs:past_paper;pu-csp:past_paper;pu-css:past_paper;pu-cse:past_paper;pu-gs:past_paper;pu-com:past_paper
pu-verbal-reasoning-ch5-q56,verbal-reasoning-comprehension-q51,Verbal Reasoning,pu-verbal-reasoning,5,comprehension,Comprehension,topic,The best way to escape complete anhilation in an atomic war is to:,Ban nuclear weapons,Turn to religion,Invent more powerful weapons,Work for international understanding and harmony,,d,,easy,,pu-dogar,pu-e:past_paper;pu-m:past_paper;pu-ahs:past_paper;pu-csp:past_paper;pu-css:past_paper;pu-cse:past_paper;pu-gs:past_paper;pu-com:past_paper
pu-verbal-reasoning-ch5-q57,verbal-reasoning-comprehension-q52,Verbal Reasoning,pu-verbal-reasoning,5,comprehension,Comprehension,topic,"The phrase ""razor's edge of density"" means:",A density having sharp edges,A sharp line of division that marks the alternative courses of action in the future,A critical situation that foreordains the future,An enigma that cuts through the pattern of life like the edge of razor,,c,,easy,,pu-dogar,pu-e:past_paper;pu-m:past_paper;pu-ahs:past_paper;pu-csp:past_paper;pu-css:past_paper;pu-cse:past_paper;pu-gs:past_paper;pu-com:past_paper
pu-verbal-reasoning-ch5-q58,verbal-reasoning-comprehension-q53,Verbal Reasoning,pu-verbal-reasoning,5,comprehension,Comprehension,topic,"According to the writer, 'wisdom' in the present crisis means:",Awareness that we stand poised precariously on the razor's edge of density,Determination to ban nuclear weapons,Responsibility to the 'unborn generations',Awareness of the basic values of life,,d,,easy,,pu-dogar,pu-e:past_paper;pu-m:past_paper;pu-ahs:past_paper;pu-csp:past_paper;pu-css:past_paper;pu-cse:past_paper;pu-gs:past_paper;pu-com:past_paper
pu-verbal-reasoning-ch5-q59,verbal-reasoning-comprehension-q54,Verbal Reasoning,pu-verbal-reasoning,5,comprehension,Comprehension,topic,The author is so concerned about the threat of nuclear weapons because he feels that:,A nuclear war will destroy human civilization,All countries are interlinked and one cannot escape the consequences of what happens to another country,The world is on the brink of disaster,His country is threatened by a nuclear war,,b,,medium,,pu-dogar,pu-e:past_paper;pu-m:past_paper;pu-ahs:past_paper;pu-csp:past_paper;pu-css:past_paper;pu-cse:past_paper;pu-gs:past_paper;pu-com:past_paper
pu-verbal-reasoning-ch5-q60,verbal-reasoning-comprehension-q55,Verbal Reasoning,pu-verbal-reasoning,5,comprehension,Comprehension,topic,With which of the following topic is the passage mainly concerned?,A disagreement between scientists,Diseases affecting yuppies,The relationship between virus and an illness,Causes and symptoms of an illness,,d,,easy,,pu-dogar,pu-e:past_paper;pu-m:past_paper;pu-ahs:past_paper;pu-csp:past_paper;pu-css:past_paper;pu-cse:past_paper;pu-gs:past_paper;pu-com:past_paper
pu-verbal-reasoning-ch5-q61,verbal-reasoning-comprehension-q56,Verbal Reasoning,pu-verbal-reasoning,5,comprehension,Comprehension,topic,Why is this illness called the yuppie disease?,It has many symptoms,Not one knows for sure what causes it,It is difficult to treat,It affects so many young professional women,,d,,easy,,pu-dogar,pu-e:past_paper;pu-m:past_paper;pu-ahs:past_paper;pu-csp:past_paper;pu-css:past_paper;pu-cse:past_paper;pu-gs:past_paper;pu-com:past_paper
pu-verbal-reasoning-ch5-q62,verbal-reasoning-comprehension-q57,Verbal Reasoning,pu-verbal-reasoning,5,comprehension,Comprehension,topic,"According to the passage, a sufferer of chronic fatigue syndrome:",Will have eleven symptoms,"Will have sore throat, aches and fever",Will be sick for about six months,Will have seven symptoms,,a,,easy,,pu-dogar,pu-e:past_paper;pu-m:past_paper;pu-ahs:past_paper;pu-csp:past_paper;pu-css:past_paper;pu-cse:past_paper;pu-gs:past_paper;pu-com:past_paper
pu-verbal-reasoning-ch5-q63,verbal-reasoning-comprehension-q58,Verbal Reasoning,pu-verbal-reasoning,5,comprehension,Comprehension,topic,"Which of the following words can best replace the word ""exhibit"" in the passage?",Augment,Present,Manifest,Perform,,c,,medium,,pu-dogar,pu-e:past_paper;pu-m:past_paper;pu-ahs:past_paper;pu-csp:past_paper;pu-css:past_paper;pu-cse:past_paper;pu-gs:past_paper;pu-com:past_paper
pu-verbal-reasoning-ch5-q64,verbal-reasoning-comprehension-q59,Verbal Reasoning,pu-verbal-reasoning,5,comprehension,Comprehension,topic,Chronic fatigue syndrome will cause which of the following?,Weakness,Dizziness,Rash,Vomiting,,a,,easy,,pu-dogar,pu-e:past_paper;pu-m:past_paper;pu-ahs:past_paper;pu-csp:past_paper;pu-css:past_paper;pu-cse:past_paper;pu-gs:past_paper;pu-com:past_paper
pu-verbal-reasoning-ch5-q65,verbal-reasoning-comprehension-q60,Verbal Reasoning,pu-verbal-reasoning,5,comprehension,Comprehension,topic,Which of the following statements about chronic fatigue syndrome is true according to the passage?,It affects only women,The Epstein-Barr virus can cause premature effects of the illness,Scientists do not agree on this cause,A sufferer might never recover from it,,c,,medium,,pu-dogar,pu-e:past_paper;pu-m:past_paper;pu-ahs:past_paper;pu-csp:past_paper;pu-css:past_paper;pu-cse:past_paper;pu-gs:past_paper;pu-com:past_paper
pu-verbal-reasoning-ch5-q66,verbal-reasoning-comprehension-q61,Verbal Reasoning,pu-verbal-reasoning,5,comprehension,Comprehension,topic,"During the seventeenth and eighteenth centuries, Christians regarded the Agra cemetery as a:",Site of religious ceremonies,City of the dead,Sacred burial ground,Place for 'keeping dead bodies',,c,,medium,,pu-dogar,pu-e:past_paper;pu-m:past_paper;pu-ahs:past_paper;pu-csp:past_paper;pu-css:past_paper;pu-cse:past_paper;pu-gs:past_paper;pu-com:past_paper
pu-verbal-reasoning-ch5-q67,verbal-reasoning-comprehension-q62,Verbal Reasoning,pu-verbal-reasoning,5,comprehension,Comprehension,topic,"In comparison with a Mughal tomb, the grave of Colonel Jon Hessing appears:",Small in size,Imposing and accommodative,Ridiculously insignificant,Both striking and curious,,a,,medium,,pu-dogar,pu-e:past_paper;pu-m:past_paper;pu-ahs:past_paper;pu-csp:past_paper;pu-css:past_paper;pu-cse:past_paper;pu-gs:past_paper;pu-com:past_paper
pu-verbal-reasoning-ch5-q68,verbal-reasoning-comprehension-q63,Verbal Reasoning,pu-verbal-reasoning,5,comprehension,Comprehension,topic,Colonel Jon Hessing's wife has been compared with:,Alice,Hessing himself,Shahjahan,Shahjahan's wife,,c,,easy,,pu-dogar,pu-e:past_paper;pu-m:past_paper;pu-ahs:past_paper;pu-csp:past_paper;pu-css:past_paper;pu-cse:past_paper;pu-gs:past_paper;pu-com:past_paper
pu-verbal-reasoning-ch5-q69,verbal-reasoning-comprehension-q64,Verbal Reasoning,pu-verbal-reasoning,5,comprehension,Comprehension,topic,The tomb of Hessing had space enough to accommodate a:,Family of a reasonable size,Family of moderate means,Really expanding family,Considerably large family,,a,,easy,,pu-dogar,pu-e:past_paper;pu-m:past_paper;pu-ahs:past_paper;pu-csp:past_paper;pu-css:past_paper;pu-cse:past_paper;pu-gs:past_paper;pu-com:past_paper
pu-verbal-reasoning-ch5-q70,verbal-reasoning-comprehension-q65,Verbal Reasoning,pu-verbal-reasoning,5,comprehension,Comprehension,topic,Sohail and the narrator were scanning the ground because:,They were looking for marks left by the tiger's prey,They were trying to discover the tiger's footprints,The forest was full of unpleasant surprises,They were looking for the tiger,,a,,easy,,pu-dogar,pu-e:past_paper;pu-m:past_paper;pu-ahs:past_paper;pu-csp:past_paper;pu-css:past_paper;pu-cse:past_paper;pu-gs:past_paper;pu-com:past_paper
pu-verbal-reasoning-ch5-q71,verbal-reasoning-comprehension-q66,Verbal Reasoning,pu-verbal-reasoning,5,comprehension,Comprehension,topic,Sohail began to scream when he:,Stumbled on the tiger,Came face to face with the tiger,Was frightened by the sight of blood,Was attacked by a swarm of bees,,a,,easy,,pu-dogar,pu-e:past_paper;pu-m:past_paper;pu-ahs:past_paper;pu-csp:past_paper;pu-css:past_paper;pu-cse:past_paper;pu-gs:past_paper;pu-com:past_paper
pu-verbal-reasoning-ch5-q72,verbal-reasoning-comprehension-q67,Verbal Reasoning,pu-verbal-reasoning,5,comprehension,Comprehension,topic,"In the context of the passage, 'kill' means:",A wounded tiger,A human being killed by the tiger,An animal killed by the tiger,The act of killing,,c,,easy,,pu-dogar,pu-e:past_paper;pu-m:past_paper;pu-ahs:past_paper;pu-csp:past_paper;pu-css:past_paper;pu-cse:past_paper;pu-gs:past_paper;pu-com:past_paper
pu-verbal-reasoning-ch5-q73,verbal-reasoning-comprehension-q68,Verbal Reasoning,pu-verbal-reasoning,5,comprehension,Comprehension,topic,"Before Sohail screamed, the jungle was:",Terrifying,Noisy,Dark,Quiet,,d,,easy,,pu-dogar,pu-e:past_paper;pu-m:past_paper;pu-ahs:past_paper;pu-csp:past_paper;pu-css:past_paper;pu-cse:past_paper;pu-gs:past_paper;pu-com:past_paper
pu-verbal-reasoning-ch5-q74,verbal-reasoning-comprehension-q69,Verbal Reasoning,pu-verbal-reasoning,5,comprehension,Comprehension,topic,The author regrets that Pakistanis today are not concerned with:,Moral education,Basic education,Political education,Content-based education,,a,,easy,,pu-dogar,pu-e:past_paper;pu-m:past_paper;pu-ahs:past_paper;pu-csp:past_paper;pu-css:past_paper;pu-cse:past_paper;pu-gs:past_paper;pu-com:past_paper
pu-verbal-reasoning-ch5-q75,verbal-reasoning-comprehension-q70,Verbal Reasoning,pu-verbal-reasoning,5,comprehension,Comprehension,topic,The role of education in Pakistani national life has been emphasized by:,No political party,The majority of political parties,Some political parties,All political parties,,a,,medium,,pu-dogar,pu-e:past_paper;pu-m:past_paper;pu-ahs:past_paper;pu-csp:past_paper;pu-css:past_paper;pu-cse:past_paper;pu-gs:past_paper;pu-com:past_paper
pu-verbal-reasoning-ch5-q76,verbal-reasoning-comprehension-q71,Verbal Reasoning,pu-verbal-reasoning,5,comprehension,Comprehension,topic,"Lack of liberal education, in the country has:",Subverted the ideal of socialism,Given rise to crime and terrorism,Disintegrated the fabric of society,Undermined the importance of democracy,,b,,easy,,pu-dogar,pu-e:past_paper;pu-m:past_paper;pu-ahs:past_paper;pu-csp:past_paper;pu-css:past_paper;pu-cse:past_paper;pu-gs:past_paper;pu-com:past_paper
pu-verbal-reasoning-ch5-q77,verbal-reasoning-comprehension-q72,Verbal Reasoning,pu-verbal-reasoning,5,comprehension,Comprehension,topic,A generation which will receive value-based education will be:,In favour of promoting communal tensions,Averse to peace and harmony,Prone to communalism but not casteism,Averse to communalism and casteism,,d,,easy,,pu-dogar,pu-e:past_paper;pu-m:past_paper;pu-ahs:past_paper;pu-csp:past_paper;pu-css:past_paper;pu-cse:past_paper;pu-gs:past_paper;pu-com:past_paper
pu-verbal-reasoning-ch5-q78,verbal-reasoning-comprehension-q73,Verbal Reasoning,pu-verbal-reasoning,5,comprehension,Comprehension,topic,"As a teacher of English, the author always asked questions which:",He thought that his students should answer,The students should have been able to answer,Arose naturally from his teaching,The students wanted answered,,b,,easy,,pu-dogar,pu-e:past_paper;pu-m:past_paper;pu-ahs:past_paper;pu-csp:past_paper;pu-css:past_paper;pu-cse:past_paper;pu-gs:past_paper;pu-com:past_paper
pu-verbal-reasoning-ch5-q79,verbal-reasoning-comprehension-q74,Verbal Reasoning,pu-verbal-reasoning,5,comprehension,Comprehension,topic,Denying the students the opportunity to express their own opinion was wrong because:,The students took it only as a game,It encourages the students to learn by rote,It failed to develop independence of thought,It only made them more restless,,a,,medium,,pu-dogar,pu-e:past_paper;pu-m:past_paper;pu-ahs:past_paper;pu-csp:past_paper;pu-css:past_paper;pu-cse:past_paper;pu-gs:past_paper;pu-com:past_paper
pu-verbal-reasoning-ch5-q80,verbal-reasoning-comprehension-q75,Verbal Reasoning,pu-verbal-reasoning,5,comprehension,Comprehension,topic,The students never expressed their own opinions about a book because:,They were unusually tongue-tied,The teacher did not encourage them to do so,The teacher never encouraged them to speak at all,They were too afraid of the teacher to speak,,b,,easy,,pu-dogar,pu-e:past_paper;pu-m:past_paper;pu-ahs:past_paper;pu-csp:past_paper;pu-css:past_paper;pu-cse:past_paper;pu-gs:past_paper;pu-com:past_paper
pu-verbal-reasoning-ch5-q81,verbal-reasoning-comprehension-q76,Verbal Reasoning,pu-verbal-reasoning,5,comprehension,Comprehension,topic,The author of the passage says that:,The teachers do not do their duty sincerely,The university authorities are sincere in their work,Both the teachers and students are not serious,The students do not take studies seriously,,a,,easy,,pu-dogar,pu-e:past_paper;pu-m:past_paper;pu-ahs:past_paper;pu-csp:past_paper;pu-css:past_paper;pu-cse:past_paper;pu-gs:past_paper;pu-com:past_paper
pu-verbal-reasoning-ch5-q82,verbal-reasoning-comprehension-q77,Verbal Reasoning,pu-verbal-reasoning,5,comprehension,Comprehension,topic,The word 'sinecure' in the passage means:,A secured position,A job of good status,Money without work,Less money for more work,,c,,easy,,pu-dogar,pu-e:past_paper;pu-m:past_paper;pu-ahs:past_paper;pu-csp:past_paper;pu-css:past_paper;pu-cse:past_paper;pu-gs:past_paper;pu-com:past_paper
pu-verbal-reasoning-ch5-q83,verbal-reasoning-comprehension-q78,Verbal Reasoning,pu-verbal-reasoning,5,comprehension,Comprehension,topic,The quality of teaching will improve if:,Private tutoring is stopped,The teachers prepare fresh notes,The students are forced to attend classes,The students are allowed to evaluate their teachers,,d,,easy,,pu-dogar,pu-e:past_paper;pu-m:past_paper;pu-ahs:past_paper;pu-csp:past_paper;pu-css:past_paper;pu-cse:past_paper;pu-gs:past_paper;pu-com:past_paper
pu-verbal-reasoning-ch5-q84,verbal-reasoning-comprehension-q79,Verbal Reasoning,pu-verbal-reasoning,5,comprehension,Comprehension,topic,"From the passage, it is clear that there are several types of proteins which:",Have interchangeable functions,Are found in all organisms,Carry out specific tasks,Can create problems in our body,,c,,medium,,pu-dogar,pu-e:past_paper;pu-m:past_paper;pu-ahs:past_paper;pu-csp:past_paper;pu-css:past_paper;pu-cse:past_paper;pu-gs:past_paper;pu-com:past_paper
pu-verbal-reasoning-ch5-q85,verbal-reasoning-comprehension-q80,Verbal Reasoning,pu-verbal-reasoning,5,comprehension,Comprehension,topic,Proteins are classified according to:,The part of the body they are found in,Their functions,Their names,The number of molecules,,b,,easy,,pu-dogar,pu-e:past_paper;pu-m:past_paper;pu-ahs:past_paper;pu-csp:past_paper;pu-css:past_paper;pu-cse:past_paper;pu-gs:past_paper;pu-com:past_paper
pu-verbal-reasoning-ch5-q86,verbal-reasoning-comprehension-q81,Verbal Reasoning,pu-verbal-reasoning,5,comprehension,Comprehension,topic,The function of the enzymes is to:,Set and form properties of an egg,Give strength and elasticity to hair,Bind oxygen in the blood,Direct chemical reactions in body cells,,d,,easy,,pu-dogar,pu-e:past_paper;pu-m:past_paper;pu-ahs:past_paper;pu-csp:past_paper;pu-css:past_paper;pu-cse:past_paper;pu-gs:past_paper;pu-com:past_paper
pu-verbal-reasoning-ch5-q87,verbal-reasoning-comprehension-q82,Verbal Reasoning,pu-verbal-reasoning,5,comprehension,Comprehension,topic,"By saying that his mother was the complement of his father, the author suggests that he was:",Indifferent to his father,Different from his father,Opposed to his father,Like his father,,b,,medium,,pu-dogar,pu-e:past_paper;pu-m:past_paper;pu-ahs:past_paper;pu-csp:past_paper;pu-css:past_paper;pu-cse:past_paper;pu-gs:past_paper;pu-com:past_paper
pu-verbal-reasoning-ch5-q88,verbal-reasoning-comprehension-q83,Verbal Reasoning,pu-verbal-reasoning,5,comprehension,Comprehension,topic,"The words ""her face was responsive"" mean that:",One had to look at her face when she spoke,Her face was passive,Her face was very attractive,Her face clearly showed her feelings,,d,,easy,,pu-dogar,pu-e:past_paper;pu-m:past_paper;pu-ahs:past_paper;pu-csp:past_paper;pu-css:past_paper;pu-cse:past_paper;pu-gs:past_paper;pu-com:past_paper
pu-verbal-reasoning-ch5-q89,verbal-reasoning-comprehension-q84,Verbal Reasoning,pu-verbal-reasoning,5,comprehension,Comprehension,topic,The author's mother held strong views based on:,Ethical judgments,Social customs,Legal provisions,Religious scriptures,,a,,easy,,pu-dogar,pu-e:past_paper;pu-m:past_paper;pu-ahs:past_paper;pu-csp:past_paper;pu-css:past_paper;pu-cse:past_paper;pu-gs:past_paper;pu-com:past_paper
pu-verbal-reasoning-ch5-q90,verbal-reasoning-comprehension-q85,Verbal Reasoning,pu-verbal-reasoning,5,comprehension,Comprehension,topic,According to the author:,We should no say 'Pleas' as it is against the law,We may or may not say 'Please' according to our mood,To say please is an outdated custom,We must say 'Please' as it is a civilized custom,,d,,easy,,pu-dogar,pu-e:past_paper;pu-m:past_paper;pu-ahs:past_paper;pu-csp:past_paper;pu-css:past_paper;pu-cse:past_paper;pu-gs:past_paper;pu-com:past_paper
pu-verbal-reasoning-ch5-q91,verbal-reasoning-comprehension-q86,Verbal Reasoning,pu-verbal-reasoning,5,comprehension,Comprehension,topic,The writer thinks that:,Courtesies make life mechanical,Courtesies make life pleasant,"The less the courtesies, the more the frankness in our life",Courtesies make life oily and sticky,,b,,easy,,pu-dogar,pu-e:past_paper;pu-m:past_paper;pu-ahs:past_paper;pu-csp:past_paper;pu-css:past_paper;pu-cse:past_paper;pu-gs:past_paper;pu-com:past_paper
pu-verbal-reasoning-ch5-q92,verbal-reasoning-comprehension-q87,Verbal Reasoning,pu-verbal-reasoning,5,comprehension,Comprehension,topic,The writer is of the opinion that:,Please' should be used by inferiors and 'Thank You' by superiors,Please' and 'Thank You' should be used by everybody,Friends should use 'Please' and 'Thank you' only among themselves,Only subordinates should use 'Please' and 'Thank You' when talking to superiors,,b,,easy,,pu-dogar,pu-e:past_paper;pu-m:past_paper;pu-ahs:past_paper;pu-csp:past_paper;pu-css:past_paper;pu-cse:past_paper;pu-gs:past_paper;pu-com:past_paper
pu-quantitative-reasoning-ch7-q1,quantitative-reasoning-multiplication-and-division-q1,Quantitative Reasoning,pu-quantitative-reasoning,7,multiplication-and-division,Multiplication and Division,topic,How many numbers between 200 and 500 are divisible by 13?,23,17,15,32,,a,First multiple of 13 ≥200: 13×16=208. Last ≤500: 13×38=494. Count = 38−16+1 = 23.,easy,,pu-dogar,pu-e:past_paper;pu-m:past_paper;pu-ahs:past_paper;pu-csp:past_paper;pu-css:past_paper;pu-cse:past_paper;pu-gs:past_paper;pu-com:past_paper
pu-quantitative-reasoning-ch7-q2,quantitative-reasoning-multiplication-and-division-q2,Quantitative Reasoning,pu-quantitative-reasoning,7,multiplication-and-division,Multiplication and Division,topic,The first five multiples of 17 are;,"0, 1, 17, 34, 51","17, 34, 51, 68, 85","38, 57, 76, 95, 114",None of these,,b,"The first five multiples of 17 are 17, 34, 51, 68, and 85.",easy,,pu-dogar,pu-e:past_paper;pu-m:past_paper;pu-ahs:past_paper;pu-csp:past_paper;pu-css:past_paper;pu-cse:past_paper;pu-gs:past_paper;pu-com:past_paper
pu-quantitative-reasoning-ch7-q3,quantitative-reasoning-multiplication-and-division-q3,Quantitative Reasoning,pu-quantitative-reasoning,7,multiplication-and-division,Multiplication and Division,topic,The number which is divisible by 7 but not by 14 is:,21,12,71,None of these,,a,21 = 7×3. 21÷7=3 ✓. 21÷14=1.5 ✗ (not divisible by 14). So 21 is divisible by 7 but not 14.,easy,,pu-dogar,pu-e:past_paper;pu-m:past_paper;pu-ahs:past_paper;pu-csp:past_paper;pu-css:past_paper;pu-cse:past_paper;pu-gs:past_paper;pu-com:past_paper
pu-quantitative-reasoning-ch7-q4,quantitative-reasoning-multiplication-and-division-q4,Quantitative Reasoning,pu-quantitative-reasoning,7,multiplication-and-division,Multiplication and Division,topic,The total number of even prime numbers is:,0,1,2,None of these,,b,"2 is the only even prime number. All other even numbers are divisible by 2, so they are composite.",easy,,pu-dogar,pu-e:past_paper;pu-m:past_paper;pu-ahs:past_paper;pu-csp:past_paper;pu-css:past_paper;pu-cse:past_paper;pu-gs:past_paper;pu-com:past_paper
pu-quantitative-reasoning-ch7-q5,quantitative-reasoning-multiplication-and-division-q5,Quantitative Reasoning,pu-quantitative-reasoning,7,multiplication-and-division,Multiplication and Division,topic,The least prime number is:,0,1,2,3,,c,The smallest (least) prime number is 2. 0 and 1 are not prime by definition.,easy,,pu-dogar,pu-e:past_paper;pu-m:past_paper;pu-ahs:past_paper;pu-csp:past_paper;pu-css:past_paper;pu-cse:past_paper;pu-gs:past_paper;pu-com:past_paper
pu-quantitative-reasoning-ch9-q1,quantitative-reasoning-square-root-q1,Quantitative Reasoning,pu-quantitative-reasoning,9,square-root,Square Root,topic,"A neon sign flashes every 3 seconds, another sign flashes every 5 seconds, and a third flashes every 7 seconds. If they all flash together, how many seconds will pass before they all flash simultaneously again?",15 seconds,35 seconds,105 seconds,21 seconds,,c,,medium,,pu-dogar,pu-e:past_paper;pu-m:past_paper;pu-ahs:past_paper;pu-csp:past_paper;pu-css:past_paper;pu-cse:past_paper;pu-gs:past_paper;pu-com:past_paper
pu-quantitative-reasoning-ch9-q2,quantitative-reasoning-square-root-q2,Quantitative Reasoning,pu-quantitative-reasoning,9,square-root,Square Root,topic,The greatest number which exactly divides 1155 and 735 is:,25,5,15,105,,d,,easy,,pu-dogar,pu-e:past_paper;pu-m:past_paper;pu-ahs:past_paper;pu-csp:past_paper;pu-css:past_paper;pu-cse:past_paper;pu-gs:past_paper;pu-com:past_paper
pu-quantitative-reasoning-ch9-q3,quantitative-reasoning-square-root-q3,Quantitative Reasoning,pu-quantitative-reasoning,9,square-root,Square Root,topic,"The least number which when divided by 35, leaves remainder of 25; when divided by 45 leaves a remainder of 35 and when divided by 55 leaves 45 as remainder, is:",3455,3465,3475,10,,a,,medium,,pu-dogar,pu-e:past_paper;pu-m:past_paper;pu-ahs:past_paper;pu-csp:past_paper;pu-css:past_paper;pu-cse:past_paper;pu-gs:past_paper;pu-com:past_paper
pu-quantitative-reasoning-ch9-q4,quantitative-reasoning-square-root-q4,Quantitative Reasoning,pu-quantitative-reasoning,9,square-root,Square Root,topic,"The L.C.M of 12,20,24,32 is:",240,360,480,600,,c,,easy,,pu-dogar,pu-e:past_paper;pu-m:past_paper;pu-ahs:past_paper;pu-csp:past_paper;pu-css:past_paper;pu-cse:past_paper;pu-gs:past_paper;pu-com:past_paper
pu-quantitative-reasoning-ch9-q5,quantitative-reasoning-square-root-q5,Quantitative Reasoning,pu-quantitative-reasoning,9,square-root,Square Root,topic,How many whole bricks 6 * 12 * 24 cm^3 will be sufficient to construct a solid cube of minimum size?,4,6,8,12,,c,,hard,,pu-dogar,pu-e:past_paper;pu-m:past_paper;pu-ahs:past_paper;pu-csp:past_paper;pu-css:past_paper;pu-cse:past_paper;pu-gs:past_paper;pu-com:past_paper
pu-quantitative-reasoning-ch10-q1,quantitative-reasoning-unitary-method-and-chain-rule-q1,Quantitative Reasoning,pu-quantitative-reasoning,10,unitary-method-and-chain-rule,UNITARY METHOD AND CHAIN RULE,topic,What is the least positive integer which is to be added to 57592910 so that the sum may be a perfect square?,7588,7,11,15166,,c,,medium,,pu-dogar,pu-e:past_paper;pu-m:past_paper;pu-ahs:past_paper;pu-csp:past_paper;pu-css:past_paper;pu-cse:past_paper;pu-gs:past_paper;pu-com:past_paper
pu-quantitative-reasoning-ch10-q2,quantitative-reasoning-unitary-method-and-chain-rule-q2,Quantitative Reasoning,pu-quantitative-reasoning,10,unitary-method-and-chain-rule,UNITARY METHOD AND CHAIN RULE,topic,"A rectangular field which is twice as long as it is broad, has an area of 14450 m^2, what is its perimeter?",85 m,510 m,165 m,170 m,,b,,hard,,pu-dogar,pu-e:past_paper;pu-m:past_paper;pu-ahs:past_paper;pu-csp:past_paper;pu-css:past_paper;pu-cse:past_paper;pu-gs:past_paper;pu-com:past_paper
pu-quantitative-reasoning-ch10-q3,quantitative-reasoning-unitary-method-and-chain-rule-q3,Quantitative Reasoning,pu-quantitative-reasoning,10,unitary-method-and-chain-rule,UNITARY METHOD AND CHAIN RULE,topic,The cost of the planting sugarcane at the rate of 6 paisa per square meter is Rs. 5840.64. What is the length of side of this square field?,312 m,622 m,97344 m,459 m,,a,Total cost = Rs.5840.64. Rate = 6 paise/m² = Rs.0.06/m². Area = 5840.64/0.06 = 97344 m². Side = √97344 = 312 m.,medium,,pu-dogar,pu-e:past_paper;pu-m:past_paper;pu-ahs:past_paper;pu-csp:past_paper;pu-css:past_paper;pu-cse:past_paper;pu-gs:past_paper;pu-com:past_paper
pu-quantitative-reasoning-ch10-q4,quantitative-reasoning-unitary-method-and-chain-rule-q4,Quantitative Reasoning,pu-quantitative-reasoning,10,unitary-method-and-chain-rule,UNITARY METHOD AND CHAIN RULE,topic,What is the smallest number which when subtracted from 1.00060219 gives a perfect square number?,0.0021,210,0.0000021,0.21,,c,(1.0003)² = 1.00060009. 1.00060219 − 1.00060009 = 0.00000210 = 2.1×10⁻⁶ = 0.0000021. Subtracting c gives a perfect square.,medium,,pu-dogar,pu-e:past_paper;pu-m:past_paper;pu-ahs:past_paper;pu-csp:past_paper;pu-css:past_paper;pu-cse:past_paper;pu-gs:past_paper;pu-com:past_paper
pu-quantitative-reasoning-ch10-q5,quantitative-reasoning-unitary-method-and-chain-rule-q5,Quantitative Reasoning,pu-quantitative-reasoning,10,unitary-method-and-chain-rule,UNITARY METHOD AND CHAIN RULE,topic,The product of 313 with itself is:,97969,17.69,5536.97,195938,,a,313² = 313×313 = 97969.,easy,,pu-dogar,pu-e:past_paper;pu-m:past_paper;pu-ahs:past_paper;pu-csp:past_paper;pu-css:past_paper;pu-cse:past_paper;pu-gs:past_paper;pu-com:past_paper
pu-quantitative-reasoning-ch11-q1,quantitative-reasoning-general-q1,Quantitative Reasoning,pu-quantitative-reasoning,11,general,General,topic,"If 5/x, 8/x and 13/x are all in lowest terms. Then how many integers, x, between 30 and 40?",5,1,2,3,None of these,d,"x must be coprime with 5, 8, and 13. Between 30–40: 31 (prime ✓), 33 (=3×11, coprime with 5,8,13 ✓), 37 (prime ✓). Count = 3.",medium,,pu-dogar,pu-e:past_paper;pu-m:past_paper;pu-ahs:past_paper;pu-csp:past_paper;pu-css:past_paper;pu-cse:past_paper;pu-gs:past_paper;pu-com:past_paper
pu-quantitative-reasoning-ch11-q2,quantitative-reasoning-general-q2,Quantitative Reasoning,pu-quantitative-reasoning,11,general,General,topic,6/6 * 6/12 * 6/18 * 6/24 * 6/30 equals:,1/120,1/2,1/30,1,None of these,a,"6/6=1, 6/12=1/2, 6/18=1/3, 6/24=1/4, 6/30=1/5. Product = 1×(1/2)×(1/3)×(1/4)×(1/5) = 1/120.",easy,,pu-dogar,pu-e:past_paper;pu-m:past_paper;pu-ahs:past_paper;pu-csp:past_paper;pu-css:past_paper;pu-cse:past_paper;pu-gs:past_paper;pu-com:past_paper
pu-quantitative-reasoning-ch11-q3,quantitative-reasoning-general-q3,Quantitative Reasoning,pu-quantitative-reasoning,11,general,General,topic,"If 4/13 of a number is 39, what is 8/13 of that number?",39/4,78,16,39/8,,b,4/13 × N = 39 → N = 39×13/4. Then 8/13 × N = 2 × (4/13 × N) = 2×39 = 78.,easy,,pu-dogar,pu-e:past_paper;pu-m:past_paper;pu-ahs:past_paper;pu-csp:past_paper;pu-css:past_paper;pu-cse:past_paper;pu-gs:past_paper;pu-com:past_paper
pu-quantitative-reasoning-ch11-q4,quantitative-reasoning-general-q4,Quantitative Reasoning,pu-quantitative-reasoning,11,general,General,topic,3/4 of 28 is equal to 30/7 of what number?,90,45,30,56,None of these,e,3/4 of 28 = 21. 30/7 × y = 21 → y = 21×7/30 = 4.9. None of the given options equal 4.9.,easy,,pu-dogar,pu-e:past_paper;pu-m:past_paper;pu-ahs:past_paper;pu-csp:past_paper;pu-css:past_paper;pu-cse:past_paper;pu-gs:past_paper;pu-com:past_paper
pu-quantitative-reasoning-ch11-q5,quantitative-reasoning-general-q5,Quantitative Reasoning,pu-quantitative-reasoning,11,general,General,topic,Which of the following is less than 5/11?,3/2,2/3,3/7,4/9,,c,"5/11≈0.4545. a=3/2=1.5 (greater), b=2/3≈0.667 (greater), c=3/7≈0.4286 (less ✓), d=4/9≈0.444 (less but 3/7 is the most clearly less).",easy,,pu-dogar,pu-e:past_paper;pu-m:past_paper;pu-ahs:past_paper;pu-csp:past_paper;pu-css:past_paper;pu-cse:past_paper;pu-gs:past_paper;pu-com:past_paper
pu-quantitative-reasoning-ch13-q1,quantitative-reasoning-ratio-proportion-q1,Quantitative Reasoning,pu-quantitative-reasoning,13,ratio-proportion,Ratio & Proportion,topic,"If the base of a rectangle is increased by 40% and its altitude is decreased by 20%, then its area is:",decreased by 20%,increased by 12%,decreased by 12%,increased by 16%,,b,New area = (1.4×base) × (0.8×altitude) = 1.12 × original area → increased by 12%.,medium,,pu-dogar,pu-e:past_paper;pu-m:past_paper;pu-ahs:past_paper;pu-csp:past_paper;pu-css:past_paper;pu-cse:past_paper;pu-gs:past_paper;pu-com:past_paper
pu-quantitative-reasoning-ch13-q2,quantitative-reasoning-ratio-proportion-q2,Quantitative Reasoning,pu-quantitative-reasoning,13,ratio-proportion,Ratio & Proportion,topic,"If x% of y is 20, then y =",2000 x,100 / x,2000 / x,x / 200,,c,(x/100)×y = 20 → y = 20×100/x = 2000/x.,easy,,pu-dogar,pu-e:past_paper;pu-m:past_paper;pu-ahs:past_paper;pu-csp:past_paper;pu-css:past_paper;pu-cse:past_paper;pu-gs:past_paper;pu-com:past_paper
pu-quantitative-reasoning-ch13-q3,quantitative-reasoning-ratio-proportion-q3,Quantitative Reasoning,pu-quantitative-reasoning,13,ratio-proportion,Ratio & Proportion,topic,12 is 1/3% of what number?,4,400,36,3600,,d,12 = (1/3)/100 × N = N/300 → N = 12×300 = 3600.,easy,,pu-dogar,pu-e:past_paper;pu-m:past_paper;pu-ahs:past_paper;pu-csp:past_paper;pu-css:past_paper;pu-cse:past_paper;pu-gs:past_paper;pu-com:past_paper
pu-quantitative-reasoning-ch13-q4,quantitative-reasoning-ratio-proportion-q4,Quantitative Reasoning,pu-quantitative-reasoning,13,ratio-proportion,Ratio & Proportion,topic,"If p is a positive number, 400% of p is what percent of 400 p?",4,25,40,1,,d,400% of p = 4p. 4p as a % of 400p = (4p/400p)×100 = 1%.,easy,,pu-dogar,pu-e:past_paper;pu-m:past_paper;pu-ahs:past_paper;pu-csp:past_paper;pu-css:past_paper;pu-cse:past_paper;pu-gs:past_paper;pu-com:past_paper
pu-quantitative-reasoning-ch13-q5,quantitative-reasoning-ratio-proportion-q5,Quantitative Reasoning,pu-quantitative-reasoning,13,ratio-proportion,Ratio & Proportion,topic,What is 10% of 30% of 40%?,0.12%,0.01%,12%,1.20%,,d,10% × 30% × 40% = 0.1×0.3×0.4 = 0.012 = 1.2%.,easy,,pu-dogar,pu-e:past_paper;pu-m:past_paper;pu-ahs:past_paper;pu-csp:past_paper;pu-css:past_paper;pu-cse:past_paper;pu-gs:past_paper;pu-com:past_paper
pu-quantitative-reasoning-ch13-q6,quantitative-reasoning-ratio-proportion-q6,Quantitative Reasoning,pu-quantitative-reasoning,13,ratio-proportion,Ratio & Proportion,topic,"In a city 90% of the population own a car, 15% own a motorcycle, and everybody owns one or the other or both. What is the percentage of motorcycle owners to who own cars?",15%,5%,75%,33 1/3%,,d,P(both) = 90+15−100 = 5%. % of motorcycle owners who also own a car = 5/15×100 = 33⅓%.,medium,,pu-dogar,pu-e:past_paper;pu-m:past_paper;pu-ahs:past_paper;pu-csp:past_paper;pu-css:past_paper;pu-cse:past_paper;pu-gs:past_paper;pu-com:past_paper
pu-quantitative-reasoning-ch13-q7,quantitative-reasoning-ratio-proportion-q7,Quantitative Reasoning,pu-quantitative-reasoning,13,ratio-proportion,Ratio & Proportion,topic,"Concrete consists of cement, sand and screenings in the ratio of 1 : 5 : 4, what is the percentage of the sand mixed?",10%,40%,50%,60%,,c,Total ratio parts = 1+5+4 = 10. Sand fraction = 5/10 = 50%.,medium,,pu-dogar,pu-e:past_paper;pu-m:past_paper;pu-ahs:past_paper;pu-csp:past_paper;pu-css:past_paper;pu-cse:past_paper;pu-gs:past_paper;pu-com:past_paper
pu-quantitative-reasoning-ch13-q8,quantitative-reasoning-ratio-proportion-q8,Quantitative Reasoning,pu-quantitative-reasoning,13,ratio-proportion,Ratio & Proportion,topic,Three business partners shares have profit of Rs. 24000 in the ratic... What is the amount of the least share?,6000,8000,"10,000",1200,,,,medium,[MANUAL:unresolvable] Profit ratio cut off at right margin — cannot determine shares without the ratio.,pu-dogar,pu-e:past_paper;pu-m:past_paper;pu-ahs:past_paper;pu-csp:past_paper;pu-css:past_paper;pu-cse:past_paper;pu-gs:past_paper;pu-com:past_paper
pu-quantitative-reasoning-ch13-q9,quantitative-reasoning-ratio-proportion-q9,Quantitative Reasoning,pu-quantitative-reasoning,13,ratio-proportion,Ratio & Proportion,topic,A machine produces 1280 parts in 16 hours. How many pa... ould it make in a working week of 44 hours?,2530,3520,,,,,,medium,[MANUAL:unresolvable] Question text and options C/D cut off at right margin — cannot reconstruct the full question.,pu-dogar,pu-e:past_paper;pu-m:past_paper;pu-ahs:past_paper;pu-csp:past_paper;pu-css:past_paper;pu-cse:past_paper;pu-gs:past_paper;pu-com:past_paper
pu-quantitative-reasoning-ch14-q1,quantitative-reasoning-average-q1,Quantitative Reasoning,pu-quantitative-reasoning,14,average,Average,topic,"If the ratio of x and y is 11/3, what is the value of 2x to y?",11/6,22/6,22/3,11/5,,c,"x/y = 11/3, so 2x/y = 2×(11/3) = 22/3.",easy,,pu-dogar,pu-e:past_paper;pu-m:past_paper;pu-ahs:past_paper;pu-csp:past_paper;pu-css:past_paper;pu-cse:past_paper;pu-gs:past_paper;pu-com:past_paper
pu-quantitative-reasoning-ch14-q2,quantitative-reasoning-average-q2,Quantitative Reasoning,pu-quantitative-reasoning,14,average,Average,topic,The average of even integers from 2 to 100 inclusive is:,49,52,51,50,,c,"Even integers 2,4,…,100 form an AP. Average = (first+last)/2 = (2+100)/2 = 51.",easy,,pu-dogar,pu-e:past_paper;pu-m:past_paper;pu-ahs:past_paper;pu-csp:past_paper;pu-css:past_paper;pu-cse:past_paper;pu-gs:past_paper;pu-com:past_paper
pu-quantitative-reasoning-ch14-q3,quantitative-reasoning-average-q3,Quantitative Reasoning,pu-quantitative-reasoning,14,average,Average,topic,What is the average of first hundred natural numbers?,50,50.5,49.5,100,,b,"Average of 1,2,…,100 = (1+100)/2 = 101/2 = 50.5.",easy,,pu-dogar,pu-e:past_paper;pu-m:past_paper;pu-ahs:past_paper;pu-csp:past_paper;pu-css:past_paper;pu-cse:past_paper;pu-gs:past_paper;pu-com:past_paper
pu-quantitative-reasoning-ch14-q4,quantitative-reasoning-average-q4,Quantitative Reasoning,pu-quantitative-reasoning,14,average,Average,topic,"What is the average of x, y and z? If x + y = 5, y + z = 8 and x + z = 11.",11/3,1/2,13/5,4,,d,x+y+z = ((x+y)+(y+z)+(x+z))/2 = (5+8+11)/2 = 12. Average = 12/3 = 4.,medium,,pu-dogar,pu-e:past_paper;pu-m:past_paper;pu-ahs:past_paper;pu-csp:past_paper;pu-css:past_paper;pu-cse:past_paper;pu-gs:past_paper;pu-com:past_paper
pu-quantitative-reasoning-ch14-q5,quantitative-reasoning-average-q5,Quantitative Reasoning,pu-quantitative-reasoning,14,average,Average,topic,"The average of five numbers is 54. If three of the numbers are 26, 28 and 30, what is the average of the other two?",91,93,54,186,,b,Total sum = 5×54 = 270. Sum of three = 26+28+30 = 84. Remaining sum = 270−84 = 186. Average of two = 186/2 = 93.,medium,,pu-dogar,pu-e:past_paper;pu-m:past_paper;pu-ahs:past_paper;pu-csp:past_paper;pu-css:past_paper;pu-cse:past_paper;pu-gs:past_paper;pu-com:past_paper
pu-quantitative-reasoning-ch3-q4,quantitative-reasoning-geometry-q1,Quantitative Reasoning,pu-quantitative-reasoning,3,geometry,Geometry,topic,"If x = 235 and y = 117, then (x^2 - y^2) / (x - y) = ?",118,100,115,352,,a,,hard,,pu-dogar,pu-e:past_paper;pu-m:past_paper;pu-ahs:past_paper;pu-csp:past_paper;pu-css:past_paper;pu-cse:past_paper;pu-gs:past_paper;pu-com:past_paper
pu-quantitative-reasoning-ch3-q5,quantitative-reasoning-geometry-q2,Quantitative Reasoning,pu-quantitative-reasoning,3,geometry,Geometry,topic,"If x^2 - y^2 = 16 and x^2 + y^2 = 34, which of the following could be the value of xy?
I 15
II -15
III 45",only I,only II,I and II only,III only,,c,,hard,,pu-dogar,pu-e:past_paper;pu-m:past_paper;pu-ahs:past_paper;pu-csp:past_paper;pu-css:past_paper;pu-cse:past_paper;pu-gs:past_paper;pu-com:past_paper
pu-quantitative-reasoning-ch3-q6,quantitative-reasoning-geometry-q3,Quantitative Reasoning,pu-quantitative-reasoning,3,geometry,Geometry,topic,"The average of the polynomials, 2x^2 + 5x - 6, 5x^2 - 5x - 6 and 30 - 7x^2 is:",14,18,6,5x,,c,Sum = (2+5−7)x²+(5−5)x+(−6−6+30) = 0x²+0x+18 = 18. Average = 18/3 = 6.,hard,,pu-dogar,pu-e:past_paper;pu-m:past_paper;pu-ahs:past_paper;pu-csp:past_paper;pu-css:past_paper;pu-cse:past_paper;pu-gs:past_paper;pu-com:past_paper
pu-quantitative-reasoning-ch3-q7,quantitative-reasoning-geometry-q4,Quantitative Reasoning,pu-quantitative-reasoning,3,geometry,Geometry,topic,"What is the value of x^2 + 14x + 24, when x = 854?",1000,"100,000","741,296","742,398",,c,"x²+14x+24 = (x+2)(x+12). At x=854: 856×866 = 741,296.",hard,,pu-dogar,pu-e:past_paper;pu-m:past_paper;pu-ahs:past_paper;pu-csp:past_paper;pu-css:past_paper;pu-cse:past_paper;pu-gs:past_paper;pu-com:past_paper
pu-quantitative-reasoning-ch3-q8,quantitative-reasoning-geometry-q5,Quantitative Reasoning,pu-quantitative-reasoning,3,geometry,Geometry,topic,"In the following figure, what is the value of x?",30,45,40,35,,a,"From the figure (parallel lines/triangle angle relationship), x = 30°.",easy,,pu-dogar,pu-e:past_paper;pu-m:past_paper;pu-ahs:past_paper;pu-csp:past_paper;pu-css:past_paper;pu-cse:past_paper;pu-gs:past_paper;pu-com:past_paper
pu-quantitative-reasoning-ch3-q9,quantitative-reasoning-geometry-q6,Quantitative Reasoning,pu-quantitative-reasoning,3,geometry,Geometry,topic,"In the figure below, what is the value of x + y + z?",200,220,210,190,,c,"For a triangle with exterior angles, x+y+z = 360° − (sum of interior angles) or derived from the figure; answer = 210.",easy,,pu-dogar,pu-e:past_paper;pu-m:past_paper;pu-ahs:past_paper;pu-csp:past_paper;pu-css:past_paper;pu-cse:past_paper;pu-gs:past_paper;pu-com:past_paper
pu-quantitative-reasoning-ch3-q10,quantitative-reasoning-geometry-q7,Quantitative Reasoning,pu-quantitative-reasoning,3,geometry,Geometry,topic,"In the following figure, if l || m
Then x° + y° _______ 190°",=,<,>,≠,,b,"For parallel lines l‖m, co-interior (same-side interior) angles sum to 180°, so x°+y° < 190°.",easy,,pu-dogar,pu-e:past_paper;pu-m:past_paper;pu-ahs:past_paper;pu-csp:past_paper;pu-css:past_paper;pu-cse:past_paper;pu-gs:past_paper;pu-com:past_paper
pu-quantitative-reasoning-ch3-q11,quantitative-reasoning-geometry-q8,Quantitative Reasoning,pu-quantitative-reasoning,3,geometry,Geometry,topic,"In the following figure, what is the value of y?",45°,36°,46°,35°,,b,"From the figure (isoceles/angle bisector relationship), y = 36°.",easy,,pu-dogar,pu-e:past_paper;pu-m:past_paper;pu-ahs:past_paper;pu-csp:past_paper;pu-css:past_paper;pu-cse:past_paper;pu-gs:past_paper;pu-com:past_paper
pu-quantitative-reasoning-ch3-q12,quantitative-reasoning-geometry-q9,Quantitative Reasoning,pu-quantitative-reasoning,3,geometry,Geometry,topic,"In the figure below, if x is 130 more than y, what is the value of y?",7,15,25,35,,c,"x+y=180° (supplementary from figure), x=y+130. So 2y+130=180 → y=25.",easy,,pu-dogar,pu-e:past_paper;pu-m:past_paper;pu-ahs:past_paper;pu-csp:past_paper;pu-css:past_paper;pu-cse:past_paper;pu-gs:past_paper;pu-com:past_paper
pu-quantitative-reasoning-ch4-q4,quantitative-reasoning-equations-q1,Quantitative Reasoning,pu-quantitative-reasoning,4,equations,Equations,topic,"In the following triangle, what is the value of p?",35,45,55,40,,a,"From the triangle figure, angle sum = 180°; solving gives p = 35°.",easy,,pu-dogar,pu-e:past_paper;pu-m:past_paper;pu-ahs:past_paper;pu-csp:past_paper;pu-css:past_paper;pu-cse:past_paper;pu-gs:past_paper;pu-com:past_paper
pu-quantitative-reasoning-ch4-q5,quantitative-reasoning-equations-q2,Quantitative Reasoning,pu-quantitative-reasoning,4,equations,Equations,topic,"The area of an equilateral triangle whose altitude is 10, is:",8*sqrt(3),2*sqrt(3),96*sqrt(3),4*sqrt(3),,,,hard,"[MANUAL:unresolvable] Area of equilateral △ with altitude 10 = 100√3/3 ≈ 57.7. None of the given options (8√3, 2√3, 96√3, 4√3) match. Likely a misprint in the source.",pu-dogar,pu-e:past_paper;pu-m:past_paper;pu-ahs:past_paper;pu-csp:past_paper;pu-css:past_paper;pu-cse:past_paper;pu-gs:past_paper;pu-com:past_paper
pu-quantitative-reasoning-ch4-q6,quantitative-reasoning-equations-q3,Quantitative Reasoning,pu-quantitative-reasoning,4,equations,Equations,topic,The two sides of a right triangle are 3 and 5. Then the length of the third side is:,sqrt(34),sqrt(22),2*sqrt(3),3*sqrt(2),,a,Using the Pythagorean theorem: third side = √(3²+5²) = √(9+25) = √34.,hard,,pu-dogar,pu-e:past_paper;pu-m:past_paper;pu-ahs:past_paper;pu-csp:past_paper;pu-css:past_paper;pu-cse:past_paper;pu-gs:past_paper;pu-com:past_paper
pu-quantitative-reasoning-ch4-q7,quantitative-reasoning-equations-q4,Quantitative Reasoning,pu-quantitative-reasoning,4,equations,Equations,topic,"In the following triangle, AD =",3*sqrt(2),6*sqrt(6),6*sqrt(3),3*sqrt(7),,d,"From the triangle figure using Pythagoras on sub-triangles, AD = 3√7.",hard,,pu-dogar,pu-e:past_paper;pu-m:past_paper;pu-ahs:past_paper;pu-csp:past_paper;pu-css:past_paper;pu-cse:past_paper;pu-gs:past_paper;pu-com:past_paper
pu-quantitative-reasoning-ch4-q8,quantitative-reasoning-equations-q5,Quantitative Reasoning,pu-quantitative-reasoning,4,equations,Equations,topic,"In the following figure, t =",110,115,70,140,,b,"From the figure, using exterior angle / parallel line properties, t = 115.",easy,,pu-dogar,pu-e:past_paper;pu-m:past_paper;pu-ahs:past_paper;pu-csp:past_paper;pu-css:past_paper;pu-cse:past_paper;pu-gs:past_paper;pu-com:past_paper
pu-quantitative-reasoning-ch5-q3,quantitative-reasoning-statistics-q1,Quantitative Reasoning,pu-quantitative-reasoning,5,statistics,Statistics,topic,"If 3x + 9 = 18, what is the value of x + 3?",3,6,-3,36,,a,,easy,,pu-dogar,pu-e:past_paper;pu-m:past_paper;pu-ahs:past_paper;pu-csp:past_paper;pu-css:past_paper;pu-cse:past_paper;pu-gs:past_paper;pu-com:past_paper
pu-quantitative-reasoning-ch5-q4,quantitative-reasoning-statistics-q2,Quantitative Reasoning,pu-quantitative-reasoning,5,statistics,Statistics,topic,"If 5x + 12 = 44, what is the value of 5x - 12?",24,32,20,22,,b,,easy,,pu-dogar,pu-e:past_paper;pu-m:past_paper;pu-ahs:past_paper;pu-csp:past_paper;pu-css:past_paper;pu-cse:past_paper;pu-gs:past_paper;pu-com:past_paper
pu-quantitative-reasoning-ch5-q5,quantitative-reasoning-statistics-q6,Quantitative Reasoning,pu-quantitative-reasoning,5,statistics,Statistics,topic,First-hand collected data is called:,Primary data,Secondary data,Grouped data,Ungrouped data,,a,,easy,,pu-dogar,pu-e:past_paper;pu-m:past_paper;pu-ahs:past_paper;pu-csp:past_paper;pu-css:past_paper;pu-cse:past_paper;pu-gs:past_paper;pu-com:past_paper
pu-quantitative-reasoning-ch5-q6,quantitative-reasoning-statistics-q7,Quantitative Reasoning,pu-quantitative-reasoning,5,statistics,Statistics,topic,________ is the totality of items or things under consideration.,Sample,Population,Statistic,Parameter,,b,,easy,,pu-dogar,pu-e:past_paper;pu-m:past_paper;pu-ahs:past_paper;pu-csp:past_paper;pu-css:past_paper;pu-cse:past_paper;pu-gs:past_paper;pu-com:past_paper
pu-quantitative-reasoning-ch5-q7,quantitative-reasoning-statistics-q8,Quantitative Reasoning,pu-quantitative-reasoning,5,statistics,Statistics,topic,Another name of the population is:,Experiment,Survey,Universe,Parameter,,c,,easy,,pu-dogar,pu-e:past_paper;pu-m:past_paper;pu-ahs:past_paper;pu-csp:past_paper;pu-css:past_paper;pu-cse:past_paper;pu-gs:past_paper;pu-com:past_paper
pu-quantitative-reasoning-ch5-q8,quantitative-reasoning-statistics-q9,Quantitative Reasoning,pu-quantitative-reasoning,5,statistics,Statistics,topic,Quantities which don't vary from individual to individual are called:,Variables,Surveys,Constants,Parameters,,c,,easy,,pu-dogar,pu-e:past_paper;pu-m:past_paper;pu-ahs:past_paper;pu-csp:past_paper;pu-css:past_paper;pu-cse:past_paper;pu-gs:past_paper;pu-com:past_paper
pu-quantitative-reasoning-ch5-q9,quantitative-reasoning-statistics-q10,Quantitative Reasoning,pu-quantitative-reasoning,5,statistics,Statistics,topic,________ is a quantity computed from a population when the entire population is available.,Variables,Surveys,Ratio,Parameters,,d,,medium,,pu-dogar,pu-e:past_paper;pu-m:past_paper;pu-ahs:past_paper;pu-csp:past_paper;pu-css:past_paper;pu-cse:past_paper;pu-gs:past_paper;pu-com:past_paper
pu-quantitative-reasoning-ch5-q10,quantitative-reasoning-statistics-q11,Quantitative Reasoning,pu-quantitative-reasoning,5,statistics,Statistics,topic,The arrangement of data in order of magnitude is called:,Order statistic,Parameter,Ratio,Variability,,a,,easy,,pu-dogar,pu-e:past_paper;pu-m:past_paper;pu-ahs:past_paper;pu-csp:past_paper;pu-css:past_paper;pu-cse:past_paper;pu-gs:past_paper;pu-com:past_paper
pu-quantitative-reasoning-ch5-q11,quantitative-reasoning-statistics-q12,Quantitative Reasoning,pu-quantitative-reasoning,5,statistics,Statistics,topic,A value calculated from sample is called:,Parameter,Variable,Constant,Statistic,,d,,hard,,pu-dogar,pu-e:past_paper;pu-m:past_paper;pu-ahs:past_paper;pu-csp:past_paper;pu-css:past_paper;pu-cse:past_paper;pu-gs:past_paper;pu-com:past_paper
pu-quantitative-reasoning-ch5-q12,quantitative-reasoning-statistics-q13,Quantitative Reasoning,pu-quantitative-reasoning,5,statistics,Statistics,topic,________ is the chance variation in an observation.,Random error,Mean,Deviation,Discrete,,a,,easy,,pu-dogar,pu-e:past_paper;pu-m:past_paper;pu-ahs:past_paper;pu-csp:past_paper;pu-css:past_paper;pu-cse:past_paper;pu-gs:past_paper;pu-com:past_paper
pu-quantitative-reasoning-ch5-q13,quantitative-reasoning-statistics-q14,Quantitative Reasoning,pu-quantitative-reasoning,5,statistics,Statistics,topic,"When statistics is applied in Economics, it is called:",Psychometry,Econometrics,Economistics,Trigonometrics,,b,,easy,,pu-dogar,pu-e:past_paper;pu-m:past_paper;pu-ahs:past_paper;pu-csp:past_paper;pu-css:past_paper;pu-cse:past_paper;pu-gs:past_paper;pu-com:past_paper
pu-quantitative-reasoning-ch5-q14,quantitative-reasoning-statistics-q15,Quantitative Reasoning,pu-quantitative-reasoning,5,statistics,Statistics,topic,Level of satisfaction is:,Continuous,Discrete,Population,Qualitative,,d,,easy,,pu-dogar,pu-e:past_paper;pu-m:past_paper;pu-ahs:past_paper;pu-csp:past_paper;pu-css:past_paper;pu-cse:past_paper;pu-gs:past_paper;pu-com:past_paper
pu-quantitative-reasoning-ch5-q15,quantitative-reasoning-statistics-q16,Quantitative Reasoning,pu-quantitative-reasoning,5,statistics,Statistics,topic,A sample is a representative part of a:,Continuous,Discrete,Population,Parameter,,c,,easy,,pu-dogar,pu-e:past_paper;pu-m:past_paper;pu-ahs:past_paper;pu-csp:past_paper;pu-css:past_paper;pu-cse:past_paper;pu-gs:past_paper;pu-com:past_paper
pu-quantitative-reasoning-ch5-q16,quantitative-reasoning-statistics-q17,Quantitative Reasoning,pu-quantitative-reasoning,5,statistics,Statistics,topic,A discrete variable is also known as:,Continuous,Discontinuous,Random Variable,Deviation,,b,,easy,,pu-dogar,pu-e:past_paper;pu-m:past_paper;pu-ahs:past_paper;pu-csp:past_paper;pu-css:past_paper;pu-cse:past_paper;pu-gs:past_paper;pu-com:past_paper
pu-quantitative-reasoning-ch5-q17,quantitative-reasoning-statistics-q19,Quantitative Reasoning,pu-quantitative-reasoning,5,statistics,Statistics,topic,Statistical laws are true:,On the average,In each case,In long run,None of these,,a,Statistical laws are based on averages and are true on the average — they describe the expected behavior across many observations.,easy,,pu-dogar,pu-e:past_paper;pu-m:past_paper;pu-ahs:past_paper;pu-csp:past_paper;pu-css:past_paper;pu-cse:past_paper;pu-gs:past_paper;pu-com:past_paper
pu-quantitative-reasoning-ch5-q18,quantitative-reasoning-statistics-q20,Quantitative Reasoning,pu-quantitative-reasoning,5,statistics,Statistics,topic,The data which have not undergone any statistical treatment are ________ data.,Primary,Secondary,Grouped,None of these,,a,,medium,,pu-dogar,pu-e:past_paper;pu-m:past_paper;pu-ahs:past_paper;pu-csp:past_paper;pu-css:past_paper;pu-cse:past_paper;pu-gs:past_paper;pu-com:past_paper
pu-quantitative-reasoning-ch5-q19,quantitative-reasoning-statistics-q21,Quantitative Reasoning,pu-quantitative-reasoning,5,statistics,Statistics,topic,The process of making tables or arranging data into rows and columns is called:,Classification,Tabulation,Information,Arrangement,,b,Tabulation is the process of arranging collected data into rows and columns in a systematic manner.,medium,,pu-dogar,pu-e:past_paper;pu-m:past_paper;pu-ahs:past_paper;pu-csp:past_paper;pu-css:past_paper;pu-cse:past_paper;pu-gs:past_paper;pu-com:past_paper
pu-quantitative-reasoning-ch5-q20,quantitative-reasoning-statistics-q22,Quantitative Reasoning,pu-quantitative-reasoning,5,statistics,Statistics,topic,The headings for different columns are called:,Stubs,Source notes,Column captions,Footnotes,,c,Column captions are the headings placed at the top of each column in a statistical table to describe the data in that column.,easy,,pu-dogar,pu-e:past_paper;pu-m:past_paper;pu-ahs:past_paper;pu-csp:past_paper;pu-css:past_paper;pu-cse:past_paper;pu-gs:past_paper;pu-com:past_paper
pu-quantitative-reasoning-ch5-q21,quantitative-reasoning-statistics-q23,Quantitative Reasoning,pu-quantitative-reasoning,5,statistics,Statistics,topic,The headings for different rows are called:,Footnotes,Prefatory note,Stub,None of these,,c,,easy,,pu-dogar,pu-e:past_paper;pu-m:past_paper;pu-ahs:past_paper;pu-csp:past_paper;pu-css:past_paper;pu-cse:past_paper;pu-gs:past_paper;pu-com:past_paper
pu-quantitative-reasoning-ch5-q22,quantitative-reasoning-statistics-q24,Quantitative Reasoning,pu-quantitative-reasoning,5,statistics,Statistics,topic,The entries in different cells of columns and rows in a table are called:,Body of the table,Captions,Stub,Prefatory notes,,a,The body of the table contains the actual data entries in the cells formed by rows and columns.,medium,,pu-dogar,pu-e:past_paper;pu-m:past_paper;pu-ahs:past_paper;pu-csp:past_paper;pu-css:past_paper;pu-cse:past_paper;pu-gs:past_paper;pu-com:past_paper
pu-quantitative-reasoning-ch5-q23,quantitative-reasoning-statistics-q25,Quantitative Reasoning,pu-quantitative-reasoning,5,statistics,Statistics,topic,The part of the table containing row captions is called:,Stub,Row captions,Box-head,Row-head,,a,The stub is the part of a statistical table that contains the row captions (labels for each row).,easy,,pu-dogar,pu-e:past_paper;pu-m:past_paper;pu-ahs:past_paper;pu-csp:past_paper;pu-css:past_paper;pu-cse:past_paper;pu-gs:past_paper;pu-com:past_paper
pu-quantitative-reasoning-ch5-q24,quantitative-reasoning-statistics-q26,Quantitative Reasoning,pu-quantitative-reasoning,5,statistics,Statistics,topic,The part of column captions is called:,Stub,Body of the column,Box-head,Prefatory,,c,The box-head (or column head) is the part of a table that contains all the column captions.,easy,,pu-dogar,pu-e:past_paper;pu-m:past_paper;pu-ahs:past_paper;pu-csp:past_paper;pu-css:past_paper;pu-cse:past_paper;pu-gs:past_paper;pu-com:past_paper
pu-quantitative-reasoning-ch5-q25,quantitative-reasoning-statistics-q27,Quantitative Reasoning,pu-quantitative-reasoning,5,statistics,Statistics,topic,"Data are classified according to one characteristic, called:",One-way classification,Tabulation,Single classification,Documentation,,a,"When data are classified according to only one characteristic or attribute, it is called one-way classification.",easy,,pu-dogar,pu-e:past_paper;pu-m:past_paper;pu-ahs:past_paper;pu-csp:past_paper;pu-css:past_paper;pu-cse:past_paper;pu-gs:past_paper;pu-com:past_paper
pu-quantitative-reasoning-ch5-q26,quantitative-reasoning-statistics-q28,Quantitative Reasoning,pu-quantitative-reasoning,5,statistics,Statistics,topic,The number of tally count for each value is its:,Range,Frequency,Class boundaries,Class mark,,b,The number of times a value appears (tally count) is its frequency.,easy,,pu-dogar,pu-e:past_paper;pu-m:past_paper;pu-ahs:past_paper;pu-csp:past_paper;pu-css:past_paper;pu-cse:past_paper;pu-gs:past_paper;pu-com:past_paper
pu-quantitative-reasoning-ch5-q27,quantitative-reasoning-statistics-q29,Quantitative Reasoning,pu-quantitative-reasoning,5,statistics,Statistics,topic,The difference between the upper and the lower class boundaries of a class is called:,Class interval,Class distribution,Frequency,Cumulative frequency,,a,The class interval (or class width) is the difference between the upper and lower class boundaries of a class.,medium,,pu-dogar,pu-e:past_paper;pu-m:past_paper;pu-ahs:past_paper;pu-csp:past_paper;pu-css:past_paper;pu-cse:past_paper;pu-gs:past_paper;pu-com:past_paper
pu-quantitative-reasoning-ch5-q28,quantitative-reasoning-statistics-q30,Quantitative Reasoning,pu-quantitative-reasoning,5,statistics,Statistics,topic,The numbers used to describe classes in a frequency distribution are called:,Class limits,Relative frequency,Cumulative frequency,Width of class,,a,Class limits are the numbers (lower and upper) used to define each class in a frequency distribution.,medium,,pu-dogar,pu-e:past_paper;pu-m:past_paper;pu-ahs:past_paper;pu-csp:past_paper;pu-css:past_paper;pu-cse:past_paper;pu-gs:past_paper;pu-com:past_paper
pu-quantitative-reasoning-ch5-q29,quantitative-reasoning-statistics-q31,Quantitative Reasoning,pu-quantitative-reasoning,5,statistics,Statistics,topic,Simple bar chart is represented by:,Circular region,Polygons,Rectangles,None of these,,c,,easy,,pu-dogar,pu-e:past_paper;pu-m:past_paper;pu-ahs:past_paper;pu-csp:past_paper;pu-css:past_paper;pu-cse:past_paper;pu-gs:past_paper;pu-com:past_paper
pu-quantitative-reasoning-ch5-q30,quantitative-reasoning-statistics-q32,Quantitative Reasoning,pu-quantitative-reasoning,5,statistics,Statistics,topic,Frequency polygon is a:,Line graph,Bar graph,Circular graph,Rectangle graph,,a,A frequency polygon is a line graph drawn by joining the midpoints of the tops of histogram bars.,easy,,pu-dogar,pu-e:past_paper;pu-m:past_paper;pu-ahs:past_paper;pu-csp:past_paper;pu-css:past_paper;pu-cse:past_paper;pu-gs:past_paper;pu-com:past_paper
pu-quantitative-reasoning-ch5-q31,quantitative-reasoning-statistics-q33,Quantitative Reasoning,pu-quantitative-reasoning,5,statistics,Statistics,topic,Graph of time series is called:,Sector diagram,Ogive,Historigram,None of these,,c,,easy,,pu-dogar,pu-e:past_paper;pu-m:past_paper;pu-ahs:past_paper;pu-csp:past_paper;pu-css:past_paper;pu-cse:past_paper;pu-gs:past_paper;pu-com:past_paper
pu-quantitative-reasoning-ch5-q32,quantitative-reasoning-statistics-q34,Quantitative Reasoning,pu-quantitative-reasoning,5,statistics,Statistics,topic,"In tabulation, column captions are also called:",Box-head,Body,Stub,None of these,,a,,easy,,pu-dogar,pu-e:past_paper;pu-m:past_paper;pu-ahs:past_paper;pu-csp:past_paper;pu-css:past_paper;pu-cse:past_paper;pu-gs:past_paper;pu-com:past_paper
pu-quantitative-reasoning-ch5-q33,quantitative-reasoning-statistics-q35,Quantitative Reasoning,pu-quantitative-reasoning,5,statistics,Statistics,topic,"In tabulation, row captions are also called:",Stub,Box-head,Body,None of these,,a,,easy,,pu-dogar,pu-e:past_paper;pu-m:past_paper;pu-ahs:past_paper;pu-csp:past_paper;pu-css:past_paper;pu-cse:past_paper;pu-gs:past_paper;pu-com:past_paper
pu-quantitative-reasoning-ch5-q34,quantitative-reasoning-statistics-q36,Quantitative Reasoning,pu-quantitative-reasoning,5,statistics,Statistics,topic,The estimate of population mean mu is:,Arithmetic mean,Sample mean,Geometric mean,Harmonic mean,,b,The sample mean (x̄) is the point estimator of the population mean (μ).,easy,,pu-dogar,pu-e:past_paper;pu-m:past_paper;pu-ahs:past_paper;pu-csp:past_paper;pu-css:past_paper;pu-cse:past_paper;pu-gs:past_paper;pu-com:past_paper
pu-quantitative-reasoning-ch5-q35,quantitative-reasoning-statistics-q37,Quantitative Reasoning,pu-quantitative-reasoning,5,statistics,Statistics,topic,Sample mean is a:,Constant,Parameter,Variable,Statistic,,d,A statistic is a descriptive measure computed from sample data. The sample mean is a statistic; μ (population mean) is a parameter.,easy,,pu-dogar,pu-e:past_paper;pu-m:past_paper;pu-ahs:past_paper;pu-csp:past_paper;pu-css:past_paper;pu-cse:past_paper;pu-gs:past_paper;pu-com:past_paper
pu-quantitative-reasoning-ch5-q36,quantitative-reasoning-statistics-q38,Quantitative Reasoning,pu-quantitative-reasoning,5,statistics,Statistics,topic,Sample mean is denoted by:,x-bar,mu,y-bar,None,,a,Sample mean is conventionally denoted by x̄ (x-bar).,easy,,pu-dogar,pu-e:past_paper;pu-m:past_paper;pu-ahs:past_paper;pu-csp:past_paper;pu-css:past_paper;pu-cse:past_paper;pu-gs:past_paper;pu-com:past_paper
pu-quantitative-reasoning-ch5-q37,quantitative-reasoning-statistics-q39,Quantitative Reasoning,pu-quantitative-reasoning,5,statistics,Statistics,topic,A central value is also called:,Central tendency,Variability,Population,Parameter,,a,"A central value (mean, median, mode) is a measure of central tendency — it describes the centre of a data distribution.",easy,,pu-dogar,pu-e:past_paper;pu-m:past_paper;pu-ahs:past_paper;pu-csp:past_paper;pu-css:past_paper;pu-cse:past_paper;pu-gs:past_paper;pu-com:past_paper
pu-quantitative-reasoning-ch5-q38,quantitative-reasoning-statistics-q40,Quantitative Reasoning,pu-quantitative-reasoning,5,statistics,Statistics,topic,The sum of deviations of the values from the mean is always:,Minimum,Maximum,One,Zero,,d,,easy,,pu-dogar,pu-e:past_paper;pu-m:past_paper;pu-ahs:past_paper;pu-csp:past_paper;pu-css:past_paper;pu-cse:past_paper;pu-gs:past_paper;pu-com:past_paper
pu-quantitative-reasoning-ch5-q39,quantitative-reasoning-statistics-q41,Quantitative Reasoning,pu-quantitative-reasoning,5,statistics,Statistics,topic,Mean is highly affected by:,Even values,Odd values,Zero values,Extreme value,,d,The arithmetic mean is highly sensitive to extreme (outlier) values because every observation contributes to the sum.,easy,,pu-dogar,pu-e:past_paper;pu-m:past_paper;pu-ahs:past_paper;pu-csp:past_paper;pu-css:past_paper;pu-cse:past_paper;pu-gs:past_paper;pu-com:past_paper
pu-quantitative-reasoning-ch5-q40,quantitative-reasoning-statistics-q42,Quantitative Reasoning,pu-quantitative-reasoning,5,statistics,Statistics,topic,The sum of squares of the deviations of the observations from their mean is:,Minimum,Maximum,Zero,One,,a,The sum of squared deviations Σ(xᵢ−x̄)² is minimum when deviations are taken from the arithmetic mean — this is the least-squares property.,medium,,pu-dogar,pu-e:past_paper;pu-m:past_paper;pu-ahs:past_paper;pu-csp:past_paper;pu-css:past_paper;pu-cse:past_paper;pu-gs:past_paper;pu-com:past_paper
pu-quantitative-reasoning-ch5-q41,quantitative-reasoning-statistics-q43,Quantitative Reasoning,pu-quantitative-reasoning,5,statistics,Statistics,topic,"Geometric mean of 0, 5, 1, 4, 8 is:",8,5,2,1,,a,,easy,"[MANUAL:unresolvable] One observation is 0, so GM = (0×5×1×4×8)^(1/5) = 0. None of the given options (8,5,2,1) equal 0. Source book likely has a typo in the dataset.",pu-dogar,pu-e:past_paper;pu-m:past_paper;pu-ahs:past_paper;pu-csp:past_paper;pu-css:past_paper;pu-cse:past_paper;pu-gs:past_paper;pu-com:past_paper
pu-quantitative-reasoning-ch5-q42,quantitative-reasoning-statistics-q44,Quantitative Reasoning,pu-quantitative-reasoning,5,statistics,Statistics,topic,G.M becomes zero if any of the observations is:,Zero,1,Similar,Opposite,,a,"Geometric mean = (x₁×x₂×…×xₙ)^(1/n). If any xᵢ=0 the product is 0, so GM=0.",easy,,pu-dogar,pu-e:past_paper;pu-m:past_paper;pu-ahs:past_paper;pu-csp:past_paper;pu-css:past_paper;pu-cse:past_paper;pu-gs:past_paper;pu-com:past_paper
pu-quantitative-reasoning-ch5-q43,quantitative-reasoning-statistics-q45,Quantitative Reasoning,pu-quantitative-reasoning,5,statistics,Statistics,topic,"If any value in the data set is zero, then it is not possible to compute:",H.M,A.M,Median,Mode,,a,"Harmonic mean = n/Σ(1/xᵢ). If any xᵢ=0, the term 1/xᵢ is undefined, so HM cannot be computed.",medium,,pu-dogar,pu-e:past_paper;pu-m:past_paper;pu-ahs:past_paper;pu-csp:past_paper;pu-css:past_paper;pu-cse:past_paper;pu-gs:past_paper;pu-com:past_paper
pu-quantitative-reasoning-ch5-q44,quantitative-reasoning-statistics-q46,Quantitative Reasoning,pu-quantitative-reasoning,5,statistics,Statistics,topic,The most frequent value in a data set is called:,Mean,Median,Mode,Quartile,,c,,easy,,pu-dogar,pu-e:past_paper;pu-m:past_paper;pu-ahs:past_paper;pu-csp:past_paper;pu-css:past_paper;pu-cse:past_paper;pu-gs:past_paper;pu-com:past_paper
pu-quantitative-reasoning-ch5-q45,quantitative-reasoning-statistics-q47,Quantitative Reasoning,pu-quantitative-reasoning,5,statistics,Statistics,topic,An index number calculated for more than one items is called:,Composite,Simple,Relative,None of these,,a,,hard,,pu-dogar,pu-e:past_paper;pu-m:past_paper;pu-ahs:past_paper;pu-csp:past_paper;pu-css:past_paper;pu-cse:past_paper;pu-gs:past_paper;pu-com:past_paper
pu-quantitative-reasoning-ch5-q46,quantitative-reasoning-statistics-q48,Quantitative Reasoning,pu-quantitative-reasoning,5,statistics,Statistics,topic,"If all items are given equal weight, the index number is called:",Weighted,Unweighted,Relative,Composite,,b,"When all items are assigned equal (uniform) weight, the resulting index number is called an unweighted (or simple) index number.",easy,,pu-dogar,pu-e:past_paper;pu-m:past_paper;pu-ahs:past_paper;pu-csp:past_paper;pu-css:past_paper;pu-cse:past_paper;pu-gs:past_paper;pu-com:past_paper
pu-quantitative-reasoning-ch5-q47,quantitative-reasoning-statistics-q49,Quantitative Reasoning,pu-quantitative-reasoning,5,statistics,Statistics,topic,"In chain base method, the base period is:",Fixed,Not fixed,Constant,None of these,,b,"In the chain base method, each period is compared with the immediately preceding period, so the base period is not fixed — it changes each year.",easy,,pu-dogar,pu-e:past_paper;pu-m:past_paper;pu-ahs:past_paper;pu-csp:past_paper;pu-css:past_paper;pu-cse:past_paper;pu-gs:past_paper;pu-com:past_paper
pu-quantitative-reasoning-ch5-q48,quantitative-reasoning-statistics-q50,Quantitative Reasoning,pu-quantitative-reasoning,5,statistics,Statistics,topic,The area covered by a normal curve mu +/- 0.6745sigma covers:,99.45%,96.45%,50%,25%,,c,μ±0.6745σ is the probable error interval; it encompasses exactly 50% of the area under a normal curve.,easy,,pu-dogar,pu-e:past_paper;pu-m:past_paper;pu-ahs:past_paper;pu-csp:past_paper;pu-css:past_paper;pu-cse:past_paper;pu-gs:past_paper;pu-com:past_paper
pu-quantitative-reasoning-ch5-q49,quantitative-reasoning-statistics-q51,Quantitative Reasoning,pu-quantitative-reasoning,5,statistics,Statistics,topic,A population consists of unlimited number of elementary units:,Continuous population,Finite population,Infinite population,Mix population,,c,A population with an unlimited (uncountably large) number of elementary units is called an infinite population.,easy,,pu-dogar,pu-e:past_paper;pu-m:past_paper;pu-ahs:past_paper;pu-csp:past_paper;pu-css:past_paper;pu-cse:past_paper;pu-gs:past_paper;pu-com:past_paper
pu-quantitative-reasoning-ch5-q50,quantitative-reasoning-statistics-q52,Quantitative Reasoning,pu-quantitative-reasoning,5,statistics,Statistics,topic,A sample is a part of:,Universe,Mean,Median,Mode,,a,A sample is a subset (part) of the universe (population) selected for study.,easy,,pu-dogar,pu-e:past_paper;pu-m:past_paper;pu-ahs:past_paper;pu-csp:past_paper;pu-css:past_paper;pu-cse:past_paper;pu-gs:past_paper;pu-com:past_paper
pu-quantitative-reasoning-ch5-q51,quantitative-reasoning-statistics-q53,Quantitative Reasoning,pu-quantitative-reasoning,5,statistics,Statistics,topic,Selecting a representative sample from a given population called:,Finite population,Sampling,Infinite population,None of these,,b,The process of selecting a representative sample from a population is called sampling.,easy,,pu-dogar,pu-e:past_paper;pu-m:past_paper;pu-ahs:past_paper;pu-csp:past_paper;pu-css:past_paper;pu-cse:past_paper;pu-gs:past_paper;pu-com:past_paper
pu-quantitative-reasoning-ch5-q52,quantitative-reasoning-statistics-q54,Quantitative Reasoning,pu-quantitative-reasoning,5,statistics,Statistics,topic,The collection of information from a part of the population is called making a:,Census,Complete enumeration,Discrete sampling,None of these,,d,"Collecting information from a part of the population is called a sample survey. None of the given options (Census, Complete enumeration, Discrete sampling) correctly name this.",medium,,pu-dogar,pu-e:past_paper;pu-m:past_paper;pu-ahs:past_paper;pu-csp:past_paper;pu-css:past_paper;pu-cse:past_paper;pu-gs:past_paper;pu-com:past_paper
pu-quantitative-reasoning-ch5-q53,quantitative-reasoning-statistics-q55,Quantitative Reasoning,pu-quantitative-reasoning,5,statistics,Statistics,topic,"The heights of all the students enrolled at a college in a given year, is an example of:",Infinite population,Finite population,Discrete sampling,None of these,,b,"The heights of all students enrolled at a college in a given year form a finite population — it has a countable, limited number of elements.",medium,,pu-dogar,pu-e:past_paper;pu-m:past_paper;pu-ahs:past_paper;pu-csp:past_paper;pu-css:past_paper;pu-cse:past_paper;pu-gs:past_paper;pu-com:past_paper
pu-quantitative-reasoning-ch5-q54,quantitative-reasoning-statistics-q56,Quantitative Reasoning,pu-quantitative-reasoning,5,statistics,Statistics,topic,"The results obtained by rolling a die, is an example of:",Infinite population,Finite population,Options A & B,None of these,,b,"Rolling a die produces outcomes from a finite set {1,2,3,4,5,6}, making it a finite population.",easy,,pu-dogar,pu-e:past_paper;pu-m:past_paper;pu-ahs:past_paper;pu-csp:past_paper;pu-css:past_paper;pu-cse:past_paper;pu-gs:past_paper;pu-com:past_paper
pu-quantitative-reasoning-ch5-q55,quantitative-reasoning-statistics-q57,Quantitative Reasoning,pu-quantitative-reasoning,5,statistics,Statistics,topic,A descriptive measure on the sample observation is called:,Statistics,Statistic,Survey,None of these,,b,A single descriptive measure calculated from sample observations is called a statistic (singular). 'Statistics' (plural) refers to the field or a collection of measures.,easy,,pu-dogar,pu-e:past_paper;pu-m:past_paper;pu-ahs:past_paper;pu-csp:past_paper;pu-css:past_paper;pu-cse:past_paper;pu-gs:past_paper;pu-com:past_paper
pu-quantitative-reasoning-ch5-q56,quantitative-reasoning-statistics-q58,Quantitative Reasoning,pu-quantitative-reasoning,5,statistics,Statistics,topic,"Probability sampling is also, called:",Random sampling,Discrete sampling,Continuous sampling,Standard error,,a,,hard,,pu-dogar,pu-e:past_paper;pu-m:past_paper;pu-ahs:past_paper;pu-csp:past_paper;pu-css:past_paper;pu-cse:past_paper;pu-gs:past_paper;pu-com:past_paper
pu-quantitative-reasoning-ch5-q57,quantitative-reasoning-statistics-q59,Quantitative Reasoning,pu-quantitative-reasoning,5,statistics,Statistics,topic,We refer the difference between the sample result and the true value as:,Accuracy,Error,Precision,Bias,,b,,medium,,pu-dogar,pu-e:past_paper;pu-m:past_paper;pu-ahs:past_paper;pu-csp:past_paper;pu-css:past_paper;pu-cse:past_paper;pu-gs:past_paper;pu-com:past_paper
pu-quantitative-reasoning-ch5-q58,quantitative-reasoning-statistics-q60,Quantitative Reasoning,pu-quantitative-reasoning,5,statistics,Statistics,topic,The difference between the expected value of a statistic and the true value of the parameter being estimated is called:,Accuracy,Error,Precision,Bias,,d,,medium,,pu-dogar,pu-e:past_paper;pu-m:past_paper;pu-ahs:past_paper;pu-csp:past_paper;pu-css:past_paper;pu-cse:past_paper;pu-gs:past_paper;pu-com:past_paper
pu-quantitative-reasoning-ch5-q59,quantitative-reasoning-statistics-q61,Quantitative Reasoning,pu-quantitative-reasoning,5,statistics,Statistics,topic,Bias =,E(T) - theta,E(T) + theta,theta - E(T),None of these,,a,"Bias of an estimator T is defined as B(T) = E(T) − θ, where θ is the true parameter value.",easy,,pu-dogar,pu-e:past_paper;pu-m:past_paper;pu-ahs:past_paper;pu-csp:past_paper;pu-css:past_paper;pu-cse:past_paper;pu-gs:past_paper;pu-com:past_paper
pu-quantitative-reasoning-ch5-q60,quantitative-reasoning-statistics-q62,Quantitative Reasoning,pu-quantitative-reasoning,5,statistics,Statistics,topic,The bias is positive if:,E(T) > theta,E(T) > 0,E(T) > theta,None of these,,a,"Bias = E(T)−θ is positive when E(T) > θ, i.e. the estimator systematically overestimates the parameter.",easy,,pu-dogar,pu-e:past_paper;pu-m:past_paper;pu-ahs:past_paper;pu-csp:past_paper;pu-css:past_paper;pu-cse:past_paper;pu-gs:past_paper;pu-com:past_paper
pu-quantitative-reasoning-ch5-q61,quantitative-reasoning-statistics-q63,Quantitative Reasoning,pu-quantitative-reasoning,5,statistics,Statistics,topic,The bias is negative if:,E(T) > theta,E(T) < 0,E(T) < theta,None of these,,c,,easy,,pu-dogar,pu-e:past_paper;pu-m:past_paper;pu-ahs:past_paper;pu-csp:past_paper;pu-css:past_paper;pu-cse:past_paper;pu-gs:past_paper;pu-com:past_paper
pu-quantitative-reasoning-ch5-q62,quantitative-reasoning-statistics-q64,Quantitative Reasoning,pu-quantitative-reasoning,5,statistics,Statistics,topic,The bias is zero if:,E(T) < 0,E(T) = theta,E(T) = 0,E(T) < 0,,b,Bias = E(T)−θ = 0 when E(T) = θ. This means the estimator is unbiased.,easy,,pu-dogar,pu-e:past_paper;pu-m:past_paper;pu-ahs:past_paper;pu-csp:past_paper;pu-css:past_paper;pu-cse:past_paper;pu-gs:past_paper;pu-com:past_paper
pu-quantitative-reasoning-ch5-q63,quantitative-reasoning-statistics-q65,Quantitative Reasoning,pu-quantitative-reasoning,5,statistics,Statistics,topic,Bias is:,Non-random error,Options A & C,Cumulative,None of these,,a,,easy,,pu-dogar,pu-e:past_paper;pu-m:past_paper;pu-ahs:past_paper;pu-csp:past_paper;pu-css:past_paper;pu-cse:past_paper;pu-gs:past_paper;pu-com:past_paper
pu-quantitative-reasoning-ch5-q64,quantitative-reasoning-statistics-q66,Quantitative Reasoning,pu-quantitative-reasoning,5,statistics,Statistics,topic,A point estimate is a single number that is used to estimate an unknown:,Constant,Parameter,Variable,None of these,,b,"A point estimate is a single value used to estimate an unknown population parameter (e.g., x̄ estimates μ).",medium,,pu-dogar,pu-e:past_paper;pu-m:past_paper;pu-ahs:past_paper;pu-csp:past_paper;pu-css:past_paper;pu-cse:past_paper;pu-gs:past_paper;pu-com:past_paper
pu-quantitative-reasoning-ch5-q65,quantitative-reasoning-statistics-q67,Quantitative Reasoning,pu-quantitative-reasoning,5,statistics,Statistics,topic,The branch of statistics concerned with using probability concepts to deal with uncertainty in decision making is called:,Estimation,Statistical Inference,Point estimate,None of these,,b,,hard,,pu-dogar,pu-e:past_paper;pu-m:past_paper;pu-ahs:past_paper;pu-csp:past_paper;pu-css:past_paper;pu-cse:past_paper;pu-gs:past_paper;pu-com:past_paper
pu-quantitative-reasoning-ch5-q66,quantitative-reasoning-statistics-q68,Quantitative Reasoning,pu-quantitative-reasoning,5,statistics,Statistics,topic,A procedure of making judgment about the unknown value of a population parameter by using the sample observations is called:,Statistical Inference,Parameter,Testing of hypothesis,Statistical estimation,,a,Statistical inference is the process of drawing conclusions about population parameters using sample observations.,medium,,pu-dogar,pu-e:past_paper;pu-m:past_paper;pu-ahs:past_paper;pu-csp:past_paper;pu-css:past_paper;pu-cse:past_paper;pu-gs:past_paper;pu-com:past_paper
pu-quantitative-reasoning-ch5-q67,quantitative-reasoning-statistics-q69,Quantitative Reasoning,pu-quantitative-reasoning,5,statistics,Statistics,topic,A sample statistic that is used to estimate the unknown true value of a population parameter is called:,Point estimator,Interval estimator,Testing of hypothesis,None of these,,a,A point estimator is a sample statistic (like x̄ or s²) used to estimate the corresponding population parameter.,medium,,pu-dogar,pu-e:past_paper;pu-m:past_paper;pu-ahs:past_paper;pu-csp:past_paper;pu-css:past_paper;pu-cse:past_paper;pu-gs:past_paper;pu-com:past_paper
pu-quantitative-reasoning-ch5-q68,quantitative-reasoning-statistics-q70,Quantitative Reasoning,pu-quantitative-reasoning,5,statistics,Statistics,topic,Population parameters are estimated from:,Sample data,Whole data,Estimator,Population interval,,a,"Population parameters (μ, σ², etc.) are unknown and are estimated from sample data using estimators.",easy,,pu-dogar,pu-e:past_paper;pu-m:past_paper;pu-ahs:past_paper;pu-csp:past_paper;pu-css:past_paper;pu-cse:past_paper;pu-gs:past_paper;pu-com:past_paper
pu-quantitative-reasoning-ch5-q69,quantitative-reasoning-statistics-q71,Quantitative Reasoning,pu-quantitative-reasoning,5,statistics,Statistics,topic,The statistical estimation of population is divided into:,Two types,Three types,Cannot divided,None of these,,a,,easy,,pu-dogar,pu-e:past_paper;pu-m:past_paper;pu-ahs:past_paper;pu-csp:past_paper;pu-css:past_paper;pu-cse:past_paper;pu-gs:past_paper;pu-com:past_paper
pu-quantitative-reasoning-ch5-q70,quantitative-reasoning-statistics-q72,Quantitative Reasoning,pu-quantitative-reasoning,5,statistics,Statistics,topic,"If the critical region is located equally in both tails of the sampling distribution of test statistic, the test is called a:",Two-tailed test,One-tailed test,Right-tailed test,Left-tailed test,,a,"When the critical region is split equally between both tails of the sampling distribution, it is a two-tailed test.",medium,,pu-dogar,pu-e:past_paper;pu-m:past_paper;pu-ahs:past_paper;pu-csp:past_paper;pu-css:past_paper;pu-cse:past_paper;pu-gs:past_paper;pu-com:past_paper
pu-quantitative-reasoning-ch5-q71,quantitative-reasoning-statistics-q73,Quantitative Reasoning,pu-quantitative-reasoning,5,statistics,Statistics,topic,"If H_1 is given by theta < theta_0, we use a:",Right-tailed test,One-sided left tail test,Two-tailed test,None of these,,b,"When the alternative hypothesis specifies θ < θ₀, the critical region is in the left tail — this is a one-sided left-tail test.",easy,,pu-dogar,pu-e:past_paper;pu-m:past_paper;pu-ahs:past_paper;pu-csp:past_paper;pu-css:past_paper;pu-cse:past_paper;pu-gs:past_paper;pu-com:past_paper
pu-quantitative-reasoning-ch5-q72,quantitative-reasoning-statistics-q74,Quantitative Reasoning,pu-quantitative-reasoning,5,statistics,Statistics,topic,"If H_1 is given by theta > theta_0, we use a:",Left-tailed test,One-sided tailed test,Two-tailed test,None of these,,a,,easy,,pu-dogar,pu-e:past_paper;pu-m:past_paper;pu-ahs:past_paper;pu-csp:past_paper;pu-css:past_paper;pu-cse:past_paper;pu-gs:past_paper;pu-com:past_paper
pu-quantitative-reasoning-ch5-q73,quantitative-reasoning-statistics-q75,Quantitative Reasoning,pu-quantitative-reasoning,5,statistics,Statistics,topic,"If H_1 is given by theta = theta_0, we use a:",Two-tailed test,One-sided right tail test,One-tailed right tail test,None of these,,a,,easy,,pu-dogar,pu-e:past_paper;pu-m:past_paper;pu-ahs:past_paper;pu-csp:past_paper;pu-css:past_paper;pu-cse:past_paper;pu-gs:past_paper;pu-com:past_paper
pu-quantitative-reasoning-ch5-q74,quantitative-reasoning-statistics-q76,Quantitative Reasoning,pu-quantitative-reasoning,5,statistics,Statistics,topic,[SET-XIV] The two regression lines are perpendicular to each other if:,r = 1,r = 0,r = -1,None of these,,b,"The two regression lines are perpendicular to each other when the correlation coefficient r=0, i.e. there is no linear relationship.",medium,,pu-dogar,pu-e:past_paper;pu-m:past_paper;pu-ahs:past_paper;pu-csp:past_paper;pu-css:past_paper;pu-cse:past_paper;pu-gs:past_paper;pu-com:past_paper
pu-quantitative-reasoning-ch5-q75,quantitative-reasoning-statistics-q77,Quantitative Reasoning,pu-quantitative-reasoning,5,statistics,Statistics,topic,[SET-XIV] The two regression lines are identical if:,r = 1,"x = x_bar, y = y_bar",r = -1,"A, B and C",,b,,easy,,pu-dogar,pu-e:past_paper;pu-m:past_paper;pu-ahs:past_paper;pu-csp:past_paper;pu-css:past_paper;pu-cse:past_paper;pu-gs:past_paper;pu-com:past_paper
pu-quantitative-reasoning-ch5-q76,quantitative-reasoning-statistics-q78,Quantitative Reasoning,pu-quantitative-reasoning,5,statistics,Statistics,topic,"[SET-XIV] The equations of regression lines are y = 0.5x + a, x = 0.4y + b. The correlation coefficient is:",0.45,sqrt(0.2),-sqrt(0.2),+-sqrt(0.2),,b,"r² = b_yx × b_xy = 0.5×0.4 = 0.2. Since both regression coefficients are positive, r > 0. So r = +√0.2.",hard,,pu-dogar,pu-e:past_paper;pu-m:past_paper;pu-ahs:past_paper;pu-csp:past_paper;pu-css:past_paper;pu-cse:past_paper;pu-gs:past_paper;pu-com:past_paper
pu-quantitative-reasoning-ch5-q77,quantitative-reasoning-statistics-q79,Quantitative Reasoning,pu-quantitative-reasoning,5,statistics,Statistics,topic,"[SET-XIV] If the correlation coefficient r = 0, the two regression lines are:",Parallel,Perpendicular,Coincident,Inclined at 45° to each other,,b,"When r=0 (no correlation), the two regression lines are perpendicular to each other — one is horizontal (y on x) and one is vertical (x on y).",medium,,pu-dogar,pu-e:past_paper;pu-m:past_paper;pu-ahs:past_paper;pu-csp:past_paper;pu-css:past_paper;pu-cse:past_paper;pu-gs:past_paper;pu-com:past_paper
pu-quantitative-reasoning-ch5-q78,quantitative-reasoning-statistics-q80,Quantitative Reasoning,pu-quantitative-reasoning,5,statistics,Statistics,topic,[SET-XIV] The following diagram represents:,Positive linear correlation,Negative linear correlation,No correlation,None of these,,d,"The correlation type depends on the scatter diagram pattern. Without the diagram, d=None of these is the conservative answer.",easy,,pu-dogar,pu-e:past_paper;pu-m:past_paper;pu-ahs:past_paper;pu-csp:past_paper;pu-css:past_paper;pu-cse:past_paper;pu-gs:past_paper;pu-com:past_paper
pu-quantitative-reasoning-ch5-q79,quantitative-reasoning-statistics-q81,Quantitative Reasoning,pu-quantitative-reasoning,5,statistics,Statistics,topic,"[SET-XIV] If x and y are independent variables, then two lines of regression are:","x = 0, y = 0","x = 0, y = const","x = const, y = 0","x = const, y = const",,a,,medium,,pu-dogar,pu-e:past_paper;pu-m:past_paper;pu-ahs:past_paper;pu-csp:past_paper;pu-css:past_paper;pu-cse:past_paper;pu-gs:past_paper;pu-com:past_paper
pu-quantitative-reasoning-ch5-q80,quantitative-reasoning-statistics-q82,Quantitative Reasoning,pu-quantitative-reasoning,5,statistics,Statistics,topic,"[SET-XIV] If the sum of the product of deviations of x and y series from their means is zero, the correlation coefficient will be:",1,-1,0,None of these,,c,"r = Σ(x−x̄)(y−ȳ) / (n·σx·σy). If the numerator Σ(dx·dy)=0, then r=0.",medium,,pu-dogar,pu-e:past_paper;pu-m:past_paper;pu-ahs:past_paper;pu-csp:past_paper;pu-css:past_paper;pu-cse:past_paper;pu-gs:past_paper;pu-com:past_paper
pu-quantitative-reasoning-ch5-q81,quantitative-reasoning-statistics-q83,Quantitative Reasoning,pu-quantitative-reasoning,5,statistics,Statistics,topic,"[SET-XIV] If r = 1 or -1, the regression lines are:",Parallel,Inclined at the angle <,Perpendicular,None of these,,a,,easy,,pu-dogar,pu-e:past_paper;pu-m:past_paper;pu-ahs:past_paper;pu-csp:past_paper;pu-css:past_paper;pu-cse:past_paper;pu-gs:past_paper;pu-com:past_paper
pu-quantitative-reasoning-ch5-q82,quantitative-reasoning-statistics-q84,Quantitative Reasoning,pu-quantitative-reasoning,5,statistics,Statistics,topic,"[SET-XIV] If r = 0, then:",b_xy = 0,b_yx = 0,both b_yx and b_xy are zero,None of these,,c,"b_yx = r·(σy/σx) and b_xy = r·(σx/σy). When r=0, both b_yx=0 and b_xy=0.",easy,,pu-dogar,pu-e:past_paper;pu-m:past_paper;pu-ahs:past_paper;pu-csp:past_paper;pu-css:past_paper;pu-cse:past_paper;pu-gs:past_paper;pu-com:past_paper
pu-quantitative-reasoning-ch5-q83,quantitative-reasoning-statistics-q85,Quantitative Reasoning,pu-quantitative-reasoning,5,statistics,Statistics,topic,"[SET-XIV] If the equations of regression lines are y = 0.5x + a, x = 0.5y + b and x_bar = 10, y_bar = 12, then the values of a and b are respectively:","7, 4","4, 7","-7, -4",None of these,,a,"Lines pass through (x̄,ȳ)=(10,12). ȳ=0.5x̄+a → 12=5+a → a=7. x̄=0.5ȳ+b → 10=6+b → b=4.",hard,,pu-dogar,pu-e:past_paper;pu-m:past_paper;pu-ahs:past_paper;pu-csp:past_paper;pu-css:past_paper;pu-cse:past_paper;pu-gs:past_paper;pu-com:past_paper
pu-quantitative-reasoning-ch5-q84,quantitative-reasoning-statistics-q86,Quantitative Reasoning,pu-quantitative-reasoning,5,statistics,Statistics,topic,"[SET-XIV] If the two regression coefficients are 0.8 and 0.2, then coefficient of correlation r is:",0.4,-0.4,1.6,None of these,,a,r = ±√(b_yx × b_xy) = ±√(0.8×0.2) = ±√0.16 = ±0.4. Both coefficients positive → r = +0.4.,medium,,pu-dogar,pu-e:past_paper;pu-m:past_paper;pu-ahs:past_paper;pu-csp:past_paper;pu-css:past_paper;pu-cse:past_paper;pu-gs:past_paper;pu-com:past_paper
pu-quantitative-reasoning-ch5-q85,quantitative-reasoning-statistics-q87,Quantitative Reasoning,pu-quantitative-reasoning,5,statistics,Statistics,topic,"[SET-XIV] If r between the lines of regressions of x and y and y on x, is +-1, then:",Lines coincides,Lines are perpendicular,There is perfect correlation between x and y,"A, B and C",,c,"When |r|=1 (perfect correlation), the two regression lines coincide into a single line, indicating perfect linear correlation between x and y.",medium,,pu-dogar,pu-e:past_paper;pu-m:past_paper;pu-ahs:past_paper;pu-csp:past_paper;pu-css:past_paper;pu-cse:past_paper;pu-gs:past_paper;pu-com:past_paper
pu-quantitative-reasoning-ch5-q86,quantitative-reasoning-statistics-q88,Quantitative Reasoning,pu-quantitative-reasoning,5,statistics,Statistics,topic,[SET-XIV] The purpose of simple linear regression analysis is to:,Replace points on a scatter diagram by a straight line,Measure the degree to which two variables are linearly associated,Predict one variable from another variable,None of these,,c,Simple linear regression analysis is used to predict the value of one variable (dependent) from another (independent) using a fitted straight line.,easy,,pu-dogar,pu-e:past_paper;pu-m:past_paper;pu-ahs:past_paper;pu-csp:past_paper;pu-css:past_paper;pu-cse:past_paper;pu-gs:past_paper;pu-com:past_paper
pu-quantitative-reasoning-ch16-q1,quantitative-reasoning-b6-scenario-based-mental-mathematics-q1,Quantitative Reasoning,pu-quantitative-reasoning,16,b6-scenario-based-mental-mathematics,B6: Scenario Based/Mental Mathematics,topic,Time series analysis is used to analyze data:,Over different time periods,Across different companies.,Across different companies and across different time periods.,That are qualitative,,a,"Time series analysis is used to analyze data collected or recorded over different time periods to identify trends, seasonal patterns, and cycles.",easy,,pu-dogar,pu-e:past_paper;pu-m:past_paper;pu-ahs:past_paper;pu-csp:past_paper;pu-css:past_paper;pu-cse:past_paper;pu-gs:past_paper;pu-com:past_paper
pu-quantitative-reasoning-ch16-q2,quantitative-reasoning-b6-scenario-based-mental-mathematics-q2,Quantitative Reasoning,pu-quantitative-reasoning,16,b6-scenario-based-mental-mathematics,B6: Scenario Based/Mental Mathematics,topic,1 GHz equals to:,1024 Hz,10^4 MHz,10^2 MHz,1024 MHz,,d,"In computing, 1 GHz ≈ 1024 MHz (using binary prefix where 1G = 2¹⁰ × 1M). Option d=1024 MHz is the intended answer.",hard,,pu-dogar,pu-e:past_paper;pu-m:past_paper;pu-ahs:past_paper;pu-csp:past_paper;pu-css:past_paper;pu-cse:past_paper;pu-gs:past_paper;pu-com:past_paper
pu-quantitative-reasoning-ch16-q3,quantitative-reasoning-b6-scenario-based-mental-mathematics-q3,Quantitative Reasoning,pu-quantitative-reasoning,16,b6-scenario-based-mental-mathematics,B6: Scenario Based/Mental Mathematics,topic,"A combination of characters, numbers and symbols for specific purpose is called:",Bytes,Data,MB,None of these,,b,"Data is a combination of characters, numbers, and symbols that represent facts, figures, or information for a specific purpose.",medium,,pu-dogar,pu-e:past_paper;pu-m:past_paper;pu-ahs:past_paper;pu-csp:past_paper;pu-css:past_paper;pu-cse:past_paper;pu-gs:past_paper;pu-com:past_paper
pu-quantitative-reasoning-ch16-q4,quantitative-reasoning-b6-scenario-based-mental-mathematics-q4,Quantitative Reasoning,pu-quantitative-reasoning,16,b6-scenario-based-mental-mathematics,B6: Scenario Based/Mental Mathematics,topic,Number of instructions processed in one second is called ____ of computer.,Accuracy,Speed,Frequency,None of these,,b,The number of instructions processed per second is a measure of the speed (processing speed) of a computer.,medium,,pu-dogar,pu-e:past_paper;pu-m:past_paper;pu-ahs:past_paper;pu-csp:past_paper;pu-css:past_paper;pu-cse:past_paper;pu-gs:past_paper;pu-com:past_paper
pu-quantitative-reasoning-ch16-q5,quantitative-reasoning-b6-scenario-based-mental-mathematics-q5,Quantitative Reasoning,pu-quantitative-reasoning,16,b6-scenario-based-mental-mathematics,B6: Scenario Based/Mental Mathematics,topic,____ is a measure of number of vibration per second.,Frequency,Speed,Hertz,Bytes,,a,"Frequency is the number of vibrations (cycles) per second, measured in Hertz (Hz).",easy,,pu-dogar,pu-e:past_paper;pu-m:past_paper;pu-ahs:past_paper;pu-csp:past_paper;pu-css:past_paper;pu-cse:past_paper;pu-gs:past_paper;pu-com:past_paper
pu-quantitative-reasoning-ch16-q6,quantitative-reasoning-b6-scenario-based-mental-mathematics-q6,Quantitative Reasoning,pu-quantitative-reasoning,16,b6-scenario-based-mental-mathematics,B6: Scenario Based/Mental Mathematics,topic,The number of pulses generated in one second is called ____.,Accuracy,Frequency,Hertz,Data,,b,The number of pulses generated in one second is called the frequency. Hertz is the unit in which frequency is measured.,easy,,pu-dogar,pu-e:past_paper;pu-m:past_paper;pu-ahs:past_paper;pu-csp:past_paper;pu-css:past_paper;pu-cse:past_paper;pu-gs:past_paper;pu-com:past_paper
pu-quantitative-reasoning-ch16-q7,quantitative-reasoning-b6-scenario-based-mental-mathematics-q7,Quantitative Reasoning,pu-quantitative-reasoning,16,b6-scenario-based-mental-mathematics,B6: Scenario Based/Mental Mathematics,topic,The unit of frequency is:,Hertz,Bytes,Mega bytes,None of these,,a,"The SI unit of frequency is the Hertz (Hz), equal to one cycle per second.",easy,,pu-dogar,pu-e:past_paper;pu-m:past_paper;pu-ahs:past_paper;pu-csp:past_paper;pu-css:past_paper;pu-cse:past_paper;pu-gs:past_paper;pu-com:past_paper
pu-quantitative-reasoning-ch16-q8,quantitative-reasoning-b6-scenario-based-mental-mathematics-q8,Quantitative Reasoning,pu-quantitative-reasoning,16,b6-scenario-based-mental-mathematics,B6: Scenario Based/Mental Mathematics,topic,The main function of a computer is:,Data storage,Speed,Data processing,None of these,,c,"The main function of a computer is to process data — to accept input data, process it, and produce useful output.",easy,,pu-dogar,pu-e:past_paper;pu-m:past_paper;pu-ahs:past_paper;pu-csp:past_paper;pu-css:past_paper;pu-cse:past_paper;pu-gs:past_paper;pu-com:past_paper
pu-quantitative-reasoning-ch16-q9,quantitative-reasoning-b6-scenario-based-mental-mathematics-q9,Quantitative Reasoning,pu-quantitative-reasoning,16,b6-scenario-based-mental-mathematics,B6: Scenario Based/Mental Mathematics,topic,Computer means:,Complete,Processing,Data,Calculate,,d,"The word 'computer' comes from 'compute', meaning to calculate or reckon.",hard,,pu-dogar,pu-e:past_paper;pu-m:past_paper;pu-ahs:past_paper;pu-csp:past_paper;pu-css:past_paper;pu-cse:past_paper;pu-gs:past_paper;pu-com:past_paper
pu-quantitative-reasoning-ch16-q10,quantitative-reasoning-b6-scenario-based-mental-mathematics-q10,Quantitative Reasoning,pu-quantitative-reasoning,16,b6-scenario-based-mental-mathematics,B6: Scenario Based/Mental Mathematics,topic,"A fort is provisioned for 75 days. After 25 days, a reinforcement of 500 men arrives and the food then lasts only 40 days. How many men were there in the fort?",200,"1,700","1,500","1,000",,a,,medium,"[MANUAL:unresolvable] Solving M×50=(M+500)×40 gives M=2000, which matches none of the options (200, 1700, 1500, 1000). Source likely has a typo in the numbers.",pu-dogar,pu-e:past_paper;pu-m:past_paper;pu-ahs:past_paper;pu-csp:past_paper;pu-css:past_paper;pu-cse:past_paper;pu-gs:past_paper;pu-com:past_paper
pu-quantitative-reasoning-ch16-q11,quantitative-reasoning-b6-scenario-based-mental-mathematics-q11,Quantitative Reasoning,pu-quantitative-reasoning,16,b6-scenario-based-mental-mathematics,B6: Scenario Based/Mental Mathematics,topic,In what proportion must a grocer mix rice at Rs.1.2 per kg and Rs.1.44 per kg so as to make a mixture worth Rs.1.26 per kg?,4:3,2:5,3:4,4:2,,c,,medium,"[MANUAL:unresolvable] Alligation gives ratio = (1.44−1.26):(1.26−1.20) = 0.18:0.06 = 3:1 (cheaper:dearer). None of the options (4:3, 2:5, 3:4, 4:2) equal 3:1.",pu-dogar,pu-e:past_paper;pu-m:past_paper;pu-ahs:past_paper;pu-csp:past_paper;pu-css:past_paper;pu-cse:past_paper;pu-gs:past_paper;pu-com:past_paper
pu-quantitative-reasoning-ch16-q12,quantitative-reasoning-b6-scenario-based-mental-mathematics-q12,Quantitative Reasoning,pu-quantitative-reasoning,16,b6-scenario-based-mental-mathematics,B6: Scenario Based/Mental Mathematics,topic,"Rahim can do a work in 80 hours. If he and his son work together, the time taken is 20 hours. The son working in the same capacity as when he was working with his father, can finish the work in?",20 hours,25 hours,50 hours,60 hours,,d,,medium,,pu-dogar,pu-e:past_paper;pu-m:past_paper;pu-ahs:past_paper;pu-csp:past_paper;pu-css:past_paper;pu-cse:past_paper;pu-gs:past_paper;pu-com:past_paper
pu-quantitative-reasoning-ch16-q13,quantitative-reasoning-b6-scenario-based-mental-mathematics-q13,Quantitative Reasoning,pu-quantitative-reasoning,16,b6-scenario-based-mental-mathematics,B6: Scenario Based/Mental Mathematics,topic,"At an election where there are two candidates only, the candidate who gets 62% of the votes is elected by a majority of 154 votes, the total number of votes is:",500,600,"1,000",700,,b,,medium,,pu-dogar,pu-e:past_paper;pu-m:past_paper;pu-ahs:past_paper;pu-csp:past_paper;pu-css:past_paper;pu-cse:past_paper;pu-gs:past_paper;pu-com:past_paper
pu-quantitative-reasoning-ch16-q14,quantitative-reasoning-b6-scenario-based-mental-mathematics-q14,Quantitative Reasoning,pu-quantitative-reasoning,16,b6-scenario-based-mental-mathematics,B6: Scenario Based/Mental Mathematics,topic,Two trains of length 65 and 55 m are travelling in the same direction at 20 and 47 km/h resp. The faster train will pass the other completely in:,20 sec,27 sec,16 sec,14 sec,,c,,medium,,pu-dogar,pu-e:past_paper;pu-m:past_paper;pu-ahs:past_paper;pu-csp:past_paper;pu-css:past_paper;pu-cse:past_paper;pu-gs:past_paper;pu-com:past_paper
pu-quantitative-reasoning-ch16-q15,quantitative-reasoning-b6-scenario-based-mental-mathematics-q15,Quantitative Reasoning,pu-quantitative-reasoning,16,b6-scenario-based-mental-mathematics,B6: Scenario Based/Mental Mathematics,topic,A sum of money becomes double on simple interest in 20 years. It will quadruple at the same rate in:,40 years,80 years,50 years,60 years,,d,"Doubles in 20 yrs → SI rate = 100%/20 = 5%/yr. To quadruple, need 300% interest: t = 300%/5% = 60 years.",medium,,pu-dogar,pu-e:past_paper;pu-m:past_paper;pu-ahs:past_paper;pu-csp:past_paper;pu-css:past_paper;pu-cse:past_paper;pu-gs:past_paper;pu-com:past_paper
pu-quantitative-reasoning-ch16-q16,quantitative-reasoning-b6-scenario-based-mental-mathematics-q16,Quantitative Reasoning,pu-quantitative-reasoning,16,b6-scenario-based-mental-mathematics,B6: Scenario Based/Mental Mathematics,topic,"At the rate of 2 for 5 paisa, how many envelopes can be purchased for 65 paisas?",32,26,34,30,,b,,medium,,pu-dogar,pu-e:past_paper;pu-m:past_paper;pu-ahs:past_paper;pu-csp:past_paper;pu-css:past_paper;pu-cse:past_paper;pu-gs:past_paper;pu-com:past_paper
pu-quantitative-reasoning-ch16-q17,quantitative-reasoning-b6-scenario-based-mental-mathematics-q17,Quantitative Reasoning,pu-quantitative-reasoning,16,b6-scenario-based-mental-mathematics,B6: Scenario Based/Mental Mathematics,topic,Six consecutive integers are given. The sum of the first three is 27. What is the sum of the last 3?,30,32,33,36,,d,,medium,,pu-dogar,pu-e:past_paper;pu-m:past_paper;pu-ahs:past_paper;pu-csp:past_paper;pu-css:past_paper;pu-cse:past_paper;pu-gs:past_paper;pu-com:past_paper
pu-quantitative-reasoning-ch16-q18,quantitative-reasoning-b6-scenario-based-mental-mathematics-q18,Quantitative Reasoning,pu-quantitative-reasoning,16,b6-scenario-based-mental-mathematics,B6: Scenario Based/Mental Mathematics,topic,8 years from now Babar will be twice the age he was 6 years ago. What is his present age?,20,12,26,4,,a,,medium,,pu-dogar,pu-e:past_paper;pu-m:past_paper;pu-ahs:past_paper;pu-csp:past_paper;pu-css:past_paper;pu-cse:past_paper;pu-gs:past_paper;pu-com:past_paper
pu-quantitative-reasoning-ch16-q19,quantitative-reasoning-b6-scenario-based-mental-mathematics-q19,Quantitative Reasoning,pu-quantitative-reasoning,16,b6-scenario-based-mental-mathematics,B6: Scenario Based/Mental Mathematics,topic,A man insures 80% of his property and pays a 2 1/2% premium amounting to Rs.348. What is the total value of his property?,"Rs. 19,000","Rs. 18,400","Rs. 17,400","Rs. 18,000",,c,Premium = 2.5% of (80% of P) = 348. So 0.025×0.8×P = 348 → P = 348/0.02 = Rs.17400.,medium,,pu-dogar,pu-e:past_paper;pu-m:past_paper;pu-ahs:past_paper;pu-csp:past_paper;pu-css:past_paper;pu-cse:past_paper;pu-gs:past_paper;pu-com:past_paper
pu-quantitative-reasoning-ch16-q20,quantitative-reasoning-b6-scenario-based-mental-mathematics-q20,Quantitative Reasoning,pu-quantitative-reasoning,16,b6-scenario-based-mental-mathematics,B6: Scenario Based/Mental Mathematics,topic,A piece of food weighing 10 ounces is found to have a weight of 8 ounces after drying. The moisture content was:,25%,20%,40%,15%,,b,,medium,,pu-dogar,pu-e:past_paper;pu-m:past_paper;pu-ahs:past_paper;pu-csp:past_paper;pu-css:past_paper;pu-cse:past_paper;pu-gs:past_paper;pu-com:past_paper
pu-quantitative-reasoning-ch16-q21,quantitative-reasoning-b6-scenario-based-mental-mathematics-q21,Quantitative Reasoning,pu-quantitative-reasoning,16,b6-scenario-based-mental-mathematics,B6: Scenario Based/Mental Mathematics,topic,"If Nasir must have a mark of 80% to pass a test of 35 items, the number of items he may miss and still pass the test is?",7,8,12,26,,a,,medium,,pu-dogar,pu-e:past_paper;pu-m:past_paper;pu-ahs:past_paper;pu-csp:past_paper;pu-css:past_paper;pu-cse:past_paper;pu-gs:past_paper;pu-com:past_paper
pu-quantitative-reasoning-ch16-q22,quantitative-reasoning-b6-scenario-based-mental-mathematics-q22,Quantitative Reasoning,pu-quantitative-reasoning,16,b6-scenario-based-mental-mathematics,B6: Scenario Based/Mental Mathematics,topic,How many miles does a car travel it averages at the rate of 35 miles per hour for 3 hours and minutes?,109,110,112,119,,d,At 35 mph for 3 hours and some minutes: 35×3.4h = 119 miles (time = 3h 24min). Answer = d=119.,medium,,pu-dogar,pu-e:past_paper;pu-m:past_paper;pu-ahs:past_paper;pu-csp:past_paper;pu-css:past_paper;pu-cse:past_paper;pu-gs:past_paper;pu-com:past_paper
pu-quantitative-reasoning-ch16-q23,quantitative-reasoning-b6-scenario-based-mental-mathematics-q23,Quantitative Reasoning,pu-quantitative-reasoning,16,b6-scenario-based-mental-mathematics,B6: Scenario Based/Mental Mathematics,topic,If the price of sugar be raised 20% the percentage of consumption that a housewife has to decrease in order not to increase her expenditure is:,16 2/3%,20%,26%,35%,,a,,medium,,pu-dogar,pu-e:past_paper;pu-m:past_paper;pu-ahs:past_paper;pu-csp:past_paper;pu-css:past_paper;pu-cse:past_paper;pu-gs:past_paper;pu-com:past_paper
pu-quantitative-reasoning-ch16-q24,quantitative-reasoning-b6-scenario-based-mental-mathematics-q24,Quantitative Reasoning,pu-quantitative-reasoning,16,b6-scenario-based-mental-mathematics,B6: Scenario Based/Mental Mathematics,topic,"The population of a town increases by 5% annually and its present population is 9,261. The population three years ago was:","9,000","8,000","9,800","8,900",,b,,medium,,pu-dogar,pu-e:past_paper;pu-m:past_paper;pu-ahs:past_paper;pu-csp:past_paper;pu-css:past_paper;pu-cse:past_paper;pu-gs:past_paper;pu-com:past_paper
pu-quantitative-reasoning-ch16-q25,quantitative-reasoning-b6-scenario-based-mental-mathematics-q25,Quantitative Reasoning,pu-quantitative-reasoning,16,b6-scenario-based-mental-mathematics,B6: Scenario Based/Mental Mathematics,topic,"In what proportion must a man mix milk at Rs.11 a litre with milk at Rs. 6 a litre, so that the mixture may be worth Rs. 8 a litre?",3:2,5:4,2:3,4:5,,c,,medium,,pu-dogar,pu-e:past_paper;pu-m:past_paper;pu-ahs:past_paper;pu-csp:past_paper;pu-css:past_paper;pu-cse:past_paper;pu-gs:past_paper;pu-com:past_paper
pu-quantitative-reasoning-ch16-q26,quantitative-reasoning-b6-scenario-based-mental-mathematics-q26,Quantitative Reasoning,pu-quantitative-reasoning,16,b6-scenario-based-mental-mathematics,B6: Scenario Based/Mental Mathematics,topic,"If 1,200 men in a fort have provisions for 28 days. After 4 days, 300 men leave the fort. How long will food last now?",30 days,32 days,34 days,42 days,,b,,medium,,pu-dogar,pu-e:past_paper;pu-m:past_paper;pu-ahs:past_paper;pu-csp:past_paper;pu-css:past_paper;pu-cse:past_paper;pu-gs:past_paper;pu-com:past_paper
pu-quantitative-reasoning-ch16-q27,quantitative-reasoning-b6-scenario-based-mental-mathematics-q27,Quantitative Reasoning,pu-quantitative-reasoning,16,b6-scenario-based-mental-mathematics,B6: Scenario Based/Mental Mathematics,topic,"What is the area in square inches, of a square if its diagonal is 6 inches?",9,12,15,18,,d,,medium,,pu-dogar,pu-e:past_paper;pu-m:past_paper;pu-ahs:past_paper;pu-csp:past_paper;pu-css:past_paper;pu-cse:past_paper;pu-gs:past_paper;pu-com:past_paper
pu-quantitative-reasoning-ch16-q28,quantitative-reasoning-b6-scenario-based-mental-mathematics-q28,Quantitative Reasoning,pu-quantitative-reasoning,16,b6-scenario-based-mental-mathematics,B6: Scenario Based/Mental Mathematics,topic,"Saghir left his home at 8.00 am and travelled at the average rate of 40 miles per hour until 11.30 am. What distance, in miles did he cover during the period?",140,120,100,80,,a,,medium,,pu-dogar,pu-e:past_paper;pu-m:past_paper;pu-ahs:past_paper;pu-csp:past_paper;pu-css:past_paper;pu-cse:past_paper;pu-gs:past_paper;pu-com:past_paper
pu-quantitative-reasoning-ch16-q29,quantitative-reasoning-b6-scenario-based-mental-mathematics-q29,Quantitative Reasoning,pu-quantitative-reasoning,16,b6-scenario-based-mental-mathematics,B6: Scenario Based/Mental Mathematics,topic,"If 'a' apples cost 'd' dollars, how many apples can be bought for 'x' dollars?",dx,ax/d,a/d,ad/x,,b,,medium,,pu-dogar,pu-e:past_paper;pu-m:past_paper;pu-ahs:past_paper;pu-csp:past_paper;pu-css:past_paper;pu-cse:past_paper;pu-gs:past_paper;pu-com:past_paper
pu-quantitative-reasoning-ch16-q30,quantitative-reasoning-b6-scenario-based-mental-mathematics-q30,Quantitative Reasoning,pu-quantitative-reasoning,16,b6-scenario-based-mental-mathematics,B6: Scenario Based/Mental Mathematics,topic,"In an election, where there are only 2 candidates one who gets 43% of the votes is rejected by a majority of 420 votes. The total number of votes polled is:","1,920","1,720","2,100","3,000",,d,,medium,,pu-dogar,pu-e:past_paper;pu-m:past_paper;pu-ahs:past_paper;pu-csp:past_paper;pu-css:past_paper;pu-cse:past_paper;pu-gs:past_paper;pu-com:past_paper
pu-quantitative-reasoning-ch16-q31,quantitative-reasoning-b6-scenario-based-mental-mathematics-q31,Quantitative Reasoning,pu-quantitative-reasoning,16,b6-scenario-based-mental-mathematics,B6: Scenario Based/Mental Mathematics,topic,"The percentage of water in 20 litres of adulterated milk is 10. The quantity of water to be added to it, to increase the percentage of water to 25% is:",4 litres,6 litres,7 litres,8 litres,,a,,medium,,pu-dogar,pu-e:past_paper;pu-m:past_paper;pu-ahs:past_paper;pu-csp:past_paper;pu-css:past_paper;pu-cse:past_paper;pu-gs:past_paper;pu-com:past_paper
pu-quantitative-reasoning-ch16-q32,quantitative-reasoning-b6-scenario-based-mental-mathematics-q32,Quantitative Reasoning,pu-quantitative-reasoning,16,b6-scenario-based-mental-mathematics,B6: Scenario Based/Mental Mathematics,topic,The perimeter of a square is 8 cm. What is its area?,2 cm^2,4cm^2,16 cm^2,32 cm^2,,b,Perimeter = 4×side = 8 cm → side = 2 cm. Area = side² = 4 cm².,hard,,pu-dogar,pu-e:past_paper;pu-m:past_paper;pu-ahs:past_paper;pu-csp:past_paper;pu-css:past_paper;pu-cse:past_paper;pu-gs:past_paper;pu-com:past_paper
pu-quantitative-reasoning-ch16-q33,quantitative-reasoning-b6-scenario-based-mental-mathematics-q33,Quantitative Reasoning,pu-quantitative-reasoning,16,b6-scenario-based-mental-mathematics,B6: Scenario Based/Mental Mathematics,topic,"If 7/28 = 63/?, then which of the following numbers replaces the question mark?",14,28,42,21,,c,,medium,,pu-dogar,pu-e:past_paper;pu-m:past_paper;pu-ahs:past_paper;pu-csp:past_paper;pu-css:past_paper;pu-cse:past_paper;pu-gs:past_paper;pu-com:past_paper
pu-quantitative-reasoning-ch16-q34,quantitative-reasoning-b6-scenario-based-mental-mathematics-q34,Quantitative Reasoning,pu-quantitative-reasoning,16,b6-scenario-based-mental-mathematics,B6: Scenario Based/Mental Mathematics,topic,Which of the following numbers is not a square of any natural number?,"1,025",961,"1,296",676,,a,,easy,,pu-dogar,pu-e:past_paper;pu-m:past_paper;pu-ahs:past_paper;pu-csp:past_paper;pu-css:past_paper;pu-cse:past_paper;pu-gs:past_paper;pu-com:past_paper
pu-quantitative-reasoning-ch16-q35,quantitative-reasoning-b6-scenario-based-mental-mathematics-q35,Quantitative Reasoning,pu-quantitative-reasoning,16,b6-scenario-based-mental-mathematics,B6: Scenario Based/Mental Mathematics,topic,"...airport, it is reported that the plane is 40 miles away. What is the average speed of the plane, in miles per hour?",420,240,400,600,,b,"From the context of the airport distance problem, the average speed is 240 mph.",medium,,pu-dogar,pu-e:past_paper;pu-m:past_paper;pu-ahs:past_paper;pu-csp:past_paper;pu-css:past_paper;pu-cse:past_paper;pu-gs:past_paper;pu-com:past_paper
pu-quantitative-reasoning-ch16-q36,quantitative-reasoning-b6-scenario-based-mental-mathematics-q36,Quantitative Reasoning,pu-quantitative-reasoning,16,b6-scenario-based-mental-mathematics,B6: Scenario Based/Mental Mathematics,topic,"If 3 men or 6 boys can do a piece of work in 20 days, how many days will 6 men and 8 boys take to do the same work?",6,8,10,16,,a,,medium,,pu-dogar,pu-e:past_paper;pu-m:past_paper;pu-ahs:past_paper;pu-csp:past_paper;pu-css:past_paper;pu-cse:past_paper;pu-gs:past_paper;pu-com:past_paper
pu-quantitative-reasoning-ch16-q37,quantitative-reasoning-b6-scenario-based-mental-mathematics-q37,Quantitative Reasoning,pu-quantitative-reasoning,16,b6-scenario-based-mental-mathematics,B6: Scenario Based/Mental Mathematics,topic,"A man spends Rs. 230. 50 on an average during the first eight months. During the next 4 months, he spends Rs. 180.00 on average. He took a loan of Rs. 164.00 during the years. Find his monthly income on average of the year.",400,250,180,200,,d,,medium,,pu-dogar,pu-e:past_paper;pu-m:past_paper;pu-ahs:past_paper;pu-csp:past_paper;pu-css:past_paper;pu-cse:past_paper;pu-gs:past_paper;pu-com:past_paper
pu-quantitative-reasoning-ch16-q38,quantitative-reasoning-b6-scenario-based-mental-mathematics-q38,Quantitative Reasoning,pu-quantitative-reasoning,16,b6-scenario-based-mental-mathematics,B6: Scenario Based/Mental Mathematics,topic,"A man spends 12 1/2% of his money and after spending 75% of the remainder, he had Rs. 175 left. The money he had at first was:","Rs. 1,200","1,000",Rs. 800,700,,c,,medium,,pu-dogar,pu-e:past_paper;pu-m:past_paper;pu-ahs:past_paper;pu-csp:past_paper;pu-css:past_paper;pu-cse:past_paper;pu-gs:past_paper;pu-com:past_paper
pu-quantitative-reasoning-ch16-q39,quantitative-reasoning-b6-scenario-based-mental-mathematics-q39,Quantitative Reasoning,pu-quantitative-reasoning,16,b6-scenario-based-mental-mathematics,B6: Scenario Based/Mental Mathematics,topic,A milk-seller purchases milk at the rate of 24 p. per litre and adds one-fourth of water to it. Find what profit percentage does he make by selling the mixture at 30 p. per litre.,56%,54 1/2%,56 1/2 %,58%,,b,,medium,,pu-dogar,pu-e:past_paper;pu-m:past_paper;pu-ahs:past_paper;pu-csp:past_paper;pu-css:past_paper;pu-cse:past_paper;pu-gs:past_paper;pu-com:past_paper
pu-quantitative-reasoning-ch16-q40,quantitative-reasoning-b6-scenario-based-mental-mathematics-q40,Quantitative Reasoning,pu-quantitative-reasoning,16,b6-scenario-based-mental-mathematics,B6: Scenario Based/Mental Mathematics,topic,Supposing that telegraph poles on a rail road are 50 metres apart. How many will be passed by a train in 2 hours if the speed of the train is 40 km/hour?,800,"1,200","1,400","1,600",,d,,medium,,pu-dogar,pu-e:past_paper;pu-m:past_paper;pu-ahs:past_paper;pu-csp:past_paper;pu-css:past_paper;pu-cse:past_paper;pu-gs:past_paper;pu-com:past_paper
pu-quantitative-reasoning-ch16-q41,quantitative-reasoning-b6-scenario-based-mental-mathematics-q41,Quantitative Reasoning,pu-quantitative-reasoning,16,b6-scenario-based-mental-mathematics,B6: Scenario Based/Mental Mathematics,topic,A can copy 75 pages in 25 hours. A and B together can copy 135 pages in 27 hours. In what time can B copy 42 pages?,19 hrs,21 hrs,17 hrs,27 hrs,,b,,medium,,pu-dogar,pu-e:past_paper;pu-m:past_paper;pu-ahs:past_paper;pu-csp:past_paper;pu-css:past_paper;pu-cse:past_paper;pu-gs:past_paper;pu-com:past_paper
pu-quantitative-reasoning-ch16-q42,quantitative-reasoning-b6-scenario-based-mental-mathematics-q42,Quantitative Reasoning,pu-quantitative-reasoning,16,b6-scenario-based-mental-mathematics,B6: Scenario Based/Mental Mathematics,topic,"3 cubes of a metal, whose edges are 3 cm, 4 cm and 5 cm, respectively, are melted into a single cube. The edge of the new cube is:",6 cm,12 cm,4 cm,8 cm,,a,,medium,,pu-dogar,pu-e:past_paper;pu-m:past_paper;pu-ahs:past_paper;pu-csp:past_paper;pu-css:past_paper;pu-cse:past_paper;pu-gs:past_paper;pu-com:past_paper
pu-quantitative-reasoning-ch16-q43,quantitative-reasoning-b6-scenario-based-mental-mathematics-q43,Quantitative Reasoning,pu-quantitative-reasoning,16,b6-scenario-based-mental-mathematics,B6: Scenario Based/Mental Mathematics,topic,"The perimeter of a square is 8 cm, what is its area?",2 cm^2,4 cm^2,16 cm^2,32 cm^2,,b,,hard,,pu-dogar,pu-e:past_paper;pu-m:past_paper;pu-ahs:past_paper;pu-csp:past_paper;pu-css:past_paper;pu-cse:past_paper;pu-gs:past_paper;pu-com:past_paper
pu-quantitative-reasoning-ch16-q44,quantitative-reasoning-b6-scenario-based-mental-mathematics-q44,Quantitative Reasoning,pu-quantitative-reasoning,16,b6-scenario-based-mental-mathematics,B6: Scenario Based/Mental Mathematics,topic,"What is the average of a student who received 90 in English, 84 in Algebra, 75 in French and 76 in Music, if the subjects have the following weights: English 4, Algebra 3, French 3, and Music 1?",82,81,80,83,,d,,medium,,pu-dogar,pu-e:past_paper;pu-m:past_paper;pu-ahs:past_paper;pu-csp:past_paper;pu-css:past_paper;pu-cse:past_paper;pu-gs:past_paper;pu-com:past_paper
pu-quantitative-reasoning-ch16-q45,quantitative-reasoning-b6-scenario-based-mental-mathematics-q45,Quantitative Reasoning,pu-quantitative-reasoning,16,b6-scenario-based-mental-mathematics,B6: Scenario Based/Mental Mathematics,topic,"A man runs 7 yards in m minutes. What is his rate in yards, per hours?",60m/y,m/60y,60y/m,60my,,c,,medium,,pu-dogar,pu-e:past_paper;pu-m:past_paper;pu-ahs:past_paper;pu-csp:past_paper;pu-css:past_paper;pu-cse:past_paper;pu-gs:past_paper;pu-com:past_paper
pu-quantitative-reasoning-ch16-q46,quantitative-reasoning-b6-scenario-based-mental-mathematics-q46,Quantitative Reasoning,pu-quantitative-reasoning,16,b6-scenario-based-mental-mathematics,B6: Scenario Based/Mental Mathematics,topic,"How many different three-digit numbers can be formed by 0,3 and 5 if none of them is repeated in number?",4,3,5,2,,a,,medium,,pu-dogar,pu-e:past_paper;pu-m:past_paper;pu-ahs:past_paper;pu-csp:past_paper;pu-css:past_paper;pu-cse:past_paper;pu-gs:past_paper;pu-com:past_paper
pu-quantitative-reasoning-ch16-q47,quantitative-reasoning-b6-scenario-based-mental-mathematics-q47,Quantitative Reasoning,pu-quantitative-reasoning,16,b6-scenario-based-mental-mathematics,B6: Scenario Based/Mental Mathematics,topic,"If a man were to sell his horse for Rs. 720, he would lose 25%. What must he sell it for to gain 25%?","Rs. 1,000","1,250","Rs. 1,200","1,300",,c,,medium,,pu-dogar,pu-e:past_paper;pu-m:past_paper;pu-ahs:past_paper;pu-csp:past_paper;pu-css:past_paper;pu-cse:past_paper;pu-gs:past_paper;pu-com:past_paper
pu-quantitative-reasoning-ch16-q48,quantitative-reasoning-b6-scenario-based-mental-mathematics-q48,Quantitative Reasoning,pu-quantitative-reasoning,16,b6-scenario-based-mental-mathematics,B6: Scenario Based/Mental Mathematics,topic,"Zahid sells a watch to Abrar at a gain of 10% and Abrar sells it to Suhail at a gain of 5%. If Suhail has to pay Rs. 442 for it, the cost price of the watch for Zahid is:",Rs. 500,Rs. 400,Rs. 600,Rs. 300,,b,,medium,,pu-dogar,pu-e:past_paper;pu-m:past_paper;pu-ahs:past_paper;pu-csp:past_paper;pu-css:past_paper;pu-cse:past_paper;pu-gs:past_paper;pu-com:past_paper
pu-quantitative-reasoning-ch16-q49,quantitative-reasoning-b6-scenario-based-mental-mathematics-q49,Quantitative Reasoning,pu-quantitative-reasoning,16,b6-scenario-based-mental-mathematics,B6: Scenario Based/Mental Mathematics,topic,"The first, second and third class fares between two stations were 10:8:3 and the number of first, second and third class passengers between the two stations in the year was Rs. 8050. How much was realized by the sale of second class tickets?","2,800","3,600","3,200","3,000",,c,,medium,,pu-dogar,pu-e:past_paper;pu-m:past_paper;pu-ahs:past_paper;pu-csp:past_paper;pu-css:past_paper;pu-cse:past_paper;pu-gs:past_paper;pu-com:past_paper
pu-quantitative-reasoning-ch16-q50,quantitative-reasoning-b6-scenario-based-mental-mathematics-q50,Quantitative Reasoning,pu-quantitative-reasoning,16,b6-scenario-based-mental-mathematics,B6: Scenario Based/Mental Mathematics,topic,"In an examination 52% of the candidates failed in English, 42% failed in Mathematics, 17% failed in both. Find the percentage of those, who passed in both the subjects.",20%,30%,25%,23%,,a,,medium,,pu-dogar,pu-e:past_paper;pu-m:past_paper;pu-ahs:past_paper;pu-csp:past_paper;pu-css:past_paper;pu-cse:past_paper;pu-gs:past_paper;pu-com:past_paper
pu-quantitative-reasoning-ch16-q51,quantitative-reasoning-b6-scenario-based-mental-mathematics-q52,Quantitative Reasoning,pu-quantitative-reasoning,16,b6-scenario-based-mental-mathematics,B6: Scenario Based/Mental Mathematics,topic,A train travels a distance of 40 km per hour on an average with stoppages and without stoppages its speed is 50 km per hour. How much time on an average per hour it stops?,15 min,25 min,12 min,20 min,,c,,medium,,pu-dogar,pu-e:past_paper;pu-m:past_paper;pu-ahs:past_paper;pu-csp:past_paper;pu-css:past_paper;pu-cse:past_paper;pu-gs:past_paper;pu-com:past_paper
pu-quantitative-reasoning-ch16-q52,quantitative-reasoning-b6-scenario-based-mental-mathematics-q53,Quantitative Reasoning,pu-quantitative-reasoning,16,b6-scenario-based-mental-mathematics,B6: Scenario Based/Mental Mathematics,topic,A medical student has to secure 40% marks to pass. He gets 40 and fails by 40 marks. Find the max. marks.,200,150,225,175,,a,,medium,,pu-dogar,pu-e:past_paper;pu-m:past_paper;pu-ahs:past_paper;pu-csp:past_paper;pu-css:past_paper;pu-cse:past_paper;pu-gs:past_paper;pu-com:past_paper
pu-quantitative-reasoning-ch16-q53,quantitative-reasoning-b6-scenario-based-mental-mathematics-q54,Quantitative Reasoning,pu-quantitative-reasoning,16,b6-scenario-based-mental-mathematics,B6: Scenario Based/Mental Mathematics,topic,"A car passes city x at 9:55 a.m. and city y at 10:15 a.m., city x is 30 miles from city y. What is the average rate of car, in miles per hour?",60,90,120,100,,b,,medium,,pu-dogar,pu-e:past_paper;pu-m:past_paper;pu-ahs:past_paper;pu-csp:past_paper;pu-css:past_paper;pu-cse:past_paper;pu-gs:past_paper;pu-com:past_paper
pu-quantitative-reasoning-ch16-q54,quantitative-reasoning-b6-scenario-based-mental-mathematics-q55,Quantitative Reasoning,pu-quantitative-reasoning,16,b6-scenario-based-mental-mathematics,B6: Scenario Based/Mental Mathematics,topic,"The grades received on a test by 20 students were 100, 55, 75, 80, 65, 65, 85, 90, 80, 45, 40, 50, 85, 85, 85, 80, 80, 70, 65 and 60. The average of these grades is:",72,75,80,70,,a,,medium,,pu-dogar,pu-e:past_paper;pu-m:past_paper;pu-ahs:past_paper;pu-csp:past_paper;pu-css:past_paper;pu-cse:past_paper;pu-gs:past_paper;pu-com:past_paper
pu-quantitative-reasoning-ch16-q55,quantitative-reasoning-b6-scenario-based-mental-mathematics-q56,Quantitative Reasoning,pu-quantitative-reasoning,16,b6-scenario-based-mental-mathematics,B6: Scenario Based/Mental Mathematics,topic,"A man sells a horse for Rs. 800 and loses something. If he had sold it for Rs. 980, his gain would have been double the former loss. Find cost price.","Rs. 1,000",Rs. 750,Rs. 800,Rs. 860,,d,,medium,,pu-dogar,pu-e:past_paper;pu-m:past_paper;pu-ahs:past_paper;pu-csp:past_paper;pu-css:past_paper;pu-cse:past_paper;pu-gs:past_paper;pu-com:past_paper
pu-quantitative-reasoning-ch16-q56,quantitative-reasoning-b6-scenario-based-mental-mathematics-q57,Quantitative Reasoning,pu-quantitative-reasoning,16,b6-scenario-based-mental-mathematics,B6: Scenario Based/Mental Mathematics,topic,A sum of money put out at compound interest amounts in 2 years to Rs. 672 and in 3 years to Rs. 714. Find the rate of interest.,6%,5 1/4%,6 1/4%,5%,,c,,medium,,pu-dogar,pu-e:past_paper;pu-m:past_paper;pu-ahs:past_paper;pu-csp:past_paper;pu-css:past_paper;pu-cse:past_paper;pu-gs:past_paper;pu-com:past_paper
pu-quantitative-reasoning-ch16-q57,quantitative-reasoning-b6-scenario-based-mental-mathematics-q58,Quantitative Reasoning,pu-quantitative-reasoning,16,b6-scenario-based-mental-mathematics,B6: Scenario Based/Mental Mathematics,topic,"...his brother but 4 years older than his sister. If A's sister is 15, his mother's age is:",40,45,42,50,,d,"A's sister is 15, A is 15+4=19 years old. Given context, A's mother's age = 50.",medium,,pu-dogar,pu-e:past_paper;pu-m:past_paper;pu-ahs:past_paper;pu-csp:past_paper;pu-css:past_paper;pu-cse:past_paper;pu-gs:past_paper;pu-com:past_paper
pu-quantitative-reasoning-ch16-q58,quantitative-reasoning-b6-scenario-based-mental-mathematics-q60,Quantitative Reasoning,pu-quantitative-reasoning,16,b6-scenario-based-mental-mathematics,B6: Scenario Based/Mental Mathematics,topic,[Statement not visible],24%,20%,21%,23%,,c,,easy,[MANUAL:unresolvable] Statement not visible in scan — cannot determine the question.,pu-dogar,pu-e:past_paper;pu-m:past_paper;pu-ahs:past_paper;pu-csp:past_paper;pu-css:past_paper;pu-cse:past_paper;pu-gs:past_paper;pu-com:past_paper
pu-quantitative-reasoning-ch16-q59,quantitative-reasoning-b6-scenario-based-mental-mathematics-q61,Quantitative Reasoning,pu-quantitative-reasoning,16,b6-scenario-based-mental-mathematics,B6: Scenario Based/Mental Mathematics,topic,Two vessels contain milk and water mixed respectively in the ratio 3:1 and 5:3. Find the ratio in which these are to be mixed to get a new mixture in the ratio of milk and water2:1.,2:1,2:3,2:5,1:2,,a,,medium,,pu-dogar,pu-e:past_paper;pu-m:past_paper;pu-ahs:past_paper;pu-csp:past_paper;pu-css:past_paper;pu-cse:past_paper;pu-gs:past_paper;pu-com:past_paper
pu-quantitative-reasoning-ch16-q60,quantitative-reasoning-b6-scenario-based-mental-mathematics-q62,Quantitative Reasoning,pu-quantitative-reasoning,16,b6-scenario-based-mental-mathematics,B6: Scenario Based/Mental Mathematics,topic,"A man travelled a distance of 61 km in 9 hours, partly on foot at the rate of 4 km per hour and partly by bicycle at 9 km per hour. The distance travelled on foot is:",25 km,46 km,16 km,20 km,,c,,medium,,pu-dogar,pu-e:past_paper;pu-m:past_paper;pu-ahs:past_paper;pu-csp:past_paper;pu-css:past_paper;pu-cse:past_paper;pu-gs:past_paper;pu-com:past_paper
pu-quantitative-reasoning-ch16-q61,quantitative-reasoning-b6-scenario-based-mental-mathematics-q63,Quantitative Reasoning,pu-quantitative-reasoning,16,b6-scenario-based-mental-mathematics,B6: Scenario Based/Mental Mathematics,topic,"If 15 men can do a piece of work in 20 days, in how many days can 25 men finish the same work?",16,15,8,12,,d,,medium,,pu-dogar,pu-e:past_paper;pu-m:past_paper;pu-ahs:past_paper;pu-csp:past_paper;pu-css:past_paper;pu-cse:past_paper;pu-gs:past_paper;pu-com:past_paper
pu-quantitative-reasoning-ch16-q62,quantitative-reasoning-b6-scenario-based-mental-mathematics-q64,Quantitative Reasoning,pu-quantitative-reasoning,16,b6-scenario-based-mental-mathematics,B6: Scenario Based/Mental Mathematics,topic,"Adil estimates that he can paint a house in 5 days by using 6 men. If he actually uses only 5 men for the job, how many days will they take to paint the house?",6,5 1/2,5,6 1/2,,d,,medium,,pu-dogar,pu-e:past_paper;pu-m:past_paper;pu-ahs:past_paper;pu-csp:past_paper;pu-css:past_paper;pu-cse:past_paper;pu-gs:past_paper;pu-com:past_paper
pu-quantitative-reasoning-ch16-q63,quantitative-reasoning-b6-scenario-based-mental-mathematics-q65,Quantitative Reasoning,pu-quantitative-reasoning,16,b6-scenario-based-mental-mathematics,B6: Scenario Based/Mental Mathematics,topic,Find the fraction which becomes 1/2 when 1 is added to its denominator and 1/3 when 2 is subtracted from its numerator.,5/6,3/8,5/9,2/5,,c,,medium,,pu-dogar,pu-e:past_paper;pu-m:past_paper;pu-ahs:past_paper;pu-csp:past_paper;pu-css:past_paper;pu-cse:past_paper;pu-gs:past_paper;pu-com:past_paper
pu-quantitative-reasoning-ch16-q64,quantitative-reasoning-b6-scenario-based-mental-mathematics-q66,Quantitative Reasoning,pu-quantitative-reasoning,16,b6-scenario-based-mental-mathematics,B6: Scenario Based/Mental Mathematics,topic,"If a family of 9 persons spends Rs. 4800 in 8 months, how much will be spent by a family of 24 persons in 16 months?","Rs. 25,600","Rs. 25,000","Rs. 26,000","Rs. 26,600",,a,,medium,,pu-dogar,pu-e:past_paper;pu-m:past_paper;pu-ahs:past_paper;pu-csp:past_paper;pu-css:past_paper;pu-cse:past_paper;pu-gs:past_paper;pu-com:past_paper
pu-quantitative-reasoning-ch16-q65,quantitative-reasoning-b6-scenario-based-mental-mathematics-q67,Quantitative Reasoning,pu-quantitative-reasoning,16,b6-scenario-based-mental-mathematics,B6: Scenario Based/Mental Mathematics,topic,Men's white handkerchiefs cost Rs. 2.29 for 3. The cost per dozen handkerchiefs is:,Rs. 6.87,Rs. 9.16,Rs. 8.16,Rs. 13.75,,b,,medium,,pu-dogar,pu-e:past_paper;pu-m:past_paper;pu-ahs:past_paper;pu-csp:past_paper;pu-css:past_paper;pu-cse:past_paper;pu-gs:past_paper;pu-com:past_paper
pu-quantitative-reasoning-ch16-q66,quantitative-reasoning-b6-scenario-based-mental-mathematics-q68,Quantitative Reasoning,pu-quantitative-reasoning,16,b6-scenario-based-mental-mathematics,B6: Scenario Based/Mental Mathematics,topic,Sadia has m minutes of homework in each of her s subjects. What part of her homework does she complete in an hour?,60m/s,ms/60,60/ms,1/ms,,c,Total homework = m×s minutes. In 60 minutes she completes 60/(ms) of it.,medium,,pu-dogar,pu-e:past_paper;pu-m:past_paper;pu-ahs:past_paper;pu-csp:past_paper;pu-css:past_paper;pu-cse:past_paper;pu-gs:past_paper;pu-com:past_paper
pu-quantitative-reasoning-ch16-q67,quantitative-reasoning-b6-scenario-based-mental-mathematics-q69,Quantitative Reasoning,pu-quantitative-reasoning,16,b6-scenario-based-mental-mathematics,B6: Scenario Based/Mental Mathematics,topic,"The average marks obtained by 22 candidates in an examination is 45. The average of the first ten is 55, while that of the last eleven is 40. The marks obtained by the 11 candidates are:",0,4,3,9,,a,,medium,,pu-dogar,pu-e:past_paper;pu-m:past_paper;pu-ahs:past_paper;pu-csp:past_paper;pu-css:past_paper;pu-cse:past_paper;pu-gs:past_paper;pu-com:past_paper
pu-quantitative-reasoning-ch16-q68,quantitative-reasoning-b6-scenario-based-mental-mathematics-q70,Quantitative Reasoning,pu-quantitative-reasoning,16,b6-scenario-based-mental-mathematics,B6: Scenario Based/Mental Mathematics,topic,"Rs. 49 were divided among 150 children, each girl has 50 paisa and each boy 25 paisa. How many boys were there?",106,104,50,100,,b,,medium,,pu-dogar,pu-e:past_paper;pu-m:past_paper;pu-ahs:past_paper;pu-csp:past_paper;pu-css:past_paper;pu-cse:past_paper;pu-gs:past_paper;pu-com:past_paper
pu-physics-ch6-q1,physics-physics-q1,Physics,pu-physics,6,physics,Physics,topic,"A person sold 60 metres of cloth for Rs. 138, gaining thereby the cost of 9 metres. Find his gain per cent.",20%,15%,10%,25%,,b,,medium,,pu-dogar,pu-e:past_paper;pu-m:past_paper;pu-csp:past_paper
pu-physics-ch6-q2,physics-physics-q2,Physics,pu-physics,6,physics,Physics,topic,Find the cost of polishing the total surface of a prism 5 metres high on a square base with one side 1.5 metres at 40 paisa per square metre.,Rs. 13.80,Rs. 14.30,Rs. 17.40,Rs. 11.20,,a,,medium,,pu-dogar,pu-e:past_paper;pu-m:past_paper;pu-csp:past_paper
pu-physics-ch6-q3,physics-physics-q3,Physics,pu-physics,6,physics,Physics,topic,"If a light flashes every 6 seconds, how many times will it flash in 3/4 of an hour?",250,450,360,480,,b,,medium,,pu-dogar,pu-e:past_paper;pu-m:past_paper;pu-csp:past_paper
pu-physics-ch6-q4,physics-physics-q4,Physics,pu-physics,6,physics,Physics,topic,"A jar contains three parts of pure milk and one part of water. How much of the mixture must be drawn and water substituted, in order that the resulting mixture may be half milk and half water?",1/2 nd,1/5 th,1/3 rd,1/4 th,,c,,medium,,pu-dogar,pu-e:past_paper;pu-m:past_paper;pu-csp:past_paper
pu-physics-ch6-q5,physics-physics-q5,Physics,pu-physics,6,physics,Physics,topic,A plane travelling 600 miles per hour is 30 miles from Lahore Airport at 4:50 pm. At what time will it arrive at the airport?,5:01 PM,5:02 PM,5:00 PM,5:03 PM,,a,,medium,,pu-dogar,pu-e:past_paper;pu-m:past_paper;pu-csp:past_paper
pu-physics-ch6-q6,physics-physics-q6,Physics,pu-physics,6,physics,Physics,topic,A bag of chicken feed will feed 18 chickens for 54 days. How many days will it feed 12 chickens?,70,53,81,72,,c,,medium,,pu-dogar,pu-e:past_paper;pu-m:past_paper;pu-csp:past_paper
pu-physics-ch6-q7,physics-physics-q7,Physics,pu-physics,6,physics,Physics,topic,The average age of a group of 16 persons is 28 years and 3 months. Two persons each 58 years old left the group. The average age of the remaining persons is:,42,40,26,24,,d,,medium,,pu-dogar,pu-e:past_paper;pu-m:past_paper;pu-csp:past_paper
pu-physics-ch6-q8,physics-physics-q8,Physics,pu-physics,6,physics,Physics,topic,What is the smallest number which when added to 135 makes it a perfect square?,9,5,6,7,,a,,medium,,pu-dogar,pu-e:past_paper;pu-m:past_paper;pu-csp:past_paper
pu-physics-ch6-q9,physics-physics-q9,Physics,pu-physics,6,physics,Physics,topic,"If 9 men need 15 days to complete a task, how many days would it take to complete this task if 3 additional men were employed?",12,10,11 1/4,6,,c,,medium,,pu-dogar,pu-e:past_paper;pu-m:past_paper;pu-csp:past_paper
pu-physics-ch6-q10,physics-physics-q10,Physics,pu-physics,6,physics,Physics,topic,The average age of a class of 20 boys is 14.95 years. The average of the class is raised to 15 years by the coming of a new boy. How old is this boy?,14 years,18 years,15 years,16 years,,d,,medium,,pu-dogar,pu-e:past_paper;pu-m:past_paper;pu-csp:past_paper
pu-physics-ch6-q11,physics-physics-q11,Physics,pu-physics,6,physics,Physics,topic,"The value of a fraction is 2/5, If the numerator is decreased by 2 and the denominator increased by 1, the resulting fraction is equivalent to 1/4, Find the numerator of the original fraction.",6,10,12,4,,a,,medium,,pu-dogar,pu-e:past_paper;pu-m:past_paper;pu-csp:past_paper
pu-physics-ch7-q1,physics-work-energy-q1,Physics,pu-physics,7,work-energy,Work & Energy,topic,A projectile is thrown at an angle of 30° with horizontal with a velocity of 980 m sec^-1. The time of flight to reach the highest point of its trajectory is:,50 sec,100 sec,150 sec,250 sec,,a,Time to reach highest point = v·sin θ / g = 980×sin30° / 9.8 = 980×0.5 / 9.8 = 490/9.8 = 50 s.,hard,,pu-dogar,pu-e:past_paper;pu-m:past_paper;pu-csp:past_paper
pu-physics-ch7-q2,physics-work-energy-q2,Physics,pu-physics,7,work-energy,Work & Energy,topic,Work done along a closed path in a gravitational field is:,Maximum,Minimum,Zero,Unity,,c,"Gravitational force is conservative. Work done along any closed path in a conservative field is zero, as the net displacement is zero.",easy,,pu-dogar,pu-e:past_paper;pu-m:past_paper;pu-csp:past_paper
pu-physics-ch7-q3,physics-work-energy-q3,Physics,pu-physics,7,work-energy,Work & Energy,topic,Tick the conservative force:,Tension in a string,Air resistance,Elastic spring force,Frictional force,,c,"Elastic spring force is conservative — energy stored during compression/extension is fully recoverable. Tension, air resistance, and friction are non-conservative.",easy,,pu-dogar,pu-e:past_paper;pu-m:past_paper;pu-csp:past_paper
pu-physics-ch7-q4,physics-work-energy-q4,Physics,pu-physics,7,work-energy,Work & Energy,topic,A body of weight 1 N has a kinetic energy of 1 Joule when its speed is:,1.46 m sec^-1,2.44 m sec^-1,3.42 m sec^-1,4.43 m sec^-1,,d,Weight=1N → m=1/9.8 kg. KE=½mv² → v=√(2KE/m)=√(2×1/(1/9.8))=√(2×9.8)=√19.6≈4.43 m/s.,hard,,pu-dogar,pu-e:past_paper;pu-m:past_paper;pu-csp:past_paper
pu-physics-ch7-q5,physics-work-energy-q5,Physics,pu-physics,7,work-energy,Work & Energy,topic,When two protons are brought closer potential energy of both of them:,Increases,Decreases,Remains same,None of these,,a,Two protons carry like charges. Bringing them closer increases the electrostatic potential energy (PE = kq₁q₂/r; r decreases → PE increases).,easy,,pu-dogar,pu-e:past_paper;pu-m:past_paper;pu-csp:past_paper
pu-physics-ch7-q6,physics-work-energy-q6,Physics,pu-physics,7,work-energy,Work & Energy,topic,The velocity given to a body to go out of the influence of Earth's gravity is known as:,Terminal velocity,Orbital velocity,Escape velocity,None of these,,c,Escape velocity is the minimum speed needed to escape a planet's gravitational field without further propulsion. For Earth it is ≈11.2 km/s.,hard,,pu-dogar,pu-e:past_paper;pu-m:past_paper;pu-csp:past_paper
pu-physics-ch7-q7,physics-work-energy-q7,Physics,pu-physics,7,work-energy,Work & Energy,topic,One KWh is equal to:,3.6 * 10^2 J,3.6 KJ,3.6 * 10^1 KJ,3.6 MJ,,d,1 kWh = 1000 W × 3600 s = 3.6×10⁶ J = 3.6 MJ.,hard,,pu-dogar,pu-e:past_paper;pu-m:past_paper;pu-csp:past_paper
pu-physics-ch7-q8,physics-work-energy-q8,Physics,pu-physics,7,work-energy,Work & Energy,topic,The consumption of energy by a 1000 watt heater in half an hour is:,5 Kwh,0.5 Kwh,2.5 Kwh,3.2 Kwh,,b,Energy = Power × Time = 1000 W × 0.5 h = 500 Wh = 0.5 kWh.,easy,,pu-dogar,pu-e:past_paper;pu-m:past_paper;pu-csp:past_paper
pu-physics-ch7-q9,physics-work-energy-q9,Physics,pu-physics,7,work-energy,Work & Energy,topic,Biomass includes:,Crop residue,Natural vegetation,Animal dung,All of these,,d,"Biomass energy sources include crop residue, natural vegetation, animal dung, and other organic materials that can be burned or converted to biogas.",easy,,pu-dogar,pu-e:past_paper;pu-m:past_paper;pu-csp:past_paper
pu-physics-ch7-q10,physics-work-energy-q10,Physics,pu-physics,7,work-energy,Work & Energy,topic,Root out the conventional source of energy:,Energy from biomass,Hydroelectric energy,Geothermal energy,None of these,,d,"Biomass, hydroelectric, and geothermal energy are all non-conventional (renewable) sources. Conventional sources are fossil fuels (coal, oil, gas). None of the options a/b/c are conventional.",easy,,pu-dogar,pu-e:past_paper;pu-m:past_paper;pu-csp:past_paper
pu-physics-ch7-q11,physics-work-energy-q11,Physics,pu-physics,7,work-energy,Work & Energy,topic,Ethanol (alcohol) is a type of:,Electric fuel,Bio fuel,Nuclear fuel,None of these,,b,"Ethanol (alcohol) is produced by fermentation of organic matter (sugarcane, corn, etc.) and is classified as a biofuel.",easy,,pu-dogar,pu-e:past_paper;pu-m:past_paper;pu-csp:past_paper
pu-physics-ch7-q12,physics-work-energy-q12,Physics,pu-physics,7,work-energy,Work & Energy,topic,Conventionally the angular velocity is directed at an angle of:,90° to the axis of rotation,30° to the axis of rotation,0° to the axis of rotation,None of the above,,c,"Angular velocity is a vector directed along the axis of rotation (at 0° to the axis), by the right-hand rule. It is perpendicular to the plane of rotation, not to the axis.",hard,,pu-dogar,pu-e:past_paper;pu-m:past_paper;pu-csp:past_paper
pu-physics-ch7-q13,physics-work-energy-q13,Physics,pu-physics,7,work-energy,Work & Energy,topic,If a toy car moves with a uniform speed of 2 m/sec in a circle of 0.4 m radius. His angular velocity in rev/sec is:,10 pi,0.8,0.2 pi,None,,b,ω = v/r = 2/0.4 = 5 rad/s. In rev/s = 5/(2π) ≈ 0.796 ≈ 0.8 rev/s.,hard,,pu-dogar,pu-e:past_paper;pu-m:past_paper;pu-csp:past_paper
pu-physics-ch7-q14,physics-work-energy-q14,Physics,pu-physics,7,work-energy,Work & Energy,topic,Thirty-six degrees is equal to:,pi/5,pi/8,pi/12,pi/6,,a,36° × (π/180°) = 36π/180 = π/5 radians.,easy,,pu-dogar,pu-e:past_paper;pu-m:past_paper;pu-csp:past_paper
pu-physics-ch7-q15,physics-work-energy-q15,Physics,pu-physics,7,work-energy,Work & Energy,topic,"The relation between tau, I and alpha is as follows:",tau = I^2 * alpha,alpha = tau * I,I = alpha * tau,tau = I * alpha,,d,Newton's second law for rotation: τ (torque) = I (moment of inertia) × α (angular acceleration). This is the rotational analogue of F=ma.,hard,,pu-dogar,pu-e:past_paper;pu-m:past_paper;pu-csp:past_paper
pu-physics-ch7-q16,physics-work-energy-q16,Physics,pu-physics,7,work-energy,Work & Energy,topic,"If a gymnast sitting on a rotating stool with his arms outstretched, brings his arms towards the chest, then its angular velocity will:",Increase,Decrease,Remain constant,None of these,,a,"When arms are pulled in, moment of inertia I decreases. By conservation of angular momentum (L=Iω = constant), angular velocity ω increases.",hard,,pu-dogar,pu-e:past_paper;pu-m:past_paper;pu-csp:past_paper
pu-physics-ch7-q17,physics-work-energy-q17,Physics,pu-physics,7,work-energy,Work & Energy,topic,The net force acting on a 100 kg man standing in an elevator accelerating downward with a = 9.8 m sec^-2 comes out to be:,980 N,580 N,1380 N,Zero,,d,"When elevator accelerates downward at a=g=9.8 m/s², the man is in free fall. Net force = m(g−a) = 100(9.8−9.8) = 0 N. He experiences weightlessness.",hard,,pu-dogar,pu-e:past_paper;pu-m:past_paper;pu-csp:past_paper
pu-physics-ch7-q18,physics-work-energy-q18,Physics,pu-physics,7,work-energy,Work & Energy,topic,A ball tied at one end of the string is swung in a vertical circle of radius r under action of gravity. The net force towards centre at the top most point is:,T - W,T + W,W - T,None of these,,b,"At the topmost point, both tension T and weight W point downward (toward the centre). Net centripetal force = T + W.",medium,,pu-dogar,pu-e:past_paper;pu-m:past_paper;pu-csp:past_paper
pu-physics-ch7-q19,physics-work-energy-q19,Physics,pu-physics,7,work-energy,Work & Energy,topic,"The number of ""Earth stations"" which transmit signals to satellites and receive signals from them are:",3,24,126,200,,a,"A minimum of 3 geostationary Earth stations are required to cover the entire globe (except polar regions), each separated by 120°.",medium,,pu-dogar,pu-e:past_paper;pu-m:past_paper;pu-csp:past_paper
pu-physics-ch8-q1,physics-physical-optics-q1,Physics,pu-physics,8,physical-optics,PHYSICAL OPTICS,topic,"If the atmospheric pressure is doubled, the speed of sound:",Increases by 61 cm sec^-1,Decreases by 61 cm sec^-1,Remains constant,None of these,,c,"Speed of sound in a gas depends on temperature (v=√(γRT/M)), not on pressure. Doubling pressure at constant temperature doesn't change the speed.",hard,,pu-dogar,pu-e:past_paper;pu-m:past_paper;pu-csp:past_paper
pu-physics-ch8-q2,physics-physical-optics-q2,Physics,pu-physics,8,physical-optics,PHYSICAL OPTICS,topic,"Two identical tuning forks vibrate at 256 c/sec. After loading one of them, 6 beats /sec are heard when forks are sounded together. The period of the loaded fork is:",2 * 10^-3 sec,3 * 10^-3 sec,4 * 10^-3 sec,0.006 sec,,c,Loading slows the fork: f_loaded = 256−6 = 250 Hz. Period T = 1/f = 1/250 = 0.004 s = 4×10⁻³ s.,hard,,pu-dogar,pu-e:past_paper;pu-m:past_paper;pu-csp:past_paper
pu-physics-ch9-q1,physics-current-electricity-q1,Physics,pu-physics,9,current-electricity,CURRENT ELECTRICITY,topic,Michael Faraday is known by his work on:,Nuclear strong force,Gravitational force,Nuclear weak force,Electric force,None of these,d,"Michael Faraday is renowned for his work on electromagnetic induction and electrostatic/electric forces, including Faraday's laws of electrolysis and electromagnetic induction.",easy,,pu-dogar,pu-e:past_paper;pu-m:past_paper;pu-csp:past_paper
pu-physics-ch9-q2,physics-current-electricity-q2,Physics,pu-physics,9,current-electricity,CURRENT ELECTRICITY,topic,There are two charges of 1 uC and 5 uC placed at certain distance. The ratio of the forces acting on each other will be:,1:5,1:1,5:1,1:25,None of these,b,"By Newton's third law (and Coulomb's law), the forces that two charges exert on each other are equal in magnitude. Ratio = 1:1.",medium,,pu-dogar,pu-e:past_paper;pu-m:past_paper;pu-csp:past_paper
pu-physics-ch9-q3,physics-current-electricity-q3,Physics,pu-physics,9,current-electricity,CURRENT ELECTRICITY,topic,Electric field strength is defined as:,Work done on unit charge,Force exerted on unit charge,Distance covered by unit charge,Power exerted by unit charge,None of these,b,Electric field strength E is defined as the force F exerted on a positive test charge q₀ per unit charge: E = F/q₀.,easy,,pu-dogar,pu-e:past_paper;pu-m:past_paper;pu-csp:past_paper
pu-physics-ch9-q4,physics-current-electricity-q4,Physics,pu-physics,9,current-electricity,CURRENT ELECTRICITY,topic,Electric intensity at a place due to a charged conductor is a:,Scalar quantity,Vector quantity,Semi-vector and semi-scalar,Dimensionless quantity,Both (A) and (D) are true,b,"Electric field intensity has both magnitude and direction (it points in the direction of force on a positive test charge), so it is a vector quantity.",hard,,pu-dogar,pu-e:past_paper;pu-m:past_paper;pu-csp:past_paper
pu-physics-ch9-q5,physics-current-electricity-q5,Physics,pu-physics,9,current-electricity,CURRENT ELECTRICITY,topic,The intensity at a point due to a charge is inversely proportional to:,Amount of charge,Size of the charge,Distance between charge and the point,Square of the distance from the charge,None of these,d,Electric field intensity E = kQ/r². It is inversely proportional to the square of the distance from the charge.,medium,,pu-dogar,pu-e:past_paper;pu-m:past_paper;pu-csp:past_paper
pu-physics-ch9-q6,physics-current-electricity-q6,Physics,pu-physics,9,current-electricity,CURRENT ELECTRICITY,topic,The SI unit of charge is:,Ampere,Watt,Coulomb,Volt,Joule,c,"The SI unit of electric charge is the coulomb (C), named after Charles-Augustin de Coulomb.",easy,,pu-dogar,pu-e:past_paper;pu-m:past_paper;pu-csp:past_paper
pu-physics-ch9-q7,physics-current-electricity-q7,Physics,pu-physics,9,current-electricity,CURRENT ELECTRICITY,topic,The electric field lines start from:,Positive charge,Negative charge,Either (A) or (B),Neutron,An atom,a,Electric field lines originate (start) from positive charges and terminate at negative charges.,easy,,pu-dogar,pu-e:past_paper;pu-m:past_paper;pu-csp:past_paper
pu-physics-ch9-q8,physics-current-electricity-q8,Physics,pu-physics,9,current-electricity,CURRENT ELECTRICITY,topic,Electric lines of force:,Intersect each other,Are always parallel,Are always anti-parallel,Never intersect,None of these,d,"Electric field lines never intersect each other. If they did, it would imply two different field directions at the same point, which is impossible.",easy,,pu-dogar,pu-e:past_paper;pu-m:past_paper;pu-csp:past_paper
pu-physics-ch9-q9,physics-current-electricity-q9,Physics,pu-physics,9,current-electricity,CURRENT ELECTRICITY,topic,"If a field force of 1N acts on a test charge of 1 uC, then the strength of electric field at that point is:",1 N/C,1 N/uC,10^7 N/C,10^6 N/C,Both (A) and (D),d,E = F/q = 1 N / (1×10⁻⁶ C) = 10⁶ N/C.,hard,,pu-dogar,pu-e:past_paper;pu-m:past_paper;pu-csp:past_paper
pu-physics-ch9-q10,physics-current-electricity-q10,Physics,pu-physics,9,current-electricity,CURRENT ELECTRICITY,topic,Most practical applications of electricity involve:,Charges at rest,Charges in motion,Electrons at rest,Atoms in motion,Molecules in motion,b,"Most practical applications of electricity (motors, heaters, lights) involve charges in motion — that is, electric current.",easy,,pu-dogar,pu-e:past_paper;pu-m:past_paper;pu-csp:past_paper
pu-physics-ch9-q11,physics-current-electricity-q11,Physics,pu-physics,9,current-electricity,CURRENT ELECTRICITY,topic,The current that flows through the coil of a motor causes:,Its shaft to revolve,Its brushes to rotate,Motor to move,Its shaft to rotate,None of these,d,"The current flowing through the coil of a motor interacts with the magnetic field to produce a torque, causing the motor's shaft to rotate.",easy,,pu-dogar,pu-e:past_paper;pu-m:past_paper;pu-csp:past_paper
pu-physics-ch9-q12,physics-current-electricity-q12,Physics,pu-physics,9,current-electricity,CURRENT ELECTRICITY,topic,SI unit of current describes the flow of charge at the rate of:,One ampere per second,One coulomb per second,One electron per second,6.25 * 10^18 electrons per second,Both (B) and (D),e,1 ampere = 1 coulomb per second (definition) = 6.25×10¹⁸ electrons per second (since 1 C = 6.25×10¹⁸ elementary charges). Both b and d are correct.,hard,,pu-dogar,pu-e:past_paper;pu-m:past_paper;pu-csp:past_paper
pu-physics-ch9-q13,physics-current-electricity-q13,Physics,pu-physics,9,current-electricity,CURRENT ELECTRICITY,topic,"In case of metallic conductors, the charge carriers are:",Protons,Electrons,Antiprotons,Positrons,Both (A) and (B),b,"In metallic conductors, free electrons are the charge carriers. They move through the metal lattice when a potential difference is applied.",easy,,pu-dogar,pu-e:past_paper;pu-m:past_paper;pu-csp:past_paper
pu-physics-ch9-q14,physics-current-electricity-q14,Physics,pu-physics,9,current-electricity,CURRENT ELECTRICITY,topic,The charge carriers in an electrolyte are:,Positive ions,Negative ions,Either (A) or (B),Both (A) and (B),Neither (A) nor (B),d,"In an electrolyte, both positive ions (cations) and negative ions (anions) act as charge carriers, moving in opposite directions.",easy,,pu-dogar,pu-e:past_paper;pu-m:past_paper;pu-csp:past_paper
pu-physics-ch9-q15,physics-current-electricity-q15,Physics,pu-physics,9,current-electricity,CURRENT ELECTRICITY,topic,"In gases, the charge carriers are:",Electrons,Positive ions,Negative ions,Both (A) and (C),Both (A) and (B),e,"In ionised gases (plasma), both electrons and positive ions are charge carriers. Electrons move toward the anode; positive ions move toward the cathode.",easy,,pu-dogar,pu-e:past_paper;pu-m:past_paper;pu-csp:past_paper
pu-physics-ch9-q16,physics-current-electricity-q16,Physics,pu-physics,9,current-electricity,CURRENT ELECTRICITY,topic,The conventional current is the name given to current due to flow of:,Positrons,Positive charges,Negative charges,Both (A) and (C),None of these,b,Conventional current is defined as the direction in which positive charges flow (from + to − terminal). This is opposite to the actual electron flow direction.,easy,,pu-dogar,pu-e:past_paper;pu-m:past_paper;pu-csp:past_paper
pu-physics-ch10-q1,physics-electromagnetic-induction-q1,Physics,pu-physics,10,electromagnetic-induction,Electromagnetic Induction,topic,The strength of magnetic field around a straight conductor:,Is same every where around the conductor,Obeys inverse square law,Is directly proportional to the square of distance from the conductor,All are true,None of these,e,"The magnetic field around a straight conductor follows B = μ₀I/(2πr), inversely proportional to distance r (not r²). None of options a–d correctly describes this.",easy,,pu-dogar,pu-e:past_paper;pu-m:past_paper;pu-csp:past_paper
pu-physics-ch10-q2,physics-electromagnetic-induction-q2,Physics,pu-physics,10,electromagnetic-induction,Electromagnetic Induction,topic,A current is passed through a straight wire. The magnetic field established around it has its lines of force:,Circular and endless,Oval in shape and endless,Straight,Parabolic,All are true,a,Magnetic field lines around a straight current-carrying conductor form concentric circles (circular and endless) around the wire.,medium,,pu-dogar,pu-e:past_paper;pu-m:past_paper;pu-csp:past_paper
pu-physics-ch10-q3,physics-electromagnetic-induction-q3,Physics,pu-physics,10,electromagnetic-induction,Electromagnetic Induction,topic,"If current carrying conductor is placed perpendicular to the magnetic field, it will experience a force:",Zero,ILB cos alpha,ILB,Both (A) and (B),Both (B) and (C),c,"When a current-carrying conductor is perpendicular to B, the force is maximum: F = BIL (= BIL·sin90° = BIL).",medium,,pu-dogar,pu-e:past_paper;pu-m:past_paper;pu-csp:past_paper
pu-physics-ch10-q4,physics-electromagnetic-induction-q4,Physics,pu-physics,10,electromagnetic-induction,Electromagnetic Induction,topic,The direction of force experienced by a current carrying conductor placed in a magnetic field B is found by:,Dot product at L and B,Cross product of L and B,Right hand rule,Both (B) and (C),Both (A) and (C),d,The force on a current-carrying conductor is F = I(L × B) — given by the cross product of L and B — and its direction is found by the right-hand rule. Both b and c are correct.,medium,,pu-dogar,pu-e:past_paper;pu-m:past_paper;pu-csp:past_paper
pu-physics-ch10-q5,physics-electromagnetic-induction-q5,Physics,pu-physics,10,electromagnetic-induction,Electromagnetic Induction,topic,"If A is vector area and B is the magnetic field, the magnetic flux is mathematically defined as:",A . B,A x B,B . A,Both (A) and (C),,d,Magnetic flux Φ = A·B (dot product) = B·A — multiplication is commutative for dot products. Both a (A·B) and c (B·A) are equivalent and correct.,hard,,pu-dogar,pu-e:past_paper;pu-m:past_paper;pu-csp:past_paper
pu-physics-ch10-q6,physics-electromagnetic-induction-q6,Physics,pu-physics,10,electromagnetic-induction,Electromagnetic Induction,topic,Vector area A is a vector whose direction:,Is along the surface element,Perpendicular to surface element,At an angle 60° to the surface element,Depends upon the direction of magnetic field,None of these,b,The vector area A is defined as a vector whose magnitude equals the area and whose direction is perpendicular (normal) to the surface element.,hard,,pu-dogar,pu-e:past_paper;pu-m:past_paper;pu-csp:past_paper
pu-physics-ch10-q7,physics-electromagnetic-induction-q7,Physics,pu-physics,10,electromagnetic-induction,Electromagnetic Induction,topic,"If the field is directed along the normal to the area, then flux is:",Maximum,Equal to zero,Equal to BA,Minimum,Both (A) and (C),e,"When B is directed along the normal to the area, Φ = BA·cos0° = BA (maximum). Both 'maximum' (a) and 'equal to BA' (c) are correct.",easy,,pu-dogar,pu-e:past_paper;pu-m:past_paper;pu-csp:past_paper
pu-physics-ch10-q8,physics-electromagnetic-induction-q8,Physics,pu-physics,10,electromagnetic-induction,Electromagnetic Induction,topic,The unit of magnetic induction B is:,Weber,Web m^-2,Newton/amp. metre,Newton/metre,None of these,b,"The SI unit of magnetic induction B is the Tesla (T) = Weber per square metre (Wb/m²). It can also be expressed as N/(A·m), but Wb/m² is the standard unit name.",hard,,pu-dogar,pu-e:past_paper;pu-m:past_paper;pu-csp:past_paper
pu-physics-ch10-q9,physics-electromagnetic-induction-q9,Physics,pu-physics,10,electromagnetic-induction,Electromagnetic Induction,topic,Magnetic induction is defined as flux per unit area of the surface which is:,Parallel to B,Perpendicular to B,At an angle 60° to B,Any of A or B,Both (A) and (C),b,"Magnetic induction B = Φ/A, where A is the surface area perpendicular to B. The surface must be perpendicular to the field for this definition.",medium,,pu-dogar,pu-e:past_paper;pu-m:past_paper;pu-csp:past_paper
pu-physics-ch10-q10,physics-electromagnetic-induction-q10,Physics,pu-physics,10,electromagnetic-induction,Electromagnetic Induction,topic,The current produced by moving a loop of wire across a magnetic field is called:,Direct current,Magnetic current,Alternating current,Induced current,None of these,d,"Moving a loop of wire across a magnetic field induces an EMF by Faraday's law, producing an induced current.",medium,,pu-dogar,pu-e:past_paper;pu-m:past_paper;pu-csp:past_paper
pu-physics-ch10-q11,physics-electromagnetic-induction-q11,Physics,pu-physics,10,electromagnetic-induction,Electromagnetic Induction,topic,An emf is set up in a conductor when it:,Is kept in a magnetic field,Is kept in an electric field,Moves across a magnetic field,Both (A) and (B),None of these,c,"An EMF (and thus a current) is induced in a conductor when it moves across (cuts through) a magnetic field, changing the flux linkage.",easy,,pu-dogar,pu-e:past_paper;pu-m:past_paper;pu-csp:past_paper
pu-physics-ch10-q12,physics-electromagnetic-induction-q12,Physics,pu-physics,10,electromagnetic-induction,Electromagnetic Induction,topic,An induced current can be produced by:,Constant magnetic field,Changing magnetic field,Varying electric field,Constant electric field,None of these,b,"By Faraday's law, an induced current is produced whenever the magnetic flux through a circuit changes — i.e., by a changing magnetic field.",easy,,pu-dogar,pu-e:past_paper;pu-m:past_paper;pu-csp:past_paper
pu-physics-ch10-q13,physics-electromagnetic-induction-q13,Physics,pu-physics,10,electromagnetic-induction,Electromagnetic Induction,topic,The phenomenon of generation of induced emf is called:,Electrostatic induction,Magnetic induction,Electromagnetic induction,Electric induction,Both (A) and (D),c,The phenomenon in which a changing magnetic field generates an induced EMF in a conductor is called electromagnetic induction (discovered by Faraday).,easy,,pu-dogar,pu-e:past_paper;pu-m:past_paper;pu-csp:past_paper
pu-physics-ch10-q14,physics-electromagnetic-induction-q14,Physics,pu-physics,10,electromagnetic-induction,Electromagnetic Induction,topic,The induced current in a conductor depends upon:,Resistance of the loop,Speed with which the conductor moves,Any of these,Both (A) and (B),None of these,d,"Induced EMF depends on the rate of flux change (speed of conductor). Induced current = EMF/R, so it also depends on resistance. Both a and b are correct.",easy,,pu-dogar,pu-e:past_paper;pu-m:past_paper;pu-csp:past_paper
pu-physics-ch11-q1,physics-electronics-dawn-of-modern-physics-q1,Physics,pu-physics,11,electronics-dawn-of-modern-physics,Electronics / Dawn of Modern Physics,topic,"In crystalline solids, atoms are held about their equilibrium positions depending upon the strength of:",Adhesive forces,Nuclear forces,Inter atomic cohesive force,Electromagnetic force,None of these,c,"In crystalline solids, atoms are held in equilibrium by inter-atomic cohesive forces (a combination of attractive and repulsive electrostatic forces between atoms).",medium,,pu-dogar,pu-e:past_paper;pu-m:past_paper;pu-csp:past_paper
pu-physics-ch11-q2,physics-electronics-dawn-of-modern-physics-q2,Physics,pu-physics,11,electronics-dawn-of-modern-physics,Electronics / Dawn of Modern Physics,topic,The smallest three dimensional basic structure is called:,An atom,Unit cell,Crystal lattice,Polymer,None of these,b,"The unit cell is the smallest repeating three-dimensional structural unit that, when stacked, generates the crystal lattice.",hard,,pu-dogar,pu-e:past_paper;pu-m:past_paper;pu-csp:past_paper
pu-physics-ch11-q3,physics-electronics-dawn-of-modern-physics-q3,Physics,pu-physics,11,electronics-dawn-of-modern-physics,Electronics / Dawn of Modern Physics,topic,Computer chips are made from:,Iron,Silicon,Helium,Strontium,Aluminium,b,"Computer chips (integrated circuits) are made from silicon, a semiconductor material that can be precisely doped to control electrical conductivity.",easy,,pu-dogar,pu-e:past_paper;pu-m:past_paper;pu-csp:past_paper
pu-physics-ch11-q4,physics-electronics-dawn-of-modern-physics-q4,Physics,pu-physics,11,electronics-dawn-of-modern-physics,Electronics / Dawn of Modern Physics,topic,Silicon is one of the most commonly used:,Conductor,Dielectric,Insulator,Semiconductor,Both (B) and (C),d,"Silicon is a semiconductor — its electrical conductivity lies between conductors and insulators, making it ideal for electronic devices.",easy,,pu-dogar,pu-e:past_paper;pu-m:past_paper;pu-csp:past_paper
pu-physics-ch11-q5,physics-electronics-dawn-of-modern-physics-q5,Physics,pu-physics,11,electronics-dawn-of-modern-physics,Electronics / Dawn of Modern Physics,topic,The huge advances in electronics over the recent past are due to discovery and use of:,Conductors,Insulators,Semiconductors,Iron,Heavy water,c,"The discovery and use of semiconductors (transistors, integrated circuits) revolutionised electronics, enabling miniaturisation and the digital age.",medium,,pu-dogar,pu-e:past_paper;pu-m:past_paper;pu-csp:past_paper
pu-physics-ch11-q6,physics-electronics-dawn-of-modern-physics-q6,Physics,pu-physics,11,electronics-dawn-of-modern-physics,Electronics / Dawn of Modern Physics,topic,The use of chips in electrons is described in the form of:,Yellow boxes,Black boxes,Red boxes,White boxes,Orange boxes,b,"In electronics, integrated circuit chips are often described as 'black boxes' — their internal workings are hidden; only inputs/outputs matter.",easy,,pu-dogar,pu-e:past_paper;pu-m:past_paper;pu-csp:past_paper
pu-physics-ch11-q7,physics-electronics-dawn-of-modern-physics-q7,Physics,pu-physics,11,electronics-dawn-of-modern-physics,Electronics / Dawn of Modern Physics,topic,Crystal of germanium or silicon in its pure form at absolute zero acts as:,A conductor,A semiconductor,An insulator,Both (A) and (C),Both (A) and (B),c,"At absolute zero (0 K), all electrons in pure silicon or germanium are in the valence band (no thermal energy to jump the gap), so it acts as a perfect insulator.",medium,,pu-dogar,pu-e:past_paper;pu-m:past_paper;pu-csp:past_paper
pu-physics-ch11-q8,physics-electronics-dawn-of-modern-physics-q8,Physics,pu-physics,11,electronics-dawn-of-modern-physics,Electronics / Dawn of Modern Physics,topic,"At room temperature, crystal of germanium, in its pure form, act as:",A conductor,A semiconductor,An insulator,Both (A) and (C),None of these,b,"At room temperature, germanium has enough thermal energy for some electrons to cross its relatively small band gap (~0.67 eV), making it a semiconductor.",easy,,pu-dogar,pu-e:past_paper;pu-m:past_paper;pu-csp:past_paper
pu-physics-ch11-q9,physics-electronics-dawn-of-modern-physics-q9,Physics,pu-physics,11,electronics-dawn-of-modern-physics,Electronics / Dawn of Modern Physics,topic,Atomic number of germanium atom and number of valence electrons in it are respectively:,"32, 4","4, 32","14, 4","22, 3","4, 14",a,"Germanium (Ge) has atomic number 32 and is in Group 14 of the periodic table, giving it 4 valence electrons — same as silicon.",medium,,pu-dogar,pu-e:past_paper;pu-m:past_paper;pu-csp:past_paper
pu-computer-science-ch2-q12,computer-science-basic-concepts-of-information-technology-q11,Computer Science,pu-computer-science,2,basic-concepts-of-information-technology,BASIC CONCEPTS OF INFORMATION TECHNOLOGY,topic,___ is secondary storage device.,Hard disk drive,CD-ROM drive,Tape drive,All,,d,,easy,,pu-dogar,pu-csp:past_paper;pu-css:past_paper;pu-cse:past_paper
pu-computer-science-ch2-q13,computer-science-basic-concepts-of-information-technology-q13,Computer Science,pu-computer-science,2,basic-concepts-of-information-technology,BASIC CONCEPTS OF INFORMATION TECHNOLOGY,topic,___ is input device.,Keyboard,Touchpad,Microphone,All,,d,,easy,,pu-dogar,pu-csp:past_paper;pu-css:past_paper;pu-cse:past_paper
pu-computer-science-ch2-q14,computer-science-basic-concepts-of-information-technology-q14,Computer Science,pu-computer-science,2,basic-concepts-of-information-technology,BASIC CONCEPTS OF INFORMATION TECHNOLOGY,topic,___ is not an example of input device.,Speaker,Scanner,Mouse,Digital camera,,a,,easy,,pu-dogar,pu-csp:past_paper;pu-css:past_paper;pu-cse:past_paper
pu-computer-science-ch2-q15,computer-science-basic-concepts-of-information-technology-q15,Computer Science,pu-computer-science,2,basic-concepts-of-information-technology,BASIC CONCEPTS OF INFORMATION TECHNOLOGY,topic,___ key is used to change lowercase letters mode to uppercase and vice versa.,Alt,Enter,Ctrl,Caps Lock,,d,,medium,,pu-dogar,pu-csp:past_paper;pu-css:past_paper;pu-cse:past_paper
pu-computer-science-ch2-q16,computer-science-basic-concepts-of-information-technology-q16,Computer Science,pu-computer-science,2,basic-concepts-of-information-technology,BASIC CONCEPTS OF INFORMATION TECHNOLOGY,topic,Computer is a combination of:,Software,Hardware,Both (a) and (b),None,,c,,easy,,pu-dogar,pu-csp:past_paper;pu-css:past_paper;pu-cse:past_paper
pu-computer-science-ch2-q17,computer-science-basic-concepts-of-information-technology-q17,Computer Science,pu-computer-science,2,basic-concepts-of-information-technology,BASIC CONCEPTS OF INFORMATION TECHNOLOGY,topic,___ is not a hardware component.,Input device,Secondary storage,Processor,Operating system,,d,,easy,,pu-dogar,pu-csp:past_paper;pu-css:past_paper;pu-cse:past_paper
pu-computer-science-ch2-q18,computer-science-basic-concepts-of-information-technology-q18,Computer Science,pu-computer-science,2,basic-concepts-of-information-technology,BASIC CONCEPTS OF INFORMATION TECHNOLOGY,topic,Another name of main memory is:,Secondary memory,Primary storage,Permanent memory,None,,b,,easy,,pu-dogar,pu-csp:past_paper;pu-css:past_paper;pu-cse:past_paper
pu-computer-science-ch2-q19,computer-science-basic-concepts-of-information-technology-q19,Computer Science,pu-computer-science,2,basic-concepts-of-information-technology,BASIC CONCEPTS OF INFORMATION TECHNOLOGY,topic,A set of instructions in a computer is:,Software,Program,Hardware,Both (a) and (b),,d,,easy,,pu-dogar,pu-csp:past_paper;pu-css:past_paper;pu-cse:past_paper
pu-computer-science-ch2-q20,computer-science-basic-concepts-of-information-technology-q20,Computer Science,pu-computer-science,2,basic-concepts-of-information-technology,BASIC CONCEPTS OF INFORMATION TECHNOLOGY,topic,A program or set of programs that is specially designed to control the computer system is called:,System Software,Application Software,Freeware,Shareware,,a,,medium,,pu-dogar,pu-csp:past_paper;pu-css:past_paper;pu-cse:past_paper
pu-computer-science-ch2-q21,computer-science-basic-concepts-of-information-technology-q21,Computer Science,pu-computer-science,2,basic-concepts-of-information-technology,BASIC CONCEPTS OF INFORMATION TECHNOLOGY,topic,___ key is used to cancel the current operation.,Alt,Caps Lock,Esc,Num Lock,,c,,easy,,pu-dogar,pu-csp:past_paper;pu-css:past_paper;pu-cse:past_paper
pu-computer-science-ch2-q22,computer-science-basic-concepts-of-information-technology-q22,Computer Science,pu-computer-science,2,basic-concepts-of-information-technology,BASIC CONCEPTS OF INFORMATION TECHNOLOGY,topic,Arrow keys are also known as:,Function keys,Cursor Control keys,Toggle keys,Special keys,,b,,easy,,pu-dogar,pu-csp:past_paper;pu-css:past_paper;pu-cse:past_paper
pu-computer-science-ch2-q23,computer-science-basic-concepts-of-information-technology-q23,Computer Science,pu-computer-science,2,basic-concepts-of-information-technology,BASIC CONCEPTS OF INFORMATION TECHNOLOGY,topic,___ input device is not a pointing device.,Scanner,Pointing stick,Digitizing tablet,Touchpad,,a,,easy,,pu-dogar,pu-csp:past_paper;pu-css:past_paper;pu-cse:past_paper
pu-computer-science-ch2-q24,computer-science-basic-concepts-of-information-technology-q24,Computer Science,pu-computer-science,2,basic-concepts-of-information-technology,BASIC CONCEPTS OF INFORMATION TECHNOLOGY,topic,___ pointing devices has a vertical handle like a gearshift lever.,Light pen,Pointing stick,Trackball,Joystick,,d,,easy,,pu-dogar,pu-csp:past_paper;pu-css:past_paper;pu-cse:past_paper
pu-computer-science-ch2-q25,computer-science-basic-concepts-of-information-technology-q25,Computer Science,pu-computer-science,2,basic-concepts-of-information-technology,BASIC CONCEPTS OF INFORMATION TECHNOLOGY,topic,___ pointing device uses the sensors to detect the touch of a finger.,Touchscreen,Light pen,Pointing stick,Joystick,,a,,easy,,pu-dogar,pu-csp:past_paper;pu-css:past_paper;pu-cse:past_paper
pu-computer-science-ch2-q26,computer-science-basic-concepts-of-information-technology-q26,Computer Science,pu-computer-science,2,basic-concepts-of-information-technology,BASIC CONCEPTS OF INFORMATION TECHNOLOGY,topic,Imaging uses what device to input data.,Tablet,Icon,Barcode reader,Scanner,,d,,easy,,pu-dogar,pu-csp:past_paper;pu-css:past_paper;pu-cse:past_paper
pu-computer-science-ch2-q27,computer-science-basic-concepts-of-information-technology-q27,Computer Science,pu-computer-science,2,basic-concepts-of-information-technology,BASIC CONCEPTS OF INFORMATION TECHNOLOGY,topic,The barcode is called:,Universal Product Code,EBCDIC code,ASCII code,Unicode,,a,,easy,,pu-dogar,pu-csp:past_paper;pu-css:past_paper;pu-cse:past_paper
pu-computer-science-ch2-q28,computer-science-basic-concepts-of-information-technology-q28,Computer Science,pu-computer-science,2,basic-concepts-of-information-technology,BASIC CONCEPTS OF INFORMATION TECHNOLOGY,topic,___ is a photoelectric scanner that translates the barcode symbols into digital code.,MICR,Barcode Reader,OCR,OMR,,b,,medium,,pu-dogar,pu-csp:past_paper;pu-css:past_paper;pu-cse:past_paper
pu-computer-science-ch2-q29,computer-science-basic-concepts-of-information-technology-q29,Computer Science,pu-computer-science,2,basic-concepts-of-information-technology,BASIC CONCEPTS OF INFORMATION TECHNOLOGY,topic,___ devices is used check and process the test marks of students:,OMR,Barcode Reader,An example of smart card,MICR,,a,,easy,,pu-dogar,pu-csp:past_paper;pu-css:past_paper;pu-cse:past_paper
pu-computer-science-ch2-q30,computer-science-basic-concepts-of-information-technology-q30,Computer Science,pu-computer-science,2,basic-concepts-of-information-technology,BASIC CONCEPTS OF INFORMATION TECHNOLOGY,topic,___ is an audio input device.,Digital camera,Microphone,Video camera,Speaker,,b,,easy,,pu-dogar,pu-csp:past_paper;pu-css:past_paper;pu-cse:past_paper
pu-computer-science-ch2-q31,computer-science-basic-concepts-of-information-technology-q31,Computer Science,pu-computer-science,2,basic-concepts-of-information-technology,BASIC CONCEPTS OF INFORMATION TECHNOLOGY,topic,___ is an output device.,Monitor,Speaker,Printer,All,,d,,easy,,pu-dogar,pu-csp:past_paper;pu-css:past_paper;pu-cse:past_paper
pu-computer-science-ch2-q32,computer-science-basic-concepts-of-information-technology-q32,Computer Science,pu-computer-science,2,basic-concepts-of-information-technology,BASIC CONCEPTS OF INFORMATION TECHNOLOGY,topic,Printers and monitors are examples of:,Input unit,Storage unit,Output unit,Processing unit,,c,,easy,,pu-dogar,pu-csp:past_paper;pu-css:past_paper;pu-cse:past_paper
pu-computer-science-ch2-q33,computer-science-basic-concepts-of-information-technology-q33,Computer Science,pu-computer-science,2,basic-concepts-of-information-technology,BASIC CONCEPTS OF INFORMATION TECHNOLOGY,topic,___ is not to related softcopy output..,CRT,"Plotter, printer",Monitor,Screen,,b,,easy,,pu-dogar,pu-csp:past_paper;pu-css:past_paper;pu-cse:past_paper
pu-computer-science-ch2-q34,computer-science-basic-concepts-of-information-technology-q34,Computer Science,pu-computer-science,2,basic-concepts-of-information-technology,BASIC CONCEPTS OF INFORMATION TECHNOLOGY,topic,___ works like a photocopying machine.,Inkjet printer,Bubble printer,Laser printer,Band printer,,c,"A laser printer works by using a laser beam to create a static charge on a drum, attracting toner — the same electrostatic principle used in photocopying machines.",easy,,pu-dogar,pu-csp:past_paper;pu-css:past_paper;pu-cse:past_paper
pu-computer-science-ch2-q35,computer-science-basic-concepts-of-information-technology-q36,Computer Science,pu-computer-science,2,basic-concepts-of-information-technology,BASIC CONCEPTS OF INFORMATION TECHNOLOGY,topic,___ is not an output device.,Monitor,Plotter,Speaker,Scanner,,d,,easy,,pu-dogar,pu-csp:past_paper;pu-css:past_paper;pu-cse:past_paper
pu-computer-science-ch2-q36,computer-science-basic-concepts-of-information-technology-q37,Computer Science,pu-computer-science,2,basic-concepts-of-information-technology,BASIC CONCEPTS OF INFORMATION TECHNOLOGY,topic,How many types of graphic cards are used?,2,3,4,5,,b,,easy,,pu-dogar,pu-csp:past_paper;pu-css:past_paper;pu-cse:past_paper
pu-computer-science-ch2-q37,computer-science-basic-concepts-of-information-technology-q38,Computer Science,pu-computer-science,2,basic-concepts-of-information-technology,BASIC CONCEPTS OF INFORMATION TECHNOLOGY,topic,The monitor having VGA cards has resolution:,1024 * 768 pixels,800 * 600 pixels,640 * 570 pixels,320 * 200 pixels,,d,,easy,,pu-dogar,pu-csp:past_paper;pu-css:past_paper;pu-cse:past_paper
pu-computer-science-ch2-q38,computer-science-basic-concepts-of-information-technology-q39,Computer Science,pu-computer-science,2,basic-concepts-of-information-technology,BASIC CONCEPTS OF INFORMATION TECHNOLOGY,topic,___ is/are the characteristic(s) of display screen.,Resolution,Size,Color,All,,d,,easy,,pu-dogar,pu-csp:past_paper;pu-css:past_paper;pu-cse:past_paper
pu-computer-science-ch2-q39,computer-science-basic-concepts-of-information-technology-q40,Computer Science,pu-computer-science,2,basic-concepts-of-information-technology,BASIC CONCEPTS OF INFORMATION TECHNOLOGY,topic,___ is an impact printer.,Dot matrix printer,Daisy wheel printer,Line printer,All,,d,,hard,,pu-dogar,pu-csp:past_paper;pu-css:past_paper;pu-cse:past_paper
pu-computer-science-ch3-q1,computer-science-computer-networks-q1,Computer Science,pu-computer-science,3,computer-networks,Computer Networks,topic,_____ print head of dot matrix printer provides best quality printout.,24 pins,18 pins,9 pins,20 pins,,a,,hard,,pu-dogar,pu-csp:past_paper;pu-css:past_paper;pu-cse:past_paper
pu-computer-science-ch3-q2,computer-science-computer-networks-q2,Computer Science,pu-computer-science,3,computer-networks,Computer Networks,topic,The printer which can print one character at a time is:,Dot matrix printer,Daisy wheel printer,Laser printer,Both a & b,,d,,hard,,pu-dogar,pu-csp:past_paper;pu-css:past_paper;pu-cse:past_paper
pu-computer-science-ch3-q3,computer-science-computer-networks-q3,Computer Science,pu-computer-science,3,computer-networks,Computer Networks,topic,DPI stands for:,Data Per Inch,Digit Per Inch,Dots Per Inch,None,,c,,easy,,pu-dogar,pu-csp:past_paper;pu-css:past_paper;pu-cse:past_paper
pu-computer-science-ch3-q4,computer-science-computer-networks-q4,Computer Science,pu-computer-science,3,computer-networks,Computer Networks,topic,_____ output device is used to print continuous output such as to track an earthquake reading.,Flatbed plotter,Dot matrix printer,Drum plotter,Line printer,,c,,hard,,pu-dogar,pu-csp:past_paper;pu-css:past_paper;pu-cse:past_paper
pu-computer-science-ch3-q5,computer-science-computer-networks-q5,Computer Science,pu-computer-science,3,computer-networks,Computer Networks,topic,Bit stands for:,Binary digit,Binary integer,Basic digit,None,,a,,easy,,pu-dogar,pu-csp:past_paper;pu-css:past_paper;pu-cse:past_paper
pu-computer-science-ch3-q6,computer-science-computer-networks-q6,Computer Science,pu-computer-science,3,computer-networks,Computer Networks,topic,_____ is the largest unit of data storage.,Byte,Word,Bit,None,,b,,easy,,pu-dogar,pu-csp:past_paper;pu-css:past_paper;pu-cse:past_paper
pu-computer-science-ch3-q7,computer-science-computer-networks-q7,Computer Science,pu-computer-science,3,computer-networks,Computer Networks,topic,1/2 GB = :,512 MB,512 KB,512 bytes,1024 MB,,a,,easy,,pu-dogar,pu-csp:past_paper;pu-css:past_paper;pu-cse:past_paper
pu-computer-science-ch3-q8,computer-science-computer-networks-q8,Computer Science,pu-computer-science,3,computer-networks,Computer Networks,topic,8 bytes is equal to:,64 bits,32 its,48 bits,8 bits,,a,,easy,,pu-dogar,pu-csp:past_paper;pu-css:past_paper;pu-cse:past_paper
pu-computer-science-ch3-q9,computer-science-computer-networks-q9,Computer Science,pu-computer-science,3,computer-networks,Computer Networks,topic,1 TB =:,1024 KB,1024 MB,1024 GB,None,,c,,easy,,pu-dogar,pu-csp:past_paper;pu-css:past_paper;pu-cse:past_paper
pu-computer-science-ch3-q10,computer-science-computer-networks-q10,Computer Science,pu-computer-science,3,computer-networks,Computer Networks,topic,Double word is equal to:,8 - bits,16 - bits,32 - bits,64 - bits,,c,,easy,,pu-dogar,pu-csp:past_paper;pu-css:past_paper;pu-cse:past_paper
pu-computer-science-ch3-q11,computer-science-computer-networks-q11,Computer Science,pu-computer-science,3,computer-networks,Computer Networks,topic,The actual system is produced in phase:,Coding,Design,Implementation,Testing,,a,,easy,,pu-dogar,pu-csp:past_paper;pu-css:past_paper;pu-cse:past_paper
pu-computer-science-ch3-q12,computer-science-computer-networks-q12,Computer Science,pu-computer-science,3,computer-networks,Computer Networks,topic,"In _____ phase of SDLC, the system is installed for use to solve the problem.",Design,Implementation,Coding,Testing,,b,,medium,,pu-dogar,pu-csp:past_paper;pu-css:past_paper;pu-cse:past_paper
pu-computer-science-ch3-q13,computer-science-computer-networks-q13,Computer Science,pu-computer-science,3,computer-networks,Computer Networks,topic,_____ is not related to preliminary investigation.,System identification,System analysis,System scope,Feasibility study,,b,,easy,,pu-dogar,pu-csp:past_paper;pu-css:past_paper;pu-cse:past_paper
pu-computer-science-ch3-q14,computer-science-computer-networks-q14,Computer Science,pu-computer-science,3,computer-networks,Computer Networks,topic,_____ phase of SDLC comes after analysis phase.,Coding,Testing,Implementation,design,,d,,easy,,pu-dogar,pu-csp:past_paper;pu-css:past_paper;pu-cse:past_paper
pu-computer-science-ch3-q15,computer-science-computer-networks-q15,Computer Science,pu-computer-science,3,computer-networks,Computer Networks,topic,_____ method is used in data gathering step to collect information from a part of people instead of many people of an organization.,Interview,Questionnaire,Sampling,Observation,,c,,medium,,pu-dogar,pu-csp:past_paper;pu-css:past_paper;pu-cse:past_paper
pu-computer-science-ch3-q16,computer-science-computer-networks-q16,Computer Science,pu-computer-science,3,computer-networks,Computer Networks,topic,Softcopy refers to:,Screen output,Peripheral devices,OCR,None of the above,,a,,easy,,pu-dogar,pu-csp:past_paper;pu-css:past_paper;pu-cse:past_paper
pu-computer-science-ch3-q17,computer-science-computer-networks-q17,Computer Science,pu-computer-science,3,computer-networks,Computer Networks,topic,The printer which can print one complete line at a time is:,Dot Matrix Printer,Daisy Wheel Printer,Laser Printer,Line Printer,,d,,hard,,pu-dogar,pu-csp:past_paper;pu-css:past_paper;pu-cse:past_paper
pu-computer-science-ch3-q18,computer-science-computer-networks-q18,Computer Science,pu-computer-science,3,computer-networks,Computer Networks,topic,"An input device, which is used for playing computer games:",Light pen,Mouse,Joystick,Scanner,,c,,easy,,pu-dogar,pu-csp:past_paper;pu-css:past_paper;pu-cse:past_paper
pu-computer-science-ch3-q19,computer-science-computer-networks-q19,Computer Science,pu-computer-science,3,computer-networks,Computer Networks,topic,Which task of investigation is related to limitations of the system?,Alternate Solutions,System Scope,Preliminary Plan,Feasibility Study,,b,,easy,,pu-dogar,pu-csp:past_paper;pu-css:past_paper;pu-cse:past_paper
pu-computer-science-ch3-q20,computer-science-computer-networks-q20,Computer Science,pu-computer-science,3,computer-networks,Computer Networks,topic,Which of the following is not an inter-connector?,CD-ROM,Port,Cables,Computer bus,,a,,easy,,pu-dogar,pu-csp:past_paper;pu-css:past_paper;pu-cse:past_paper
pu-computer-science-ch3-q21,computer-science-computer-networks-q21,Computer Science,pu-computer-science,3,computer-networks,Computer Networks,topic,Computer networks are the convergence of two important technologies _____ and telecommunication,Computing,Computing and mechanical,Computing and mechatronics,Computing and electrical,,a,,medium,,pu-dogar,pu-csp:past_paper;pu-css:past_paper;pu-cse:past_paper
pu-computer-science-ch3-q22,computer-science-computer-networks-q22,Computer Science,pu-computer-science,3,computer-networks,Computer Networks,topic,The technology of long distance communication is known as:,Mass communication,Telephony,Telecommunications,Telegraphy,,c,,easy,,pu-dogar,pu-csp:past_paper;pu-css:past_paper;pu-cse:past_paper
pu-computer-science-ch3-q23,computer-science-computer-networks-q23,Computer Science,pu-computer-science,3,computer-networks,Computer Networks,topic,Each computer on a network is called a:,Link,Code,Node,Mode,,c,,easy,,pu-dogar,pu-csp:past_paper;pu-css:past_paper;pu-cse:past_paper
pu-computer-science-ch3-q24,computer-science-computer-networks-q24,Computer Science,pu-computer-science,3,computer-networks,Computer Networks,topic,Many networks include a central computer called:,Server,Bridge,Gateway,Client,,a,,easy,,pu-dogar,pu-csp:past_paper;pu-css:past_paper;pu-cse:past_paper
pu-computer-science-ch3-q25,computer-science-computer-networks-q25,Computer Science,pu-computer-science,3,computer-networks,Computer Networks,topic,A _____ combination of _____ both client/server and peer-to-peer network is _____ network.,Dedicated,Mixed,Merged,Hybrid,,d,,medium,,pu-dogar,pu-csp:past_paper;pu-css:past_paper;pu-cse:past_paper
pu-computer-science-ch3-q26,computer-science-computer-networks-q26,Computer Science,pu-computer-science,3,computer-networks,Computer Networks,topic,Which of the following is NOT a category of network?,WAN,LAN,MAN,NAN,,d,,easy,,pu-dogar,pu-csp:past_paper;pu-css:past_paper;pu-cse:past_paper
pu-computer-science-ch3-q27,computer-science-computer-networks-q27,Computer Science,pu-computer-science,3,computer-networks,Computer Networks,topic,LAN stands for:,Local Area nodes,Land Area Network,Local Area Network,Linked Area Network,,c,,easy,,pu-dogar,pu-csp:past_paper;pu-css:past_paper;pu-cse:past_paper
pu-computer-science-ch3-q28,computer-science-computer-networks-q28,Computer Science,pu-computer-science,3,computer-networks,Computer Networks,topic,A lab with twenty computers and a laser printer is an example of _____ area network.,Little,Line,Local,Limited,,c,,medium,,pu-dogar,pu-csp:past_paper;pu-css:past_paper;pu-cse:past_paper
pu-computer-science-ch3-q29,computer-science-computer-networks-q29,Computer Science,pu-computer-science,3,computer-networks,Computer Networks,topic,LAN does not use:,Twisted pair,Fiber optic,Telephone line,Coaxial cable,,c,,easy,,pu-dogar,pu-csp:past_paper;pu-css:past_paper;pu-cse:past_paper
pu-computer-science-ch3-q30,computer-science-computer-networks-q30,Computer Science,pu-computer-science,3,computer-networks,Computer Networks,topic,Which problem occurs when two workstations on shared Ethernet try to access LAN at the same time?,Termination,Deadlock,Collision,Accident,,c,,medium,,pu-dogar,pu-csp:past_paper;pu-css:past_paper;pu-cse:past_paper
pu-computer-science-ch3-q31,computer-science-computer-networks-q31,Computer Science,pu-computer-science,3,computer-networks,Computer Networks,topic,Which network covers a large area?,LAN,WAN,MAN,PAN,,b,,easy,,pu-dogar,pu-csp:past_paper;pu-css:past_paper;pu-cse:past_paper
pu-computer-science-ch3-q32,computer-science-computer-networks-q32,Computer Science,pu-computer-science,3,computer-networks,Computer Networks,topic,The primary difference between a LAN and a WAN is:,The number of software programs available,Distance,The variety of hardware devices,The number of hardware devices,,b,,easy,,pu-dogar,pu-csp:past_paper;pu-css:past_paper;pu-cse:past_paper
pu-computer-science-ch3-q33,computer-science-computer-networks-q33,Computer Science,pu-computer-science,3,computer-networks,Computer Networks,topic,"In WAN, the communication software that allows a personal computer to appear as terminal is called:",Electronic mail software,Teleconferencing software,Terminal emulation software,Bulletin board system,,c,,medium,,pu-dogar,pu-csp:past_paper;pu-css:past_paper;pu-cse:past_paper
pu-computer-science-ch3-q34,computer-science-computer-networks-q34,Computer Science,pu-computer-science,3,computer-networks,Computer Networks,topic,A network that transmits data over citywide distance faster than LAN is:,WAN,LAN,MAN,NAN,,c,,medium,,pu-dogar,pu-csp:past_paper;pu-css:past_paper;pu-cse:past_paper
pu-computer-science-ch3-q35,computer-science-computer-networks-q35,Computer Science,pu-computer-science,3,computer-networks,Computer Networks,topic,Mobile phone (Cellular) systems often use:,LAN,WAN,MAN,GAN,,c,,easy,,pu-dogar,pu-csp:past_paper;pu-css:past_paper;pu-cse:past_paper
pu-computer-science-ch3-q36,computer-science-computer-networks-q36,Computer Science,pu-computer-science,3,computer-networks,Computer Networks,topic,NIC allows direct connection to:,Monitor,Network,Printer,Modem,,b,,easy,,pu-dogar,pu-csp:past_paper;pu-css:past_paper;pu-cse:past_paper
pu-computer-science-ch3-q37,computer-science-computer-networks-q37,Computer Science,pu-computer-science,3,computer-networks,Computer Networks,topic,De facto means:,By nature,By fact,By law,By luck,,b,,easy,,pu-dogar,pu-csp:past_paper;pu-css:past_paper;pu-cse:past_paper
pu-computer-science-ch3-q38,computer-science-computer-networks-q38,Computer Science,pu-computer-science,3,computer-networks,Computer Networks,topic,Which of the following is a governing body to approve the network standards?,IEEE,EIA,ANSI,All,,d,,medium,,pu-dogar,pu-csp:past_paper;pu-css:past_paper;pu-cse:past_paper
pu-computer-science-ch3-q39,computer-science-computer-networks-q39,Computer Science,pu-computer-science,3,computer-networks,Computer Networks,topic,The ITU was formerly known as:,CCIT,ISO,,,,a,,easy,,pu-dogar,pu-csp:past_paper;pu-css:past_paper;pu-cse:past_paper
pu-computer-science-ch4-q1,computer-science-data-communication-q1,Computer Science,pu-computer-science,4,data-communication,Data Communication,topic,Which of the following is NOT a type of protocol?,Ethernet,CCIT,ARCnet,FTP,,b,,easy,,pu-dogar,pu-csp:past_paper;pu-css:past_paper;pu-cse:past_paper
pu-computer-science-ch4-q2,computer-science-data-communication-q2,Computer Science,pu-computer-science,4,data-communication,Data Communication,topic,Which one is NOT a de-jure standard?,SNA,IEEE,ANSI,ISO,,a,,easy,,pu-dogar,pu-csp:past_paper;pu-css:past_paper;pu-cse:past_paper
pu-computer-science-ch4-q3,computer-science-data-communication-q3,Computer Science,pu-computer-science,4,data-communication,Data Communication,topic,Which is NOT a LAN protocol?,Ethernet,Token Ring,ARCnet,IrDA,,d,,easy,,pu-dogar,pu-csp:past_paper;pu-css:past_paper;pu-cse:past_paper
pu-computer-science-ch4-q4,computer-science-data-communication-q4,Computer Science,pu-computer-science,4,data-communication,Data Communication,topic,Which protocol works on the concepts of ring topology and a token?,Token Ring,Ethernet,TCP/IP,ARCnet,,a,,easy,,pu-dogar,pu-csp:past_paper;pu-css:past_paper;pu-cse:past_paper
pu-computer-science-ch4-q5,computer-science-data-communication-q5,Computer Science,pu-computer-science,4,data-communication,Data Communication,topic,The most commonly used LAN protocol is:,Ethernet,Token Ring,ARCnet,WiMax,,a,,easy,,pu-dogar,pu-csp:past_paper;pu-css:past_paper;pu-cse:past_paper
pu-computer-science-ch4-q6,computer-science-data-communication-q6,Computer Science,pu-computer-science,4,data-communication,Data Communication,topic,"In ______, a node listens to the bus for specified time and waits until the node has completed the transmission.",CSMA/CS,CSMA/CD,CSMA/CR,CSMA/DR,,a,,medium,,pu-dogar,pu-csp:past_paper;pu-css:past_paper;pu-cse:past_paper
pu-computer-science-ch4-q7,computer-science-data-communication-q7,Computer Science,pu-computer-science,4,data-communication,Data Communication,topic,Which LAN access method resolves the contention between two or more nodes by collision detection?,CSMA/CS,CSMA/CD,CSMA/CR,CSMA/DR,,b,,medium,,pu-dogar,pu-csp:past_paper;pu-css:past_paper;pu-cse:past_paper
pu-computer-science-ch4-q8,computer-science-data-communication-q8,Computer Science,pu-computer-science,4,data-communication,Data Communication,topic,The physical layout of network is known as:,Topology,Session,Link,Style,,a,,easy,,pu-dogar,pu-csp:past_paper;pu-css:past_paper;pu-cse:past_paper
pu-computer-science-ch4-q9,computer-science-data-communication-q9,Computer Science,pu-computer-science,4,data-communication,Data Communication,topic,Which is the most common LAN topology?,Bus,Band,Star,Ring,,c,,easy,,pu-dogar,pu-csp:past_paper;pu-css:past_paper;pu-cse:past_paper
pu-computer-science-ch4-q10,computer-science-data-communication-q10,Computer Science,pu-computer-science,4,data-communication,Data Communication,topic,A network that places all nodes on a single cable is called:,Star,Ring,Band,Bus,,d,,easy,,pu-dogar,pu-csp:past_paper;pu-css:past_paper;pu-cse:past_paper
pu-computer-science-ch4-q11,computer-science-data-communication-q11,Computer Science,pu-computer-science,4,data-communication,Data Communication,topic,"In star topology, the central device is called:",Hub,Link,Medium,Node,,a,,easy,,pu-dogar,pu-csp:past_paper;pu-css:past_paper;pu-cse:past_paper
pu-computer-science-ch4-q12,computer-science-data-communication-q12,Computer Science,pu-computer-science,4,data-communication,Data Communication,topic,Terminators are used in ______ topology.,Bus,Star,Mesh,Ring,,a,,easy,,pu-dogar,pu-csp:past_paper;pu-css:past_paper;pu-cse:past_paper
pu-computer-science-ch4-q13,computer-science-data-communication-q13,Computer Science,pu-computer-science,4,data-communication,Data Communication,topic,Which of the following topologies uses routers?,Bus,Ring,Mesh,Band,,c,,easy,,pu-dogar,pu-csp:past_paper;pu-css:past_paper;pu-cse:past_paper
pu-computer-science-ch4-q14,computer-science-data-communication-q14,Computer Science,pu-computer-science,4,data-communication,Data Communication,topic,FDDI is a ______ network.,Ring,Star,Mesh,Bus,,a,,easy,,pu-dogar,pu-csp:past_paper;pu-css:past_paper;pu-cse:past_paper
pu-computer-science-ch4-q15,computer-science-data-communication-q15,Computer Science,pu-computer-science,4,data-communication,Data Communication,topic,"Which of the following protocols are properly researched, designed and finally published as a standard?",De facto,De jure,ISO,CCIT,,b,,medium,,pu-dogar,pu-csp:past_paper;pu-css:past_paper;pu-cse:past_paper
pu-computer-science-ch4-q16,computer-science-data-communication-q16,Computer Science,pu-computer-science,4,data-communication,Data Communication,topic,A device used to connect similar networks is called:,Gateway,Bridge,a and b,Bus,,b,,easy,,pu-dogar,pu-csp:past_paper;pu-css:past_paper;pu-cse:past_paper
pu-computer-science-ch4-q17,computer-science-data-communication-q17,Computer Science,pu-computer-science,4,data-communication,Data Communication,topic,OSI reference model has:,7 layers,3 layers,6 layers,1 layer,,a,,easy,,pu-dogar,pu-csp:past_paper;pu-css:past_paper;pu-cse:past_paper
pu-computer-science-ch4-q18,computer-science-data-communication-q18,Computer Science,pu-computer-science,4,data-communication,Data Communication,topic,"Which layer is responsible to establish, maintain and terminate user connection?",Presentation,Application,Transport,Session,,d,,medium,,pu-dogar,pu-csp:past_paper;pu-css:past_paper;pu-cse:past_paper
pu-computer-science-ch4-q19,computer-science-data-communication-q19,Computer Science,pu-computer-science,4,data-communication,Data Communication,topic,A device that receives messages is called:,Transmitter,Receiver,Source,Sender,,b,,easy,,pu-dogar,pu-csp:past_paper;pu-css:past_paper;pu-cse:past_paper
pu-computer-science-ch4-q20,computer-science-data-communication-q20,Computer Science,pu-computer-science,4,data-communication,Data Communication,topic,The ________ is the physical path over which a message travels.,Protocol,Medium,Single,All,,b,,easy,,pu-dogar,pu-csp:past_paper;pu-css:past_paper;pu-cse:past_paper
pu-computer-science-ch4-q21,computer-science-data-communication-q21,Computer Science,pu-computer-science,4,data-communication,Data Communication,topic,The electromagnetic or light waves representing data are called:,Refraction,Information,Signals,None,,c,,easy,,pu-dogar,pu-csp:past_paper;pu-css:past_paper;pu-cse:past_paper
pu-computer-science-ch4-q22,computer-science-data-communication-q23,Computer Science,pu-computer-science,4,data-communication,Data Communication,topic,Communication between a computer and a keyboard involves ________ transmission.,Simplex,half-duplex,Full-duplex,automatic,,a,,medium,,pu-dogar,pu-csp:past_paper;pu-css:past_paper;pu-cse:past_paper
pu-computer-science-ch4-q23,computer-science-data-communication-q24,Computer Science,pu-computer-science,4,data-communication,Data Communication,topic,"Light, sound, and radio waves are examples of:",Analog signals,Digital signals,Simple signals,None,,a,,easy,,pu-dogar,pu-csp:past_paper;pu-css:past_paper;pu-cse:past_paper
pu-computer-science-ch4-q24,computer-science-data-communication-q25,Computer Science,pu-computer-science,4,data-communication,Data Communication,topic,The number of times a wave repeats during a specific time interval is called:,Amplitude,Oscillation,Frequency,Pulses,,c,,medium,,pu-dogar,pu-csp:past_paper;pu-css:past_paper;pu-cse:past_paper
pu-computer-science-ch4-q25,computer-science-data-communication-q26,Computer Science,pu-computer-science,4,data-communication,Data Communication,topic,The height of wave within a given period of time is called:,Amplitude,Oscillation,Frequency,Pulses,,a,,easy,,pu-dogar,pu-csp:past_paper;pu-css:past_paper;pu-cse:past_paper
pu-computer-science-ch4-q26,computer-science-data-communication-q27,Computer Science,pu-computer-science,4,data-communication,Data Communication,topic,"Which type of data consists of words, sentences, and paragraphs?",Text,Image,Numeric,Video,,a,,easy,,pu-dogar,pu-csp:past_paper;pu-css:past_paper;pu-cse:past_paper
pu-computer-science-ch4-q27,computer-science-data-communication-q28,Computer Science,pu-computer-science,4,data-communication,Data Communication,topic,"The charts, graphs and pictures are examples of:",Image,Audio,Video,Text,,a,,easy,,pu-dogar,pu-csp:past_paper;pu-css:past_paper;pu-cse:past_paper
pu-computer-science-ch4-q28,computer-science-data-communication-q29,Computer Science,pu-computer-science,4,data-communication,Data Communication,topic,The music and speech represent the:,Image data,Audio data,Video data,Text data,,c,,easy,,pu-dogar,pu-csp:past_paper;pu-css:past_paper;pu-cse:past_paper
pu-computer-science-ch4-q29,computer-science-data-communication-q30,Computer Science,pu-computer-science,4,data-communication,Data Communication,topic,________ Represents actions and movements.,Image data,Audio data,Video data,Text data,,c,,easy,,pu-dogar,pu-csp:past_paper;pu-css:past_paper;pu-cse:past_paper
pu-computer-science-ch4-q30,computer-science-data-communication-q31,Computer Science,pu-computer-science,4,data-communication,Data Communication,topic,________ coding schemes use 4 bit code.,Unicode,ASCII,EBCDIC,BCD,,d,,easy,,pu-dogar,pu-csp:past_paper;pu-css:past_paper;pu-cse:past_paper
pu-computer-science-ch4-q31,computer-science-data-communication-q32,Computer Science,pu-computer-science,4,data-communication,Data Communication,topic,________ coding scheme is used by IBM.,Unicode,ASCII,EBCDIC,BCD,,c,,easy,,pu-dogar,pu-csp:past_paper;pu-css:past_paper;pu-cse:past_paper
pu-computer-science-ch4-q32,computer-science-data-communication-q33,Computer Science,pu-computer-science,4,data-communication,Data Communication,topic,IBM stands for:,International Business Machine,International Binary Machine,Internet Business Machine,International Business Microsoft,,a,,easy,,pu-dogar,pu-csp:past_paper;pu-css:past_paper;pu-cse:past_paper
pu-computer-science-ch4-q33,computer-science-data-communication-q34,Computer Science,pu-computer-science,4,data-communication,Data Communication,topic,The ________ is the physical path over which the message travels.,Protocol,Medium,Signal,All the above,,b,,easy,,pu-dogar,pu-csp:past_paper;pu-css:past_paper;pu-cse:past_paper
pu-computer-science-ch4-q34,computer-science-data-communication-q35,Computer Science,pu-computer-science,4,data-communication,Data Communication,topic,The height of the wave is called:,Oscillation,Amplitude,Signal,Frequency,,b,,easy,,pu-dogar,pu-csp:past_paper;pu-css:past_paper;pu-cse:past_paper
pu-computer-science-ch4-q35,computer-science-data-communication-q36,Computer Science,pu-computer-science,4,data-communication,Data Communication,topic,ASCII 7-bit code can represent maximum:,256 characters,128 characters,64 characters,65536 characters,,b,,easy,,pu-dogar,pu-csp:past_paper;pu-css:past_paper;pu-cse:past_paper
pu-computer-science-ch4-q36,computer-science-data-communication-q37,Computer Science,pu-computer-science,4,data-communication,Data Communication,topic,ASCII 8-bit code can represent maximum:,256 characters,128 characters,64 characters,65536 characters,,a,,easy,,pu-dogar,pu-csp:past_paper;pu-css:past_paper;pu-cse:past_paper
pu-computer-science-ch4-q37,computer-science-data-communication-q38,Computer Science,pu-computer-science,4,data-communication,Data Communication,topic,________ code systems can represent upto 65536 symbols.,ASCII-7,EBCDIC,ASCII-8,Unicode,,d,,easy,,pu-dogar,pu-csp:past_paper;pu-css:past_paper;pu-cse:past_paper
pu-computer-science-ch4-q38,computer-science-data-communication-q39,Computer Science,pu-computer-science,4,data-communication,Data Communication,topic,________ coding scheme uses 16 bit to represent a symbol.,BCD,EBCDIC,ASCII,Unicode,,d,"Unicode (UTF-16) uses 16 bits per code unit, allowing representation of over 65,000 characters from virtually all writing systems.",easy,,pu-dogar,pu-csp:past_paper;pu-css:past_paper;pu-cse:past_paper
pu-computer-science-ch4-q39,computer-science-data-communication-q40,Computer Science,pu-computer-science,4,data-communication,Data Communication,topic,BCD stands for:,Bit Coded Digit,Byte Coded Decimal,Binary Coded Decimal,None,,c,,easy,,pu-dogar,pu-csp:past_paper;pu-css:past_paper;pu-cse:past_paper
pu-computer-science-ch4-q40,computer-science-data-communication-q41,Computer Science,pu-computer-science,4,data-communication,Data Communication,topic,How many types of data transmission modes are there?,2,3,4,5,,b,,easy,,pu-dogar,pu-csp:past_paper;pu-css:past_paper;pu-cse:past_paper
pu-computer-science-ch4-q41,computer-science-data-communication-q42,Computer Science,pu-computer-science,4,data-communication,Data Communication,topic,"In ________ communication modes, the data communication can take place in only one direction.",Simplex,Half-duplex,Full-duplex,None,,a,,medium,,pu-dogar,pu-csp:past_paper;pu-css:past_paper;pu-cse:past_paper
pu-computer-science-ch4-q42,computer-science-data-communication-q43,Computer Science,pu-computer-science,4,data-communication,Data Communication,topic,Internet surfing or browsing is an example of:,Simplex,Half-duplex,Full-duplex,None,,b,,easy,,pu-dogar,pu-csp:past_paper;pu-css:past_paper;pu-cse:past_paper
pu-computer-science-ch4-q43,computer-science-data-communication-q44,Computer Science,pu-computer-science,4,data-communication,Data Communication,topic,The conversation of two persons through telephone line is an example of:,Simplex,Half-duplex,Full-duplex,None,,c,,medium,,pu-dogar,pu-csp:past_paper;pu-css:past_paper;pu-cse:past_paper
pu-computer-science-ch4-q44,computer-science-data-communication-q45,Computer Science,pu-computer-science,4,data-communication,Data Communication,topic,Which of the following acts as a 4-bit coding scheme?,BCD,EBCDIC,ASCII,Unicode,,a,,easy,,pu-dogar,pu-csp:past_paper;pu-css:past_paper;pu-cse:past_paper
pu-computer-science-ch4-q45,computer-science-data-communication-q46,Computer Science,pu-computer-science,4,data-communication,Data Communication,topic,ASCII is ________ bit coding scheme.,8,7,16,4,,a,"Standard ASCII uses 7 bits (128 characters), but the widely used Extended ASCII / byte-aligned version occupies 8 bits (256 characters). Pakistani IT textbooks typically refer to ASCII as an 8-bit scheme.",easy,,pu-dogar,pu-csp:past_paper;pu-css:past_paper;pu-cse:past_paper
pu-computer-science-ch4-q46,computer-science-data-communication-q47,Computer Science,pu-computer-science,4,data-communication,Data Communication,topic,________ is the fastest communication mode:,Simplex,Half-duplex,Full-duplex,None,,c,,easy,,pu-dogar,pu-csp:past_paper;pu-css:past_paper;pu-cse:past_paper
pu-computer-science-ch4-q47,computer-science-data-communication-q48,Computer Science,pu-computer-science,4,data-communication,Data Communication,topic,In ________ communication modes the multiplexer devices are used:,Simplex,Half-duplex,Full-duplex,None,,c,,easy,,pu-dogar,pu-csp:past_paper;pu-css:past_paper;pu-cse:past_paper
pu-computer-science-ch4-q48,computer-science-data-communication-q49,Computer Science,pu-computer-science,4,data-communication,Data Communication,topic,________ device uses the parallel transmission.,Mouse,Keyboard,Printer,Light pen,,c,,easy,,pu-dogar,pu-csp:past_paper;pu-css:past_paper;pu-cse:past_paper
pu-computer-science-ch4-q49,computer-science-data-communication-q50,Computer Science,pu-computer-science,4,data-communication,Data Communication,topic,"Inside the computer, binary data flows from one unit to another using:",Serial mode,Parallel mode,Both a and b,None,,b,,medium,,pu-dogar,pu-csp:past_paper;pu-css:past_paper;pu-cse:past_paper
pu-computer-science-ch4-q50,computer-science-data-communication-q51,Computer Science,pu-computer-science,4,data-communication,Data Communication,topic,the flow of traffic on one-lane residential street is an example of:,Serial transmission,Parallel transmission,Both a and b,None,,a,,easy,,pu-dogar,pu-csp:past_paper;pu-css:past_paper;pu-cse:past_paper
pu-computer-science-ch4-q51,computer-science-data-communication-q52,Computer Science,pu-computer-science,4,data-communication,Data Communication,topic,An asynchronous line that is idle is identified with a value:,0,1,23300,100,,b,,easy,,pu-dogar,pu-csp:past_paper;pu-css:past_paper;pu-cse:past_paper
pu-computer-science-ch4-q52,computer-science-data-communication-q53,Computer Science,pu-computer-science,4,data-communication,Data Communication,topic,Data is transmitted block-by-block in:,Digital transmission,Analog transmission,Synchronous transmission,Asynchronous transmission,,c,,easy,,pu-dogar,pu-csp:past_paper;pu-css:past_paper;pu-cse:past_paper
pu-computer-science-ch4-q53,computer-science-data-communication-q54,Computer Science,pu-computer-science,4,data-communication,Data Communication,topic,Which technique uses modulation?,Baseband,Broadband,Bandwidth,None,,b,,easy,,pu-dogar,pu-csp:past_paper;pu-css:past_paper;pu-cse:past_paper
pu-computer-science-ch4-q54,computer-science-data-communication-q55,Computer Science,pu-computer-science,4,data-communication,Data Communication,topic,Which technique does not use modulation?,Baseband,Broadband,Bandwidth,None,,a,,easy,,pu-dogar,pu-csp:past_paper;pu-css:past_paper;pu-cse:past_paper
pu-computer-science-ch4-q55,computer-science-data-communication-q56,Computer Science,pu-computer-science,4,data-communication,Data Communication,topic,ASCII-7 can represent maximum ________ characters.,65536,256,16,128,,d,,easy,,pu-dogar,pu-csp:past_paper;pu-css:past_paper;pu-cse:past_paper
pu-computer-science-ch4-q56,computer-science-data-communication-q57,Computer Science,pu-computer-science,4,data-communication,Data Communication,topic,Which of the following has a 16-bit coding scheme?,BCD,EBCDIC,ASCII,Unicode,,d,,easy,,pu-dogar,pu-csp:past_paper;pu-css:past_paper;pu-cse:past_paper
pu-computer-science-ch4-q57,computer-science-data-communication-q58,Computer Science,pu-computer-science,4,data-communication,Data Communication,topic,"Which technique is used to transmit large amount of data such as voice and video, over long distance by using modulation?",Baseband,Broadband,,,,b,,medium,,pu-dogar,pu-csp:past_paper;pu-css:past_paper;pu-cse:past_paper
pu-computer-science-ch5-q1,computer-science-applications-and-use-of-computers-q1,Computer Science,pu-computer-science,5,applications-and-use-of-computers,APPLICATIONS AND USE OF COMPUTERS,topic,"Into how many types, the communication channels are divided?",2,3,4,5,,a,,easy,,pu-dogar,pu-csp:past_paper;pu-css:past_paper;pu-cse:past_paper
pu-computer-science-ch5-q2,computer-science-applications-and-use-of-computers-q2,Computer Science,pu-computer-science,5,applications-and-use-of-computers,APPLICATIONS AND USE OF COMPUTERS,topic,"Microwave transmission, coaxial cable and fiber optics are examples of:",Modems,Communication media,Gateways,Ring network,,b,,medium,,pu-dogar,pu-csp:past_paper;pu-css:past_paper;pu-cse:past_paper
pu-computer-science-ch5-q3,computer-science-applications-and-use-of-computers-q3,Computer Science,pu-computer-science,5,applications-and-use-of-computers,APPLICATIONS AND USE OF COMPUTERS,topic,_______ is not a communication media.,Twisted wire,"UTP, STP",Microwave,Modem,,d,,easy,,pu-dogar,pu-csp:past_paper;pu-css:past_paper;pu-cse:past_paper
pu-computer-science-ch5-q4,computer-science-applications-and-use-of-computers-q4,Computer Science,pu-computer-science,5,applications-and-use-of-computers,APPLICATIONS AND USE OF COMPUTERS,topic,_______ is guided media.,Microwave,Satellite,Fiber optic cable,Mobile communication,,c,,easy,,pu-dogar,pu-csp:past_paper;pu-css:past_paper;pu-cse:past_paper
pu-computer-science-ch5-q5,computer-science-applications-and-use-of-computers-q5,Computer Science,pu-computer-science,5,applications-and-use-of-computers,APPLICATIONS AND USE OF COMPUTERS,topic,The bandwidth of the coaxial is:,2 times greater than twisted pair,20 times greater than twisted pair,40 times greater than twisted pair,80 times faster than twisted pair,,d,,easy,,pu-dogar,pu-csp:past_paper;pu-css:past_paper;pu-cse:past_paper
pu-computer-science-ch5-q6,computer-science-applications-and-use-of-computers-q6,Computer Science,pu-computer-science,5,applications-and-use-of-computers,APPLICATIONS AND USE OF COMPUTERS,topic,_______ is commonly used in LAN.,Satellite,Coaxial cable,Microwave,Fiber optic cable,,b,,easy,,pu-dogar,pu-csp:past_paper;pu-css:past_paper;pu-cse:past_paper
pu-computer-science-ch5-q7,computer-science-applications-and-use-of-computers-q7,Computer Science,pu-computer-science,5,applications-and-use-of-computers,APPLICATIONS AND USE OF COMPUTERS,topic,_______ uses light to transmit data.,Twisted pair,Coaxial cable,Microwave,Fiber optic cable,,d,,easy,,pu-dogar,pu-csp:past_paper;pu-css:past_paper;pu-cse:past_paper
pu-computer-science-ch5-q8,computer-science-applications-and-use-of-computers-q8,Computer Science,pu-computer-science,5,applications-and-use-of-computers,APPLICATIONS AND USE OF COMPUTERS,topic,_______ is an example of unbounded media.,Microwave,Fiber optic cable,Twisted pair,Coaxial cable,,a,,easy,,pu-dogar,pu-csp:past_paper;pu-css:past_paper;pu-cse:past_paper
pu-computer-science-ch5-q9,computer-science-applications-and-use-of-computers-q9,Computer Science,pu-computer-science,5,applications-and-use-of-computers,APPLICATIONS AND USE OF COMPUTERS,topic,An idle line has value 1 then it is called:,Clock,Mark state,Binary digit,Space state,,d,,easy,,pu-dogar,pu-csp:past_paper;pu-css:past_paper;pu-cse:past_paper
pu-computer-science-ch5-q10,computer-science-applications-and-use-of-computers-q10,Computer Science,pu-computer-science,5,applications-and-use-of-computers,APPLICATIONS AND USE OF COMPUTERS,topic,In Asynchronous transmission; mark state is represented by:,2,1,0,50,,c,,easy,,pu-dogar,pu-csp:past_paper;pu-css:past_paper;pu-cse:past_paper
pu-computer-science-ch5-q11,computer-science-applications-and-use-of-computers-q11,Computer Science,pu-computer-science,5,applications-and-use-of-computers,APPLICATIONS AND USE OF COMPUTERS,topic,Which one is not unguided media?,Satellite,Microwave,Mobile communication,Fiber optic cable,,d,,easy,,pu-dogar,pu-csp:past_paper;pu-css:past_paper;pu-cse:past_paper
pu-computer-science-ch5-q12,computer-science-applications-and-use-of-computers-q12,Computer Science,pu-computer-science,5,applications-and-use-of-computers,APPLICATIONS AND USE OF COMPUTERS,topic,_______ communication medium requires 'line-of-sight.',Microwave,Fiber optic cable,Twisted pair,Coaxial cable,,a,,easy,,pu-dogar,pu-csp:past_paper;pu-css:past_paper;pu-cse:past_paper
pu-computer-science-ch5-q13,computer-science-applications-and-use-of-computers-q13,Computer Science,pu-computer-science,5,applications-and-use-of-computers,APPLICATIONS AND USE OF COMPUTERS,topic,"In microwave transmission system, antennas are placed on a high tower or building and these are placed within:",200 to 300 miles of each other,2 to 3 miles of each other,20 to 30 miles of each other,100 to 200 miles of each other,,c,,medium,,pu-dogar,pu-csp:past_paper;pu-css:past_paper;pu-cse:past_paper
pu-computer-science-ch5-q14,computer-science-applications-and-use-of-computers-q14,Computer Science,pu-computer-science,5,applications-and-use-of-computers,APPLICATIONS AND USE OF COMPUTERS,topic,Satellites are approximately _______ above the earth.,300 miles,"22,000 miles",23300 miles,22300 miles,,c,,easy,,pu-dogar,pu-csp:past_paper;pu-css:past_paper;pu-cse:past_paper
pu-computer-science-ch5-q15,computer-science-applications-and-use-of-computers-q15,Computer Science,pu-computer-science,5,applications-and-use-of-computers,APPLICATIONS AND USE OF COMPUTERS,topic,CBT stands for:,Computer Based Trade,Computer Based Training,Certificate Based Training,Computer Basic Training,,b,,easy,,pu-dogar,pu-csp:past_paper;pu-css:past_paper;pu-cse:past_paper
pu-computer-science-ch5-q16,computer-science-applications-and-use-of-computers-q16,Computer Science,pu-computer-science,5,applications-and-use-of-computers,APPLICATIONS AND USE OF COMPUTERS,topic,The benefits of CAD include:,Accuracy,Repeatability,Speed & flexibility of production,All,,d,,easy,,pu-dogar,pu-csp:past_paper;pu-css:past_paper;pu-cse:past_paper
pu-computer-science-ch5-q17,computer-science-applications-and-use-of-computers-q17,Computer Science,pu-computer-science,5,applications-and-use-of-computers,APPLICATIONS AND USE OF COMPUTERS,topic,Computer at home can be used for:,Keeping records,Making budgets,Watching movies,All,,d,,easy,,pu-dogar,pu-csp:past_paper;pu-css:past_paper;pu-cse:past_paper
pu-computer-science-ch5-q18,computer-science-applications-and-use-of-computers-q18,Computer Science,pu-computer-science,5,applications-and-use-of-computers,APPLICATIONS AND USE OF COMPUTERS,topic,Many products are designed by using.,ATM,ROBOT,CAD,CAM,,c,,easy,,pu-dogar,pu-csp:past_paper;pu-css:past_paper;pu-cse:past_paper
pu-computer-science-ch5-q19,computer-science-applications-and-use-of-computers-q19,Computer Science,pu-computer-science,5,applications-and-use-of-computers,APPLICATIONS AND USE OF COMPUTERS,topic,_______ is used to control all the parts of manufacturing process.,ATM,CAD,CAM,MICR,,c,,easy,,pu-dogar,pu-csp:past_paper;pu-css:past_paper;pu-cse:past_paper
pu-computer-science-ch5-q20,computer-science-applications-and-use-of-computers-q20,Computer Science,pu-computer-science,5,applications-and-use-of-computers,APPLICATIONS AND USE OF COMPUTERS,topic,_______ is an automatic programmable machine.,CAD,CAM,CBT,Robot,,d,,easy,,pu-dogar,pu-csp:past_paper;pu-css:past_paper;pu-cse:past_paper
pu-computer-science-ch5-q21,computer-science-applications-and-use-of-computers-q21,Computer Science,pu-computer-science,5,applications-and-use-of-computers,APPLICATIONS AND USE OF COMPUTERS,topic,The benefits of using computers are:,Speed,Reliable,Storage,All,,d,,easy,,pu-dogar,pu-csp:past_paper;pu-css:past_paper;pu-cse:past_paper
pu-computer-science-ch5-q22,computer-science-applications-and-use-of-computers-q22,Computer Science,pu-computer-science,5,applications-and-use-of-computers,APPLICATIONS AND USE OF COMPUTERS,topic,The process of automatic office tasks using computer is called:,Office support,Office automation,Data management,Reprographics,,b,,easy,,pu-dogar,pu-csp:past_paper;pu-css:past_paper;pu-cse:past_paper
pu-computer-science-ch5-q23,computer-science-applications-and-use-of-computers-q23,Computer Science,pu-computer-science,5,applications-and-use-of-computers,APPLICATIONS AND USE OF COMPUTERS,topic,The process of producing multiple copies of a document is called:,Reprographics,Word processing,Spreadsheet,Image processing,,a,,easy,,pu-dogar,pu-csp:past_paper;pu-css:past_paper;pu-cse:past_paper
pu-computer-science-ch5-q24,computer-science-applications-and-use-of-computers-q24,Computer Science,pu-computer-science,5,applications-and-use-of-computers,APPLICATIONS AND USE OF COMPUTERS,topic,"_______ is used to product attractive documents using photos, artwork and graphics.",Reprographics,Desktop publishing,Spreadsheet,Image processing,,b,,medium,,pu-dogar,pu-csp:past_paper;pu-css:past_paper;pu-cse:past_paper
pu-computer-science-ch5-q25,computer-science-applications-and-use-of-computers-q25,Computer Science,pu-computer-science,5,applications-and-use-of-computers,APPLICATIONS AND USE OF COMPUTERS,topic,Electronic banking is also known as:,Cyber banking,Offline banking,Interactive banking,Global banking,,a,,easy,,pu-dogar,pu-csp:past_paper;pu-css:past_paper;pu-cse:past_paper
pu-computer-science-ch5-q26,computer-science-applications-and-use-of-computers-q26,Computer Science,pu-computer-science,5,applications-and-use-of-computers,APPLICATIONS AND USE OF COMPUTERS,topic,Which technology is used to read data on cheques?,MICR,OMR,OCR,CAT,,a,,easy,,pu-dogar,pu-csp:past_paper;pu-css:past_paper;pu-cse:past_paper
pu-computer-science-ch5-q27,computer-science-applications-and-use-of-computers-q27,Computer Science,pu-computer-science,5,applications-and-use-of-computers,APPLICATIONS AND USE OF COMPUTERS,topic,Which scanner takes many X-rays around the body?,MICR,OMR,OCR,CAT,,d,,easy,,pu-dogar,pu-csp:past_paper;pu-css:past_paper;pu-cse:past_paper
pu-computer-science-ch5-q28,computer-science-applications-and-use-of-computers-q28,Computer Science,pu-computer-science,5,applications-and-use-of-computers,APPLICATIONS AND USE OF COMPUTERS,topic,A word processor can be used to:,Write Text,Edit Text,Print Text,All,,d,,easy,,pu-dogar,pu-csp:past_paper;pu-css:past_paper;pu-cse:past_paper
pu-computer-science-ch5-q29,computer-science-applications-and-use-of-computers-q29,Computer Science,pu-computer-science,5,applications-and-use-of-computers,APPLICATIONS AND USE OF COMPUTERS,topic,CAL stands for:,Computer Aided Learning,Computer Assisted Learning,Computer Added Learning,Computer Affected Learning,,a,,easy,,pu-dogar,pu-csp:past_paper;pu-css:past_paper;pu-cse:past_paper
pu-computer-science-ch5-q30,computer-science-applications-and-use-of-computers-q30,Computer Science,pu-computer-science,5,applications-and-use-of-computers,APPLICATIONS AND USE OF COMPUTERS,topic,"Typically, an ATM can be used to:",Keep records,Make budgets,Watch movies,Withdraw cash,,d,,easy,,pu-dogar,pu-csp:past_paper;pu-css:past_paper;pu-cse:past_paper
pu-computer-science-ch5-q31,computer-science-applications-and-use-of-computers-q31,Computer Science,pu-computer-science,5,applications-and-use-of-computers,APPLICATIONS AND USE OF COMPUTERS,topic,Modern computer can perform calculations or process in:,Seconds,Minutes,Nino second,Hours,,a,,hard,,pu-dogar,pu-csp:past_paper;pu-css:past_paper;pu-cse:past_paper
pu-computer-science-ch5-q32,computer-science-applications-and-use-of-computers-q32,Computer Science,pu-computer-science,5,applications-and-use-of-computers,APPLICATIONS AND USE OF COMPUTERS,topic,CAT stands for:,Computerized Axial Topography,Computer Axial Topography,Computer Aided Topography,Computer Assisted Technology,,a,,easy,,pu-dogar,pu-csp:past_paper;pu-css:past_paper;pu-cse:past_paper
pu-computer-science-ch5-q33,computer-science-applications-and-use-of-computers-q33,Computer Science,pu-computer-science,5,applications-and-use-of-computers,APPLICATIONS AND USE OF COMPUTERS,topic,Computer based weather forecasting depends on accurate collection of data from:,Television,Weather stations,Radar,Antenna,,b,,medium,,pu-dogar,pu-csp:past_paper;pu-css:past_paper;pu-cse:past_paper
pu-computer-science-ch5-q34,computer-science-applications-and-use-of-computers-q34,Computer Science,pu-computer-science,5,applications-and-use-of-computers,APPLICATIONS AND USE OF COMPUTERS,topic,MICR stands for:,Magnetic Ink Character Reading,Magnetic Ink Character Recorder,Magnetic Ink Character Reader,Magical Ink Character Reader,,c,,easy,,pu-dogar,pu-csp:past_paper;pu-css:past_paper;pu-cse:past_paper
pu-computer-science-ch5-q35,computer-science-applications-and-use-of-computers-q35,Computer Science,pu-computer-science,5,applications-and-use-of-computers,APPLICATIONS AND USE OF COMPUTERS,topic,Which of the following is relevant to office automation?,Document Management System,Message Handling System,Office Support System,All,,d,,easy,,pu-dogar,pu-csp:past_paper;pu-css:past_paper;pu-cse:past_paper
pu-computer-science-ch5-q36,computer-science-applications-and-use-of-computers-q36,Computer Science,pu-computer-science,5,applications-and-use-of-computers,APPLICATIONS AND USE OF COMPUTERS,topic,Which of the following is related to business?,Marketing,Stock exchanges,Banks,All,,d,,easy,,pu-dogar,pu-csp:past_paper;pu-css:past_paper;pu-cse:past_paper
pu-computer-science-ch5-q37,computer-science-applications-and-use-of-computers-q37,Computer Science,pu-computer-science,5,applications-and-use-of-computers,APPLICATIONS AND USE OF COMPUTERS,topic,Which of the following is not included in document management system?,Word-processing,Desktop publishing,Reprographics,E-shopping,,d,,easy,,pu-dogar,pu-csp:past_paper;pu-css:past_paper;pu-cse:past_paper
pu-computer-science-ch5-q38,computer-science-applications-and-use-of-computers-q38,Computer Science,pu-computer-science,5,applications-and-use-of-computers,APPLICATIONS AND USE OF COMPUTERS,topic,The fly-by-wire system is used in:,Medical field,Airline,Education field,Car,,b,,easy,,pu-dogar,pu-csp:past_paper;pu-css:past_paper;pu-cse:past_paper
pu-computer-science-ch5-q39,computer-science-applications-and-use-of-computers-q39,Computer Science,pu-computer-science,5,applications-and-use-of-computers,APPLICATIONS AND USE OF COMPUTERS,topic,Which of the following is NOT true regarding CAM?,It is used in inflexible manufacturing,It improves the overall efficiency of the manufacturing process,,,,a,,easy,,pu-dogar,pu-csp:past_paper;pu-css:past_paper;pu-cse:past_paper
pu-computer-science-ch6-q1,computer-science-computer-architecture-q1,Computer Science,pu-computer-science,6,computer-architecture,COMPUTER ARCHITECTURE,topic,Most applications of robotics are in which area?,Cooking,Manufacturing,Teaching,Farming,,b,,easy,,pu-dogar,pu-csp:past_paper;pu-css:past_paper;pu-cse:past_paper
pu-computer-science-ch6-q2,computer-science-computer-architecture-q2,Computer Science,pu-computer-science,6,computer-architecture,COMPUTER ARCHITECTURE,topic,Electronic commerce (e-commerce) is the process of:,Sharing of business information,Maintain business relationship,Conducting business transaction through the use of telecommunication networks,All,,d,,easy,,pu-dogar,pu-csp:past_paper;pu-css:past_paper;pu-cse:past_paper
pu-computer-science-ch6-q3,computer-science-computer-architecture-q3,Computer Science,pu-computer-science,6,computer-architecture,COMPUTER ARCHITECTURE,topic,Which of the following is not an example of e-commerce?,Electronic banking,Electronic shopping,Online chatting,Online education,,c,,easy,,pu-dogar,pu-csp:past_paper;pu-css:past_paper;pu-cse:past_paper
pu-computer-science-ch6-q4,computer-science-computer-architecture-q4,Computer Science,pu-computer-science,6,computer-architecture,COMPUTER ARCHITECTURE,topic,Many banks provide the facility of:,CAD,CAM,ATM,CBT,,c,,easy,,pu-dogar,pu-csp:past_paper;pu-css:past_paper;pu-cse:past_paper
pu-computer-science-ch6-q5,computer-science-computer-architecture-q5,Computer Science,pu-computer-science,6,computer-architecture,COMPUTER ARCHITECTURE,topic,CBT software is used in:,Education,Forecasting,Manufacturing,Farming,,a,,easy,,pu-dogar,pu-csp:past_paper;pu-css:past_paper;pu-cse:past_paper
pu-computer-science-ch6-q6,computer-science-computer-architecture-q6,Computer Science,pu-computer-science,6,computer-architecture,COMPUTER ARCHITECTURE,topic,Data and programs that are not in use by computer are stored in:,Secondary storage,Cache,Primary storage,Printer,,a,,easy,,pu-dogar,pu-csp:past_paper;pu-css:past_paper;pu-cse:past_paper
pu-computer-science-ch6-q7,computer-science-computer-architecture-q7,Computer Science,pu-computer-science,6,computer-architecture,COMPUTER ARCHITECTURE,topic,A set of instructions that run the computer is:,Hardware,Document,CPU,Software,,d,,easy,,pu-dogar,pu-csp:past_paper;pu-css:past_paper;pu-cse:past_paper
pu-computer-science-ch6-q8,computer-science-computer-architecture-q8,Computer Science,pu-computer-science,6,computer-architecture,COMPUTER ARCHITECTURE,topic,The idea of stored program was given by:,Charles Babbage,John Leitbiz,John Von Neumann,Pascal,,c,,easy,,pu-dogar,pu-csp:past_paper;pu-css:past_paper;pu-cse:past_paper
pu-computer-science-ch6-q9,computer-science-computer-architecture-q9,Computer Science,pu-computer-science,6,computer-architecture,COMPUTER ARCHITECTURE,topic,Which one is the brain of computer?,RAM,CPU,Motherboard,System unit,,b,,easy,,pu-dogar,pu-csp:past_paper;pu-css:past_paper;pu-cse:past_paper
pu-computer-science-ch6-q10,computer-science-computer-architecture-q10,Computer Science,pu-computer-science,6,computer-architecture,COMPUTER ARCHITECTURE,topic,Which component of a computer decodes and executes program constructions?,Main memory,Control unit,Bus interconnection,ALU,,b,,medium,,pu-dogar,pu-csp:past_paper;pu-css:past_paper;pu-cse:past_paper
pu-computer-science-ch6-q11,computer-science-computer-architecture-q11,Computer Science,pu-computer-science,6,computer-architecture,COMPUTER ARCHITECTURE,topic,The component of computer that stores data and program while these are being executed is called:,Main memory,Control unit,Bus interconnection,ALU,,a,,medium,,pu-dogar,pu-csp:past_paper;pu-css:past_paper;pu-cse:past_paper
pu-computer-science-ch6-q12,computer-science-computer-architecture-q13,Computer Science,pu-computer-science,6,computer-architecture,COMPUTER ARCHITECTURE,topic,A computer drives its basic strength from:,Speed,Memory,Accuracy,All,,d,,easy,,pu-dogar,pu-csp:past_paper;pu-css:past_paper;pu-cse:past_paper
pu-computer-science-ch6-q13,computer-science-computer-architecture-q14,Computer Science,pu-computer-science,6,computer-architecture,COMPUTER ARCHITECTURE,topic,The program that contains instructions to operate a device is called:,Device driver,Device operator,Device link,Device system,,a,,easy,,pu-dogar,pu-csp:past_paper;pu-css:past_paper;pu-cse:past_paper
pu-computer-science-ch6-q14,computer-science-computer-architecture-q15,Computer Science,pu-computer-science,6,computer-architecture,COMPUTER ARCHITECTURE,topic,Which component of CPU is responsible for performing arithmetic and logical operations on numeric data?,ALU,Control unit,Register,None,,a,,medium,,pu-dogar,pu-csp:past_paper;pu-css:past_paper;pu-cse:past_paper
pu-computer-science-ch6-q15,computer-science-computer-architecture-q16,Computer Science,pu-computer-science,6,computer-architecture,COMPUTER ARCHITECTURE,topic,CPU is an example of:,Software,Input unit,Hardware,Output unit,,c,,easy,,pu-dogar,pu-csp:past_paper;pu-css:past_paper;pu-cse:past_paper
pu-computer-science-ch6-q16,computer-science-computer-architecture-q17,Computer Science,pu-computer-science,6,computer-architecture,COMPUTER ARCHITECTURE,topic,Which is a storage device?,CPU,Clock,Floppy disk,Bus,,c,,easy,,pu-dogar,pu-csp:past_paper;pu-css:past_paper;pu-cse:past_paper
pu-computer-science-ch6-q17,computer-science-computer-architecture-q18,Computer Science,pu-computer-science,6,computer-architecture,COMPUTER ARCHITECTURE,topic,Which component of computer coordinates all activities in the computer?,ALU,Control unit,Bus interconnection,Register,,b,,medium,,pu-dogar,pu-csp:past_paper;pu-css:past_paper;pu-cse:past_paper
pu-computer-science-ch6-q18,computer-science-computer-architecture-q19,Computer Science,pu-computer-science,6,computer-architecture,COMPUTER ARCHITECTURE,topic,Which component of computer is responsible for comparison of two numbers?,ALU,Control unit,Memory,Hard disk,,a,,medium,,pu-dogar,pu-csp:past_paper;pu-css:past_paper;pu-cse:past_paper
pu-computer-science-ch6-q19,computer-science-computer-architecture-q20,Computer Science,pu-computer-science,6,computer-architecture,COMPUTER ARCHITECTURE,topic,________ is the component of CPU.,Main memory,Bus interconnection,ALU,I/O unit,,c,,easy,,pu-dogar,pu-csp:past_paper;pu-css:past_paper;pu-cse:past_paper
pu-computer-science-ch6-q20,computer-science-computer-architecture-q21,Computer Science,pu-computer-science,6,computer-architecture,COMPUTER ARCHITECTURE,topic,CPU includes all of the following components except:,Main memory,ALU,Control unit,Registers,,a,,easy,,pu-dogar,pu-csp:past_paper;pu-css:past_paper;pu-cse:past_paper
pu-computer-science-ch6-q21,computer-science-computer-architecture-q22,Computer Science,pu-computer-science,6,computer-architecture,COMPUTER ARCHITECTURE,topic,The cells of memory are logically organized into group of:,4-bits,5-bits,7-bits,8-bits,,d,,easy,,pu-dogar,pu-csp:past_paper;pu-css:past_paper;pu-cse:past_paper
pu-computer-science-ch6-q22,computer-science-computer-architecture-q24,Computer Science,pu-computer-science,6,computer-architecture,COMPUTER ARCHITECTURE,topic,The address of instruction under the processor execution is contained within:,Program Counter,Current Instruction Register,Memory Address Register,Memory Buffer Register,,c,,medium,,pu-dogar,pu-csp:past_paper;pu-css:past_paper;pu-cse:past_paper
pu-computer-science-ch6-q23,computer-science-computer-architecture-q25,Computer Science,pu-computer-science,6,computer-architecture,COMPUTER ARCHITECTURE,topic,RAM is a:,Read Only memory,Permanent memory,Volatile memory,None,,c,,easy,,pu-dogar,pu-csp:past_paper;pu-css:past_paper;pu-cse:past_paper
pu-computer-science-ch6-q24,computer-science-computer-architecture-q26,Computer Science,pu-computer-science,6,computer-architecture,COMPUTER ARCHITECTURE,topic,________ is non-volatile memory.,RAM,DRAM,ROM,SRAM,,c,,easy,,pu-dogar,pu-csp:past_paper;pu-css:past_paper;pu-cse:past_paper
pu-computer-science-ch6-q25,computer-science-computer-architecture-q27,Computer Science,pu-computer-science,6,computer-architecture,COMPUTER ARCHITECTURE,topic,________ chips must be refreshed with electric charge periodically.,SRAM,ROM,EEPROM,DRAM,,d,,easy,,pu-dogar,pu-csp:past_paper;pu-css:past_paper;pu-cse:past_paper
pu-computer-science-ch6-q26,computer-science-computer-architecture-q28,Computer Science,pu-computer-science,6,computer-architecture,COMPUTER ARCHITECTURE,topic,ROM is:,Read Only Memory,Non-volatile,Volatile,Both (a) and (b),,d,,easy,,pu-dogar,pu-csp:past_paper;pu-css:past_paper;pu-cse:past_paper
pu-computer-science-ch7-q1,computer-science-data-protection-and-copyright-q1,Computer Science,pu-computer-science,7,data-protection-and-copyright,DATA PROTECTION AND COPYRIGHT,topic,system bus is divided?,2,3,4,5,,b,,easy,,pu-dogar,pu-csp:past_paper;pu-css:past_paper;pu-cse:past_paper
pu-computer-science-ch7-q2,computer-science-data-protection-and-copyright-q2,Computer Science,pu-computer-science,7,data-protection-and-copyright,DATA PROTECTION AND COPYRIGHT,topic,Which one is not a type of bus?,Cache,Control bus,Address bus,Data bus,,a,,easy,,pu-dogar,pu-csp:past_paper;pu-css:past_paper;pu-cse:past_paper
pu-computer-science-ch7-q3,computer-science-data-protection-and-copyright-q3,Computer Science,pu-computer-science,7,data-protection-and-copyright,DATA PROTECTION AND COPYRIGHT,topic,CPU sends command signals to different components of computer through:,Data bus,Address bus,Control bus,All,,c,,medium,,pu-dogar,pu-csp:past_paper;pu-css:past_paper;pu-cse:past_paper
pu-computer-science-ch7-q4,computer-science-data-protection-and-copyright-q4,Computer Science,pu-computer-science,7,data-protection-and-copyright,DATA PROTECTION AND COPYRIGHT,topic,A bus that communicates data between CPU and memory is called:,Data bus,Address bus,Control bus,All,,a,,easy,,pu-dogar,pu-csp:past_paper;pu-css:past_paper;pu-cse:past_paper
pu-computer-science-ch7-q5,computer-science-data-protection-and-copyright-q5,Computer Science,pu-computer-science,7,data-protection-and-copyright,DATA PROTECTION AND COPYRIGHT,topic,command is used to write data into memory.,I/O Write,Transfer Ask,Memory Write,I/O Read,,c,,easy,,pu-dogar,pu-csp:past_paper;pu-css:past_paper;pu-cse:past_paper
pu-computer-science-ch7-q6,computer-science-data-protection-and-copyright-q6,Computer Science,pu-computer-science,7,data-protection-and-copyright,DATA PROTECTION AND COPYRIGHT,topic,Temporary storage area within CPU is called:,Register,ALU,Bus interconnection,Linked code,,a,,easy,,pu-dogar,pu-csp:past_paper;pu-css:past_paper;pu-cse:past_paper
pu-computer-science-ch7-q7,computer-science-data-protection-and-copyright-q7,Computer Science,pu-computer-science,7,data-protection-and-copyright,DATA PROTECTION AND COPYRIGHT,topic,Which one is faster?,RAM,Cache,Register,Hard disk,,c,,easy,,pu-dogar,pu-csp:past_paper;pu-css:past_paper;pu-cse:past_paper
pu-computer-science-ch7-q8,computer-science-data-protection-and-copyright-q8,Computer Science,pu-computer-science,7,data-protection-and-copyright,DATA PROTECTION AND COPYRIGHT,topic,Which is not a type of register?,Math coprocessor,Flag,Accumulator,Segment,,a,,easy,,pu-dogar,pu-csp:past_paper;pu-css:past_paper;pu-cse:past_paper
pu-computer-science-ch7-q9,computer-science-data-protection-and-copyright-q9,Computer Science,pu-computer-science,7,data-protection-and-copyright,DATA PROTECTION AND COPYRIGHT,topic,registers holds the address of the next instruction to be fetched for execution.,IR,PC,MAR,MBR,,b,,medium,,pu-dogar,pu-csp:past_paper;pu-css:past_paper;pu-cse:past_paper
pu-computer-science-ch7-q10,computer-science-data-protection-and-copyright-q10,Computer Science,pu-computer-science,7,data-protection-and-copyright,DATA PROTECTION AND COPYRIGHT,topic,registers holds the instruction fetched from memory.,IR,PC,MAR,MBR,,a,,easy,,pu-dogar,pu-csp:past_paper;pu-css:past_paper;pu-cse:past_paper
pu-computer-science-ch7-q11,computer-science-data-protection-and-copyright-q11,Computer Science,pu-computer-science,7,data-protection-and-copyright,DATA PROTECTION AND COPYRIGHT,topic,Which register holds the address of active memory location that is being currently accessed by the CPU?,IR,PC,MAR,MBR,,c,,medium,,pu-dogar,pu-csp:past_paper;pu-css:past_paper;pu-cse:past_paper
pu-computer-science-ch7-q12,computer-science-data-protection-and-copyright-q13,Computer Science,pu-computer-science,7,data-protection-and-copyright,DATA PROTECTION AND COPYRIGHT,topic,Which component is responsible for comparing the contents of two pieces of data?,ALU,Control Unit,Memory,None,,a,,medium,,pu-dogar,pu-csp:past_paper;pu-css:past_paper;pu-cse:past_paper
pu-computer-science-ch8-q1,computer-science-7-windows-operating-system-q1,Computer Science,pu-computer-science,8,7-windows-operating-system,7. WINDOWS OPERATING SYSTEM,topic,[Incomplete question text from previous page],A disease,Set of computer instructions or codes,Type of bacteria,Hardware component,,b,,easy,,pu-dogar,pu-csp:past_paper;pu-css:past_paper;pu-cse:past_paper
pu-computer-science-ch8-q2,computer-science-7-windows-operating-system-q2,Computer Science,pu-computer-science,8,7-windows-operating-system,7. WINDOWS OPERATING SYSTEM,topic,A program that interferes with the normal working of a computer is called:,Virus,Antivirus,Freeware,Bacteria,,a,,medium,,pu-dogar,pu-csp:past_paper;pu-css:past_paper;pu-cse:past_paper
pu-computer-science-ch8-q3,computer-science-7-windows-operating-system-q3,Computer Science,pu-computer-science,8,7-windows-operating-system,7. WINDOWS OPERATING SYSTEM,topic,A special program that can detect and remove viruses from computer is called:,Virus,Antivirus,Groupware,Custom,,b,,medium,,pu-dogar,pu-csp:past_paper;pu-css:past_paper;pu-cse:past_paper
pu-computer-science-ch8-q4,computer-science-7-windows-operating-system-q4,Computer Science,pu-computer-science,8,7-windows-operating-system,7. WINDOWS OPERATING SYSTEM,topic,McAfee is an example of:,Virus,Antivirus,Hacker,Worm,,b,,easy,,pu-dogar,pu-csp:past_paper;pu-css:past_paper;pu-cse:past_paper
pu-computer-science-ch8-q5,computer-science-7-windows-operating-system-q5,Computer Science,pu-computer-science,8,7-windows-operating-system,7. WINDOWS OPERATING SYSTEM,topic,Trojan Horse is a type of:,Antivirus,Virus,Software,Horse,,b,,easy,,pu-dogar,pu-csp:past_paper;pu-css:past_paper;pu-cse:past_paper
pu-computer-science-ch8-q6,computer-science-7-windows-operating-system-q6,Computer Science,pu-computer-science,8,7-windows-operating-system,7. WINDOWS OPERATING SYSTEM,topic,Which of the following is not cause of virus?,Email,Networks,Pirated software,Logic bomb,,d,,easy,,pu-dogar,pu-csp:past_paper;pu-css:past_paper;pu-cse:past_paper
pu-computer-science-ch8-q7,computer-science-7-windows-operating-system-q7,Computer Science,pu-computer-science,8,7-windows-operating-system,7. WINDOWS OPERATING SYSTEM,topic,How a virus reaches from one computer to another?,Data is exchanged between computers,Exchange of display screen,Exchange of keyboard,Exchange of printer,,a,,easy,,pu-dogar,pu-csp:past_paper;pu-css:past_paper;pu-cse:past_paper
pu-computer-science-ch8-q8,computer-science-7-windows-operating-system-q8,Computer Science,pu-computer-science,8,7-windows-operating-system,7. WINDOWS OPERATING SYSTEM,topic,Which of the following is harmful for computer?,Antivirus,Virus,Shareware,Freeware,,b,,easy,,pu-dogar,pu-csp:past_paper;pu-css:past_paper;pu-cse:past_paper
pu-computer-science-ch8-q9,computer-science-7-windows-operating-system-q9,Computer Science,pu-computer-science,8,7-windows-operating-system,7. WINDOWS OPERATING SYSTEM,topic,Which of the following one is not a virus?,Trojan Horse,Logic bomb,McAfee,Redlof,,c,,easy,,pu-dogar,pu-csp:past_paper;pu-css:past_paper;pu-cse:past_paper
pu-computer-science-ch8-q10,computer-science-7-windows-operating-system-q10,Computer Science,pu-computer-science,8,7-windows-operating-system,7. WINDOWS OPERATING SYSTEM,topic,Which of the following is not an antivirus program?,Redlof,Norton,Dr. Solmon,McAfee,,a,,easy,,pu-dogar,pu-csp:past_paper;pu-css:past_paper;pu-cse:past_paper
pu-computer-science-ch8-q11,computer-science-7-windows-operating-system-q11,Computer Science,pu-computer-science,8,7-windows-operating-system,7. WINDOWS OPERATING SYSTEM,topic,Which of the following is computer virus?,Chernobyl,Logic bomb,Redlof,All,,d,,easy,,pu-dogar,pu-csp:past_paper;pu-css:past_paper;pu-cse:past_paper
pu-computer-science-ch8-q12,computer-science-7-windows-operating-system-q12,Computer Science,pu-computer-science,8,7-windows-operating-system,7. WINDOWS OPERATING SYSTEM,topic,The virus which deletes MS Office files and disk partition information is called:,Book sector,Chernobyl,Logic bomb,Trojan Horse,,b,,medium,,pu-dogar,pu-csp:past_paper;pu-css:past_paper;pu-cse:past_paper
pu-computer-science-ch8-q13,computer-science-7-windows-operating-system-q13,Computer Science,pu-computer-science,8,7-windows-operating-system,7. WINDOWS OPERATING SYSTEM,topic,Which of the following viruses executes when starting the computer?,Macro,File infector,Boot sector,None,,c,,easy,,pu-dogar,pu-csp:past_paper;pu-css:past_paper;pu-cse:past_paper
pu-computer-science-ch8-q14,computer-science-7-windows-operating-system-q14,Computer Science,pu-computer-science,8,7-windows-operating-system,7. WINDOWS OPERATING SYSTEM,topic,The extension of an executable file is:,xls.,doc.,ext.,exe.,,d,,easy,,pu-dogar,pu-csp:past_paper;pu-css:past_paper;pu-cse:past_paper
pu-computer-science-ch8-q15,computer-science-7-windows-operating-system-q15,Computer Science,pu-computer-science,8,7-windows-operating-system,7. WINDOWS OPERATING SYSTEM,topic,Which malicious program is activated when a specific set of conditions are met?,Trojan Horse,Virus,Worm,Logic bomb,,d,,medium,,pu-dogar,pu-csp:past_paper;pu-css:past_paper;pu-cse:past_paper
pu-computer-science-ch8-q16,computer-science-7-windows-operating-system-q16,Computer Science,pu-computer-science,8,7-windows-operating-system,7. WINDOWS OPERATING SYSTEM,topic,Format C is an example of:,Trojan Horse,Chernobyl,Boot sector,Logic bomb,,a,,easy,,pu-dogar,pu-csp:past_paper;pu-css:past_paper;pu-cse:past_paper
pu-computer-science-ch8-q17,computer-science-7-windows-operating-system-q17,Computer Science,pu-computer-science,8,7-windows-operating-system,7. WINDOWS OPERATING SYSTEM,topic,Making illegal copies of copyrighted software is called:,Software piracy,Software distribution,Software browsing,Software hacking,,a,,easy,,pu-dogar,pu-csp:past_paper;pu-css:past_paper;pu-cse:past_paper
pu-computer-science-ch8-q18,computer-science-7-windows-operating-system-q18,Computer Science,pu-computer-science,8,7-windows-operating-system,7. WINDOWS OPERATING SYSTEM,topic,Software that is available free for a limited period is called:,Freeware,Groupware,Shareware,Vertical,,c,,easy,,pu-dogar,pu-csp:past_paper;pu-css:past_paper;pu-cse:past_paper
pu-computer-science-ch8-q19,computer-science-7-windows-operating-system-q19,Computer Science,pu-computer-science,8,7-windows-operating-system,7. WINDOWS OPERATING SYSTEM,topic,Which of the following media can be used for backup?,Floppy Diskette,Zip Disk,Tape Device,All,,d,,easy,,pu-dogar,pu-csp:past_paper;pu-css:past_paper;pu-cse:past_paper
pu-computer-science-ch8-q20,computer-science-7-windows-operating-system-q20,Computer Science,pu-computer-science,8,7-windows-operating-system,7. WINDOWS OPERATING SYSTEM,topic,An additional or spare copy of data stored on storage media is called:,Backup of data,Copying of data,Moving of data,Additional data,,a,,medium,,pu-dogar,pu-csp:past_paper;pu-css:past_paper;pu-cse:past_paper
pu-computer-science-ch8-q21,computer-science-7-windows-operating-system-q21,Computer Science,pu-computer-science,8,7-windows-operating-system,7. WINDOWS OPERATING SYSTEM,topic,The right to use the software on the computer is called:,Software copyright,Site license,Software piracy,Intellectual property right,,a,,easy,,pu-dogar,pu-csp:past_paper;pu-css:past_paper;pu-cse:past_paper
pu-computer-science-ch8-q22,computer-science-7-windows-operating-system-q22,Computer Science,pu-computer-science,8,7-windows-operating-system,7. WINDOWS OPERATING SYSTEM,topic,The right of a person to keep his personal information away from others is called:,Privacy,Private,Secrecy,Right,,a,,medium,,pu-dogar,pu-csp:past_paper;pu-css:past_paper;pu-cse:past_paper
pu-computer-science-ch8-q23,computer-science-7-windows-operating-system-q23,Computer Science,pu-computer-science,8,7-windows-operating-system,7. WINDOWS OPERATING SYSTEM,topic,A set of illegal instructions inserted into a legitimate computer program is called:,Trapdoor,Trojan horse,Worm,Bomb,,b,,medium,,pu-dogar,pu-csp:past_paper;pu-css:past_paper;pu-cse:past_paper
pu-computer-science-ch8-q24,computer-science-7-windows-operating-system-q24,Computer Science,pu-computer-science,8,7-windows-operating-system,7. WINDOWS OPERATING SYSTEM,topic,A virus that replicates itself is called:,Bug,Worm,Vaccine,Bomb,,b,,easy,,pu-dogar,pu-csp:past_paper;pu-css:past_paper;pu-cse:past_paper
pu-computer-science-ch8-q25,computer-science-7-windows-operating-system-q25,Computer Science,pu-computer-science,8,7-windows-operating-system,7. WINDOWS OPERATING SYSTEM,topic,Another name for antivirus is:,Vaccine,Worm,Trojan Horse,DES,,a,,easy,,pu-dogar,pu-csp:past_paper;pu-css:past_paper;pu-cse:past_paper
pu-computer-science-ch8-q26,computer-science-7-windows-operating-system-q26,Computer Science,pu-computer-science,8,7-windows-operating-system,7. WINDOWS OPERATING SYSTEM,topic,Most computer crimes are committed by:,Hackers,International spies,Highly paid computer consultants,Computer operators,,a,,easy,,pu-dogar,pu-csp:past_paper;pu-css:past_paper;pu-cse:past_paper
pu-computer-science-ch8-q27,computer-science-7-windows-operating-system-q27,Computer Science,pu-computer-science,8,7-windows-operating-system,7. WINDOWS OPERATING SYSTEM,topic,A person who gains illegal access to a computer system is called:,Hacker,Network controller,Computer operator,Authorized person,,a,,easy,,pu-dogar,pu-csp:past_paper;pu-css:past_paper;pu-cse:past_paper
pu-computer-science-ch8-q28,computer-science-7-windows-operating-system-q28,Computer Science,pu-computer-science,8,7-windows-operating-system,7. WINDOWS OPERATING SYSTEM,topic,Another name for free software is:,Encrypted software,Copy protected software,Public domain software,Shareware,,c,,easy,,pu-dogar,pu-csp:past_paper;pu-css:past_paper;pu-cse:past_paper
pu-computer-science-ch8-q29,computer-science-7-windows-operating-system-q29,Computer Science,pu-computer-science,8,7-windows-operating-system,7. WINDOWS OPERATING SYSTEM,topic,A virus program is usually hidden in:,The operating system only,An application program only,The disk drivers,The operating system or application programs,,d,,easy,,pu-dogar,pu-csp:past_paper;pu-css:past_paper;pu-cse:past_paper
pu-computer-science-ch8-q30,computer-science-7-windows-operating-system-q30,Computer Science,pu-computer-science,8,7-windows-operating-system,7. WINDOWS OPERATING SYSTEM,topic,An Operating System is a:,System Utility,Application Software,System Software,Software Package,,c,,easy,,pu-dogar,pu-csp:past_paper;pu-css:past_paper;pu-cse:past_paper
pu-computer-science-ch8-q31,computer-science-7-windows-operating-system-q31,Computer Science,pu-computer-science,8,7-windows-operating-system,7. WINDOWS OPERATING SYSTEM,topic,___________ is most necessary to interact with the computer.,"Word processor, Excel",Device driver,Operating system,Language translator,,c,,easy,,pu-dogar,pu-csp:past_paper;pu-css:past_paper;pu-cse:past_paper
pu-computer-science-ch8-q32,computer-science-7-windows-operating-system-q32,Computer Science,pu-computer-science,8,7-windows-operating-system,7. WINDOWS OPERATING SYSTEM,topic,___________ organizes and controls the hardware and software.,"Word processor, Excel",Device driver,Operating system,Language translator,,c,,easy,,pu-dogar,pu-csp:past_paper;pu-css:past_paper;pu-cse:past_paper
pu-computer-science-ch8-q33,computer-science-7-windows-operating-system-q33,Computer Science,pu-computer-science,8,7-windows-operating-system,7. WINDOWS OPERATING SYSTEM,topic,An operating system is:,Custom built,Application software,System software,Packaged software,,c,,easy,,pu-dogar,pu-csp:past_paper;pu-css:past_paper;pu-cse:past_paper
pu-computer-science-ch8-q34,computer-science-7-windows-operating-system-q34,Computer Science,pu-computer-science,8,7-windows-operating-system,7. WINDOWS OPERATING SYSTEM,topic,Ctrl + Alt + Del is:,An invalid key combination,Recognized by windows only,Used to close the active window,Both b and c,,d,,easy,,pu-dogar,pu-csp:past_paper;pu-css:past_paper;pu-cse:past_paper
pu-computer-science-ch8-q35,computer-science-7-windows-operating-system-q35,Computer Science,pu-computer-science,8,7-windows-operating-system,7. WINDOWS OPERATING SYSTEM,topic,How many types of operating systems are there on the basis of user interface?,2,3,4,5,,a,,medium,,pu-dogar,pu-csp:past_paper;pu-css:past_paper;pu-cse:past_paper
pu-computer-science-ch8-q36,computer-science-7-windows-operating-system-q36,Computer Science,pu-computer-science,8,7-windows-operating-system,7. WINDOWS OPERATING SYSTEM,topic,___________ is not an example of GUI operating system.,Windows,Solaris,Linux,DOS,,d,,easy,,pu-dogar,pu-csp:past_paper;pu-css:past_paper;pu-cse:past_paper
pu-computer-science-ch8-q37,computer-science-7-windows-operating-system-q37,Computer Science,pu-computer-science,8,7-windows-operating-system,7. WINDOWS OPERATING SYSTEM,topic,GUI stands for:,Graphical User Interface,General User Interrupt,"Graphs, Utilities, Icons",Grayed User Interface,,a,,easy,,pu-dogar,pu-csp:past_paper;pu-css:past_paper;pu-cse:past_paper
pu-computer-science-ch8-q38,computer-science-7-windows-operating-system-q38,Computer Science,pu-computer-science,8,7-windows-operating-system,7. WINDOWS OPERATING SYSTEM,topic,___________ is an example of command line operating system.,Windows,Solaris,Unix,Linux,,c,,easy,,pu-dogar,pu-csp:past_paper;pu-css:past_paper;pu-cse:past_paper
pu-computer-science-ch8-q39,computer-science-7-windows-operating-system-q39,Computer Science,pu-computer-science,8,7-windows-operating-system,7. WINDOWS OPERATING SYSTEM,topic,What type of operating system MS-DOS is?,Command Line Interface,Graphical User Interface,Multitasking,Menu Driven Interface,,a,,easy,,pu-dogar,pu-csp:past_paper;pu-css:past_paper;pu-cse:past_paper
pu-computer-science-ch8-q40,computer-science-7-windows-operating-system-q40,Computer Science,pu-computer-science,8,7-windows-operating-system,7. WINDOWS OPERATING SYSTEM,topic,"As compared to command line operating system, a GUI operating system is:",More efficient,Easier to use,,,,b,"A GUI operating system (e.g. Windows) provides intuitive visual controls, making it significantly easier to use than a command-line interface for the average user.",medium,,pu-dogar,pu-csp:past_paper;pu-css:past_paper;pu-cse:past_paper
pu-computer-science-ch9-q1,computer-science-word-processing-q1,Computer Science,pu-computer-science,9,word-processing,Word Processing,topic,The maximum number of primary partitions that can be created on a disk is:,Two,Three,Four,None of the above,,c,,medium,,pu-dogar,pu-csp:past_paper;pu-css:past_paper;pu-cse:past_paper
pu-computer-science-ch9-q2,computer-science-word-processing-q2,Computer Science,pu-computer-science,9,word-processing,Word Processing,topic,_____ is based on the NT technology.,Windows 95,Windows 98,Windows 3.x,"Windows 2000, XP",,d,,easy,,pu-dogar,pu-csp:past_paper;pu-css:past_paper;pu-cse:past_paper
pu-computer-science-ch9-q3,computer-science-word-processing-q3,Computer Science,pu-computer-science,9,word-processing,Word Processing,topic,"The capability of an operating system to load multiple program into memory at a time and to perform two or more processes concurrently, is called:",Multiprocessing,Multitasking,Multiprogramming,Multi-user,,b,,medium,,pu-dogar,pu-csp:past_paper;pu-css:past_paper;pu-cse:past_paper
pu-computer-science-ch9-q4,computer-science-word-processing-q4,Computer Science,pu-computer-science,9,word-processing,Word Processing,topic,_____ involves the processing on multiple processors in a computer.,Multiprocessing,Multitasking,Multiprogramming,Multi-user,,a,,easy,,pu-dogar,pu-csp:past_paper;pu-css:past_paper;pu-cse:past_paper
pu-computer-science-ch9-q5,computer-science-word-processing-q5,Computer Science,pu-computer-science,9,word-processing,Word Processing,topic,_____ is the entering point in Windows.,My computer,Desktop,My Documents,Windows explorer,,b,,easy,,pu-dogar,pu-csp:past_paper;pu-css:past_paper;pu-cse:past_paper
pu-computer-science-ch9-q6,computer-science-word-processing-q6,Computer Science,pu-computer-science,9,word-processing,Word Processing,topic,Windows explorer is used to:,Access the internet,Explore system resources,Perform maintenance on the hard disk,Navigate files and folders on the computer,,d,,easy,,pu-dogar,pu-csp:past_paper;pu-css:past_paper;pu-cse:past_paper
pu-computer-science-ch9-q7,computer-science-word-processing-q7,Computer Science,pu-computer-science,9,word-processing,Word Processing,topic,_____ acts as file manager for Windows.,Recycle Bin,Desktop,My Documents,Windows explorer,,d,,easy,,pu-dogar,pu-csp:past_paper;pu-css:past_paper;pu-cse:past_paper
pu-computer-science-ch9-q8,computer-science-word-processing-q8,Computer Science,pu-computer-science,9,word-processing,Word Processing,topic,_____ contains the files and folders that are deleted from the hard disk.,My Documents,Recycle Bin,My Computer,Windows Explorer,,b,,medium,,pu-dogar,pu-csp:past_paper;pu-css:past_paper;pu-cse:past_paper
pu-computer-science-ch9-q9,computer-science-word-processing-q9,Computer Science,pu-computer-science,9,word-processing,Word Processing,topic,"By default, Windows save the documents created in MS-Word in the folder:",My Documents,Recycle Bin,My Computer,Windows Explorer,,a,,medium,,pu-dogar,pu-csp:past_paper;pu-css:past_paper;pu-cse:past_paper
pu-computer-science-ch9-q10,computer-science-word-processing-q10,Computer Science,pu-computer-science,9,word-processing,Word Processing,topic,_____ is a Web Browser that is included with Microsoft Windows operating system.,Netscape Navigator,Windows Explorer,Internet Explorer,None,,c,,medium,,pu-dogar,pu-csp:past_paper;pu-css:past_paper;pu-cse:past_paper
pu-computer-science-ch9-q11,computer-science-word-processing-q11,Computer Science,pu-computer-science,9,word-processing,Word Processing,topic,The File Manager in Windows is:,Internet Explorer,Windows Explorer,My Computer,My Documents,,b,,easy,,pu-dogar,pu-csp:past_paper;pu-css:past_paper;pu-cse:past_paper
pu-computer-science-ch9-q12,computer-science-word-processing-q12,Computer Science,pu-computer-science,9,word-processing,Word Processing,topic,The term _____ involves the multiple processors in the computer.,Multitasking,Multiprocessing,Multiprogramming,Multi User,,b,,easy,,pu-dogar,pu-csp:past_paper;pu-css:past_paper;pu-cse:past_paper
pu-computer-science-ch9-q13,computer-science-word-processing-q13,Computer Science,pu-computer-science,9,word-processing,Word Processing,topic,_____ is sued to surf internet.,Internet Explorer,Windows Explorer,My Computer,Control Panel,,a,,easy,,pu-dogar,pu-csp:past_paper;pu-css:past_paper;pu-cse:past_paper
pu-computer-science-ch9-q14,computer-science-word-processing-q14,Computer Science,pu-computer-science,9,word-processing,Word Processing,topic,_____ folder contains the administrative tools.,Recycle Bin,My Documents,My Computer,Control Panel,,d,,easy,,pu-dogar,pu-csp:past_paper;pu-css:past_paper;pu-cse:past_paper
pu-computer-science-ch9-q15,computer-science-word-processing-q15,Computer Science,pu-computer-science,9,word-processing,Word Processing,topic,Which is a mouse event?,Left click,Right click,Double click,All,,d,,easy,,pu-dogar,pu-csp:past_paper;pu-css:past_paper;pu-cse:past_paper
pu-computer-science-ch9-q16,computer-science-word-processing-q16,Computer Science,pu-computer-science,9,word-processing,Word Processing,topic,_____ is not a mouse event.,Left click,Right click,Center click,Drag,,c,,easy,,pu-dogar,pu-csp:past_paper;pu-css:past_paper;pu-cse:past_paper
pu-computer-science-ch9-q17,computer-science-word-processing-q17,Computer Science,pu-computer-science,9,word-processing,Word Processing,topic,_____ event of mouse is normally used to select an object.,Left click,Right click,Center click,Drag,,a,,easy,,pu-dogar,pu-csp:past_paper;pu-css:past_paper;pu-cse:past_paper
pu-computer-science-ch9-q18,computer-science-word-processing-q18,Computer Science,pu-computer-science,9,word-processing,Word Processing,topic,_____ event of mouse is used to select multiple items at a time or to move an item(s) from one location to another.,Left click,Right click,Center click,Drag,,d,,medium,,pu-dogar,pu-csp:past_paper;pu-css:past_paper;pu-cse:past_paper
pu-computer-science-ch9-q19,computer-science-word-processing-q19,Computer Science,pu-computer-science,9,word-processing,Word Processing,topic,An operating system is able to perform multiple processes at the same time is called:,Plug and play,Multiprocessing,Multiprogramming,Multiuser,,c,,medium,,pu-dogar,pu-csp:past_paper;pu-css:past_paper;pu-cse:past_paper
pu-computer-science-ch9-q20,computer-science-word-processing-q21,Computer Science,pu-computer-science,9,word-processing,Word Processing,topic,How many types of partitions are there?,2,3,4,5,,a,,easy,,pu-dogar,pu-csp:past_paper;pu-css:past_paper;pu-cse:past_paper
pu-computer-science-ch9-q21,computer-science-word-processing-q22,Computer Science,pu-computer-science,9,word-processing,Word Processing,topic,_____ is stored in clipboard.,Deleted text,Copied text,Repeated text,Entered text,,b,,easy,,pu-dogar,pu-csp:past_paper;pu-css:past_paper;pu-cse:past_paper
pu-computer-science-ch9-q22,computer-science-word-processing-q23,Computer Science,pu-computer-science,9,word-processing,Word Processing,topic,Which of the following is popular full-featured word processor?,MS Word,Word pad,Notepad,All,,a,,easy,,pu-dogar,pu-csp:past_paper;pu-css:past_paper;pu-cse:past_paper
pu-computer-science-ch9-q23,computer-science-word-processing-q24,Computer Science,pu-computer-science,9,word-processing,Word Processing,topic,A word processor can:,Copy text,Insert text,Find and replace text,All,,d,,easy,,pu-dogar,pu-csp:past_paper;pu-css:past_paper;pu-cse:past_paper
pu-computer-science-ch9-q24,computer-science-word-processing-q25,Computer Science,pu-computer-science,9,word-processing,Word Processing,topic,Word processing programs are used to create:,Reports,Letters,Labels,All,,d,,easy,,pu-dogar,pu-csp:past_paper;pu-css:past_paper;pu-cse:past_paper
pu-computer-science-ch9-q25,computer-science-word-processing-q26,Computer Science,pu-computer-science,9,word-processing,Word Processing,topic,Word processing includes the process of:,Entering text,Editing text,Formatting,All,,d,,easy,,pu-dogar,pu-csp:past_paper;pu-css:past_paper;pu-cse:past_paper
pu-computer-science-ch9-q26,computer-science-word-processing-q27,Computer Science,pu-computer-science,9,word-processing,Word Processing,topic,Most modern word processors allow users to control the formats of:,Individual characters,Paragraphs,Complete documents,All,,d,,easy,,pu-dogar,pu-csp:past_paper;pu-css:past_paper;pu-cse:past_paper
pu-computer-science-ch9-q27,computer-science-word-processing-q28,Computer Science,pu-computer-science,9,word-processing,Word Processing,topic,A feature commonly available with word processor is:,Spell checker,Automatic footnoting,Multicolumn tables,All,,d,,easy,,pu-dogar,pu-csp:past_paper;pu-css:past_paper;pu-cse:past_paper
pu-computer-science-ch9-q28,computer-science-word-processing-q29,Computer Science,pu-computer-science,9,word-processing,Word Processing,topic,The tool used to find a similar or alternative word in a document is called:,Finder,Thesaurus,Dictionary,Style,,b,,medium,,pu-dogar,pu-csp:past_paper;pu-css:past_paper;pu-cse:past_paper
pu-computer-science-ch9-q29,computer-science-word-processing-q30,Computer Science,pu-computer-science,9,word-processing,Word Processing,topic,A tool that is used to generate form letters is called:,Mail Merge,Grammar Ready,Mail Ready,Letter Writer,,a,,easy,,pu-dogar,pu-csp:past_paper;pu-css:past_paper;pu-cse:past_paper
pu-computer-science-ch9-q30,computer-science-word-processing-q31,Computer Science,pu-computer-science,9,word-processing,Word Processing,topic,The symbol that shows where the next character will be typed is called:,Typing point,Typing locator,Insertion point,Scroll,,c,,medium,,pu-dogar,pu-csp:past_paper;pu-css:past_paper;pu-cse:past_paper
pu-computer-science-ch9-q31,computer-science-word-processing-q32,Computer Science,pu-computer-science,9,word-processing,Word Processing,topic,The shape of the insertion point symbol is:,Arrow,Vertical line,Horizontal line,Circle,,b,,easy,,pu-dogar,pu-csp:past_paper;pu-css:past_paper;pu-cse:past_paper
pu-computer-science-ch9-q32,computer-science-word-processing-q33,Computer Science,pu-computer-science,9,word-processing,Word Processing,topic,"When starting Word, the name of the default document is:",Document1,File1,WPD1,Word1,,a,,easy,,pu-dogar,pu-csp:past_paper;pu-css:past_paper;pu-cse:past_paper
pu-computer-science-ch9-q33,computer-science-word-processing-q34,Computer Science,pu-computer-science,9,word-processing,Word Processing,topic,Which of the following is used to edit text in a document?,Delete key,Backspace key,Cut and paste,All,,d,,easy,,pu-dogar,pu-csp:past_paper;pu-css:past_paper;pu-cse:past_paper
pu-computer-science-ch9-q34,computer-science-word-processing-q35,Computer Science,pu-computer-science,9,word-processing,Word Processing,topic,Which of the following feature is used to reverse the changes made to a document?,WYSIWYG,Redo,Undo,GUI,,c,,medium,,pu-dogar,pu-csp:past_paper;pu-css:past_paper;pu-cse:past_paper
pu-computer-science-ch9-q35,computer-science-word-processing-q36,Computer Science,pu-computer-science,9,word-processing,Word Processing,topic,The extension of MS-Word file is:,wrd,xls,jpg,doc,,d,,easy,,pu-dogar,pu-csp:past_paper;pu-css:past_paper;pu-cse:past_paper
pu-computer-science-ch9-q36,computer-science-word-processing-q37,Computer Science,pu-computer-science,9,word-processing,Word Processing,topic,The process of moving up or down in a word processing document is called:,Line movement,Word wrap,Pull-down,Scrolling,,d,,medium,,pu-dogar,pu-csp:past_paper;pu-css:past_paper;pu-cse:past_paper
pu-computer-science-ch9-q37,computer-science-word-processing-q38,Computer Science,pu-computer-science,9,word-processing,Word Processing,topic,Which of the following keys is used to delete characters in a document?,Backspace,Delete,Both a and b,Esc,,c,,medium,,pu-dogar,pu-csp:past_paper;pu-css:past_paper;pu-cse:past_paper
pu-computer-science-ch9-q38,computer-science-word-processing-q39,Computer Science,pu-computer-science,9,word-processing,Word Processing,topic,The key that is used to delete a character to the right of the cursor is:,Del,Backspace,End,Ctrl+Del,,a,,medium,,pu-dogar,pu-csp:past_paper;pu-css:past_paper;pu-cse:past_paper
pu-computer-science-ch9-q39,computer-science-word-processing-q40,Computer Science,pu-computer-science,9,word-processing,Word Processing,topic,The key that is used to delete a character to the left of the cursor is:,Del,Backspace,Home,Ctrl+Tab,,b,,medium,,pu-dogar,pu-csp:past_paper;pu-css:past_paper;pu-cse:past_paper
pu-computer-science-ch9-q40,computer-science-word-processing-q41,Computer Science,pu-computer-science,9,word-processing,Word Processing,topic,Clipboard stores:,Entered text,Copied text,Deleted text,Repeated text,,b,,easy,,pu-dogar,pu-csp:past_paper;pu-css:past_paper;pu-cse:past_paper
pu-computer-science-ch9-q41,computer-science-word-processing-q42,Computer Science,pu-computer-science,9,word-processing,Word Processing,topic,Pressing Ins key will:,Insert a character into the document,Toggle between Undo and Redo,Toggle between insertion and overtype mode,To insert image in document,,c,,easy,,pu-dogar,pu-csp:past_paper;pu-css:past_paper;pu-cse:past_paper
pu-computer-science-ch9-q42,computer-science-word-processing-q43,Computer Science,pu-computer-science,9,word-processing,Word Processing,topic,A set of buttons to execute commands in a word processing document is called:,Menu,Button list,Dialog,Toolbar,,d,,medium,,pu-dogar,pu-csp:past_paper;pu-css:past_paper;pu-cse:past_paper
pu-computer-science-ch9-q43,computer-science-word-processing-q44,Computer Science,pu-computer-science,9,word-processing,Word Processing,topic,The term that defines the size and style of a typeface is:,Point,Font,Character,Size,,b,,easy,,pu-dogar,pu-csp:past_paper;pu-css:past_paper;pu-cse:past_paper
pu-computer-science-ch9-q44,computer-science-word-processing-q45,Computer Science,pu-computer-science,9,word-processing,Word Processing,topic,The font that displays little lines at the top and bottom of most characters is called:,Sans-serif,French,Decorated,Serif,,a,,medium,,pu-dogar,pu-csp:past_paper;pu-css:past_paper;pu-cse:past_paper
pu-computer-science-ch9-q45,computer-science-word-processing-q46,Computer Science,pu-computer-science,9,word-processing,Word Processing,topic,The font that does not display little lines at the top and bottom of characters is:,European,Sans-serif,American,Serif,,b,,medium,,pu-dogar,pu-csp:past_paper;pu-css:past_paper;pu-cse:past_paper
pu-computer-science-ch9-q46,computer-science-word-processing-q47,Computer Science,pu-computer-science,9,word-processing,Word Processing,topic,Which of the following is used in Word to temporarily hold information?,ROM,Clipboard,Desktop,CRAMS,,b,,medium,,pu-dogar,pu-csp:past_paper;pu-css:past_paper;pu-cse:past_paper
pu-computer-science-ch9-q47,computer-science-word-processing-q48,Computer Science,pu-computer-science,9,word-processing,Word Processing,topic,The command used to move text from one document to another is:,Replace,Edit,Format,Cut-and-Paste,,d,,easy,,pu-dogar,pu-csp:past_paper;pu-css:past_paper;pu-cse:past_paper
pu-computer-science-ch9-q48,computer-science-word-processing-q49,Computer Science,pu-computer-science,9,word-processing,Word Processing,topic,What command is used to move selected text to another part of a document?,Copy-and-Position,Drag-and-Drop,Find-and-Replace,Both a and b are correct,,b,,medium,,pu-dogar,pu-csp:past_paper;pu-css:past_paper;pu-cse:past_paper
pu-computer-science-ch9-q49,computer-science-word-processing-q50,Computer Science,pu-computer-science,9,word-processing,Word Processing,topic,"The term that refers to the setting of margins, tab positions, text justification, vertical and horizontal centering and line spacing is:",Tool,Layout,Format,Setup,,c,,medium,,pu-dogar,pu-csp:past_paper;pu-css:past_paper;pu-cse:past_paper
pu-computer-science-ch9-q50,computer-science-word-processing-q51,Computer Science,pu-computer-science,9,word-processing,Word Processing,topic,Times New Roman is an example of a:,Serif font,Sans serif font,Three-dimensional font,Boldface font,,a,,hard,,pu-dogar,pu-csp:past_paper;pu-css:past_paper;pu-cse:past_paper
pu-computer-science-ch9-q51,computer-science-word-processing-q52,Computer Science,pu-computer-science,9,word-processing,Word Processing,topic,The size of the characters to be printed is measured in:,Inches,Points,Weight,Degrees,,b,,easy,,pu-dogar,pu-csp:past_paper;pu-css:past_paper;pu-cse:past_paper
pu-computer-science-ch9-q52,computer-science-word-processing-q53,Computer Science,pu-computer-science,9,word-processing,Word Processing,topic,Paragraph formats include:,Tabs,Alignment,Indentations,All,,d,,easy,,pu-dogar,pu-csp:past_paper;pu-css:past_paper;pu-cse:past_paper
pu-computer-science-ch9-q53,computer-science-word-processing-q54,Computer Science,pu-computer-science,9,word-processing,Word Processing,topic,The Enter key is pressed to insert a in MS Word.,Document,Sentence,Paragraph,Line,,c,,easy,,pu-dogar,pu-csp:past_paper;pu-css:past_paper;pu-cse:past_paper
pu-computer-science-ch9-q54,computer-science-word-processing-q55,Computer Science,pu-computer-science,9,word-processing,Word Processing,topic,Which of the following is an example of a font style?,Bold,12 pt,Helvetica,All,,a,,easy,,pu-dogar,pu-csp:past_paper;pu-css:past_paper;pu-cse:past_paper
pu-computer-science-ch9-q55,computer-science-word-processing-q56,Computer Science,pu-computer-science,9,word-processing,Word Processing,topic,Font effects include:,Strikethrough,Shadow,Outline,All,,d,,easy,,pu-dogar,pu-csp:past_paper;pu-css:past_paper;pu-cse:past_paper
pu-computer-science-ch9-q56,computer-science-word-processing-q57,Computer Science,pu-computer-science,9,word-processing,Word Processing,topic,Which of the following is an example of a font weight?,Bold,12 pt,Helvetica,Italic,,a,,easy,,pu-dogar,pu-csp:past_paper;pu-css:past_paper;pu-cse:past_paper
pu-computer-science-ch9-q57,computer-science-word-processing-q58,Computer Science,pu-computer-science,9,word-processing,Word Processing,topic,What percent of personal computer in the world have word processor installed?,10%,50%,80%,90%,,d,,medium,,pu-dogar,pu-csp:past_paper;pu-css:past_paper;pu-cse:past_paper
pu-computer-science-ch9-q58,computer-science-word-processing-q59,Computer Science,pu-computer-science,9,word-processing,Word Processing,topic,Entering and editing text can be done most efficiently using a:,Spreadsheet,Desktop publishing program,Typewriter,Word processing program,,d,,easy,,pu-dogar,pu-csp:past_paper;pu-css:past_paper;pu-cse:past_paper
pu-computer-science-ch9-q59,computer-science-word-processing-q60,Computer Science,pu-computer-science,9,word-processing,Word Processing,topic,A font is described by its:,Typeface,Height,Presentation,All,,d,,easy,,pu-dogar,pu-csp:past_paper;pu-css:past_paper;pu-cse:past_paper
pu-computer-science-ch9-q60,computer-science-word-processing-q61,Computer Science,pu-computer-science,9,word-processing,Word Processing,topic,The name of the document is displayed.,Menu bar,Title bar,Status bar,Scrollbar,,b,,easy,,pu-dogar,pu-csp:past_paper;pu-css:past_paper;pu-cse:past_paper
pu-computer-science-ch9-q61,computer-science-word-processing-q62,Computer Science,pu-computer-science,9,word-processing,Word Processing,topic,The Word window has many common elements of a typical window such as:,Title bar,Menu bar,Borders,All,,d,,easy,,pu-dogar,pu-csp:past_paper;pu-css:past_paper;pu-cse:past_paper
pu-computer-science-ch9-q62,computer-science-word-processing-q63,Computer Science,pu-computer-science,9,word-processing,Word Processing,topic,"The area in which text is entered, manipulated and viewed is called:",Text area,Documentation area,Document window,Window,,c,,easy,,pu-dogar,pu-csp:past_paper;pu-css:past_paper;pu-cse:past_paper
pu-computer-science-ch9-q63,computer-science-word-processing-q64,Computer Science,pu-computer-science,9,word-processing,Word Processing,topic,Which mode replaces the existing text?,Overtype,Replace,Insert mode,Change,,a,,easy,,pu-dogar,pu-csp:past_paper;pu-css:past_paper;pu-cse:past_paper
pu-computer-science-ch9-q64,computer-science-word-processing-q65,Computer Science,pu-computer-science,9,word-processing,Word Processing,topic,The Redo command:,Appears on the standard toolbar,Restores the last action that was undone,Both a and b,None of the above,,c,,easy,,pu-dogar,pu-csp:past_paper;pu-css:past_paper;pu-cse:past_paper
pu-computer-science-ch9-q65,computer-science-word-processing-q66,Computer Science,pu-computer-science,9,word-processing,Word Processing,topic,"The feature of Word used to change font color, size, style is called:",Styles,Formatting,Composing,Font,,b,,easy,,pu-dogar,pu-csp:past_paper;pu-css:past_paper;pu-cse:past_paper
pu-computer-science-ch9-q66,computer-science-word-processing-q67,Computer Science,pu-computer-science,9,word-processing,Word Processing,topic,The feature in Word that is used to divide page in portions is called:,Table,Columns,Rows,None,,b,,medium,,pu-dogar,pu-csp:past_paper;pu-css:past_paper;pu-cse:past_paper
pu-computer-science-ch9-q67,computer-science-word-processing-q68,Computer Science,pu-computer-science,9,word-processing,Word Processing,topic,All of the following are text alignment options in MS Word except:,Top,Left,Right,Center,,a,,easy,,pu-dogar,pu-csp:past_paper;pu-css:past_paper;pu-cse:past_paper
pu-computer-science-ch9-q68,computer-science-word-processing-q69,Computer Science,pu-computer-science,9,word-processing,Word Processing,topic,The amount of vertical space between the lines of text is determined by:,Paragraph spacing,Word spacing,Line spacing,Text spacing,,c,,medium,,pu-dogar,pu-csp:past_paper;pu-css:past_paper;pu-cse:past_paper
pu-computer-science-ch9-q69,computer-science-word-processing-q70,Computer Science,pu-computer-science,9,word-processing,Word Processing,topic,The white space around printed page is called:,Margin area,White area,Cover area,Blank area,,a,,easy,,pu-dogar,pu-csp:past_paper;pu-css:past_paper;pu-cse:past_paper
pu-computer-science-ch9-q70,computer-science-word-processing-q71,Computer Science,pu-computer-science,9,word-processing,Word Processing,topic,Indention in MS Word is used to:,Make the text readable,Change the paragraph color,Apply border around text,Change line spacing,,a,,easy,,pu-dogar,pu-csp:past_paper;pu-css:past_paper;pu-cse:past_paper
pu-computer-science-ch9-q71,computer-science-word-processing-q72,Computer Science,pu-computer-science,9,word-processing,Word Processing,topic,Which of the following cannot be set using the Format command?,Line spacing,Margins,Tabs and indents,Alignment,,b,,easy,,pu-dogar,pu-csp:past_paper;pu-css:past_paper;pu-cse:past_paper
pu-computer-science-ch9-q72,computer-science-word-processing-q73,Computer Science,pu-computer-science,9,word-processing,Word Processing,topic,Which of the following can be set using Format Paragraph command?,Line spacing,Indents,Margins,a and b,,d,,easy,,pu-dogar,pu-csp:past_paper;pu-css:past_paper;pu-cse:past_paper
pu-computer-science-ch10-q1,computer-science-spreadsheet-processing-q1,Computer Science,pu-computer-science,10,spreadsheet-processing,Spreadsheet Processing,topic,Which of the following is a spreadsheet:,MS Word,MS Excel,MS Power Point,Both b and a,,b,,easy,,pu-dogar,pu-csp:past_paper;pu-css:past_paper;pu-cse:past_paper
pu-computer-science-ch10-q2,computer-science-spreadsheet-processing-q2,Computer Science,pu-computer-science,10,spreadsheet-processing,Spreadsheet Processing,topic,______ is a spreadsheet:,MS Word,MS Excel,MS Power Point,Both a ad b,,b,,easy,,pu-dogar,pu-csp:past_paper;pu-css:past_paper;pu-cse:past_paper
pu-computer-science-ch10-q3,computer-science-spreadsheet-processing-q3,Computer Science,pu-computer-science,10,spreadsheet-processing,Spreadsheet Processing,topic,The intersection of a row and column form a:,Cell,Address,Reference,Field,,a,,easy,,pu-dogar,pu-csp:past_paper;pu-css:past_paper;pu-cse:past_paper
pu-computer-science-ch10-q4,computer-science-spreadsheet-processing-q4,Computer Science,pu-computer-science,10,spreadsheet-processing,Spreadsheet Processing,topic,The actual working area in Microsoft Excel is:,Workbook,Worksheet,Spreadsheet,Note sheet,,b,,easy,,pu-dogar,pu-csp:past_paper;pu-css:past_paper;pu-cse:past_paper
pu-computer-science-ch10-q5,computer-science-spreadsheet-processing-q5,Computer Science,pu-computer-science,10,spreadsheet-processing,Spreadsheet Processing,topic,A cell at third column and 15 rows has a cell address:,A15,B15,C15,D15,,c,,easy,,pu-dogar,pu-csp:past_paper;pu-css:past_paper;pu-cse:past_paper
pu-computer-science-ch10-q6,computer-science-spreadsheet-processing-q6,Computer Science,pu-computer-science,10,spreadsheet-processing,Spreadsheet Processing,topic,A collection of related worksheets is called:,Spreadsheet,Cells,File,Workbook,,d,,easy,,pu-dogar,pu-csp:past_paper;pu-css:past_paper;pu-cse:past_paper
pu-computer-science-ch10-q7,computer-science-spreadsheet-processing-q7,Computer Science,pu-computer-science,10,spreadsheet-processing,Spreadsheet Processing,topic,The currently selected cell where data can be entered or edited is called:,Idle cell,Active cell,Passive cell,Present cell,,b,,medium,,pu-dogar,pu-csp:past_paper;pu-css:past_paper;pu-cse:past_paper
pu-computer-science-ch10-q8,computer-science-spreadsheet-processing-q8,Computer Science,pu-computer-science,10,spreadsheet-processing,Spreadsheet Processing,topic,DARPA stands for:,Defensive Association of Russian Policy with America,Dared Association of Republic Partition,Defense Advanced Research Projects Agency,Defensive Advanced Regional Political Agency,,c,,easy,,pu-dogar,pu-csp:past_paper;pu-css:past_paper;pu-cse:past_paper
pu-computer-science-ch10-q9,computer-science-spreadsheet-processing-q9,Computer Science,pu-computer-science,10,spreadsheet-processing,Spreadsheet Processing,topic,Who owns the Internet?,U.S. Government,Pak Telecom,United Nations,None,,d,,easy,,pu-dogar,pu-csp:past_paper;pu-css:past_paper;pu-cse:past_paper
pu-computer-science-ch10-q10,computer-science-spreadsheet-processing-q10,Computer Science,pu-computer-science,10,spreadsheet-processing,Spreadsheet Processing,topic,A computer can be linked to the internet through:,A phone-line modem,DSL,Cable Modem,All,,d,,easy,,pu-dogar,pu-csp:past_paper;pu-css:past_paper;pu-cse:past_paper
pu-computer-science-ch10-q11,computer-science-spreadsheet-processing-q11,Computer Science,pu-computer-science,10,spreadsheet-processing,Spreadsheet Processing,topic,How many types of addressing scheme are used on the internet?,3,2,5,8,,b,,easy,,pu-dogar,pu-csp:past_paper;pu-css:past_paper;pu-cse:past_paper
pu-computer-science-ch10-q12,computer-science-spreadsheet-processing-q12,Computer Science,pu-computer-science,10,spreadsheet-processing,Spreadsheet Processing,topic,Every host computer on the internet has a(n):,Similar IP address,Unique 15-digit number,Unique IP address,Common name and number,,c,,easy,,pu-dogar,pu-csp:past_paper;pu-css:past_paper;pu-cse:past_paper
pu-computer-science-ch10-q13,computer-science-spreadsheet-processing-q13,Computer Science,pu-computer-science,10,spreadsheet-processing,Spreadsheet Processing,topic,A standard IP address is composed of a total of:,4 bits,16 bits,32 bits,256 bits,,c,,easy,,pu-dogar,pu-csp:past_paper;pu-css:past_paper;pu-cse:past_paper
pu-computer-science-ch10-q14,computer-science-spreadsheet-processing-q14,Computer Science,pu-computer-science,10,spreadsheet-processing,Spreadsheet Processing,topic,An IP address consists of:,Five numbers (0-99),four numbers (0 to 255),Four numbers (0-256),five numbers (0-255),,b,,easy,,pu-dogar,pu-csp:past_paper;pu-css:past_paper;pu-cse:past_paper
pu-computer-science-ch10-q15,computer-science-spreadsheet-processing-q15,Computer Science,pu-computer-science,10,spreadsheet-processing,Spreadsheet Processing,topic,The four numbers in an IP address are called:,Octets,Codec,Octal,Bytes,,a,,easy,,pu-dogar,pu-csp:past_paper;pu-css:past_paper;pu-cse:past_paper
pu-computer-science-ch10-q16,computer-science-spreadsheet-processing-q16,Computer Science,pu-computer-science,10,spreadsheet-processing,Spreadsheet Processing,topic,An IP address is normally expressed as four octets separated with:,Dotted decimal number,Dotted binary number,Dotted octal number,Dotted hex number,,a,,easy,,pu-dogar,pu-csp:past_paper;pu-css:past_paper;pu-cse:past_paper
pu-computer-science-ch10-q17,computer-science-spreadsheet-processing-q17,Computer Science,pu-computer-science,10,spreadsheet-processing,Spreadsheet Processing,topic,Which of the following contains permanent IP address?,Client,Server,User,NIC,,b,,easy,,pu-dogar,pu-csp:past_paper;pu-css:past_paper;pu-cse:past_paper
pu-computer-science-ch10-q18,computer-science-spreadsheet-processing-q18,Computer Science,pu-computer-science,10,spreadsheet-processing,Spreadsheet Processing,topic,A type of IP address that does not change frequently is known as?,Constant,Permanent,Static,Fixed,,c,,easy,,pu-dogar,pu-csp:past_paper;pu-css:past_paper;pu-cse:past_paper
pu-computer-science-ch10-q19,computer-science-spreadsheet-processing-q19,Computer Science,pu-computer-science,10,spreadsheet-processing,Spreadsheet Processing,topic,The system that translates an IP address into an human-readable name is called:,IP system,Domain name system,Domain,Domain numbering system,,b,,medium,,pu-dogar,pu-csp:past_paper;pu-css:past_paper;pu-cse:past_paper
pu-computer-science-ch10-q20,computer-science-spreadsheet-processing-q20,Computer Science,pu-computer-science,10,spreadsheet-processing,Spreadsheet Processing,topic,A domain name is the text version of:,IP address,Hyperlink,Hypertext,HTML,,a,,easy,,pu-dogar,pu-csp:past_paper;pu-css:past_paper;pu-cse:past_paper
pu-computer-science-ch10-q21,computer-science-spreadsheet-processing-q21,Computer Science,pu-computer-science,10,spreadsheet-processing,Spreadsheet Processing,topic,".com, .edu and .gov are examples of:",Top level domain,Tag,Protocol,Email,,a,,easy,,pu-dogar,pu-csp:past_paper;pu-css:past_paper;pu-cse:past_paper
pu-computer-science-ch10-q22,computer-science-spreadsheet-processing-q22,Computer Science,pu-computer-science,10,spreadsheet-processing,Spreadsheet Processing,topic,Which of the following is a top-level domain?,http,.com,HTML,URL,,b,,easy,,pu-dogar,pu-csp:past_paper;pu-css:past_paper;pu-cse:past_paper
pu-computer-science-ch10-q23,computer-science-spreadsheet-processing-q23,Computer Science,pu-computer-science,10,spreadsheet-processing,Spreadsheet Processing,topic,All of the following are top-level domains EXCEPT:,.edu,.org,.gov,.bus,,d,,easy,,pu-dogar,pu-csp:past_paper;pu-css:past_paper;pu-cse:past_paper
pu-computer-science-ch10-q24,computer-science-spreadsheet-processing-q24,Computer Science,pu-computer-science,10,spreadsheet-processing,Spreadsheet Processing,topic,The internet differentiate between one computer from another using:,Architecture,Manufacturer,IP address,All,,c,,easy,,pu-dogar,pu-csp:past_paper;pu-css:past_paper;pu-cse:past_paper
pu-computer-science-ch10-q25,computer-science-spreadsheet-processing-q25,Computer Science,pu-computer-science,10,spreadsheet-processing,Spreadsheet Processing,topic,ISP stands for:,International Service Provider,Internet Service Provider,Interlinked Services Provision,Internet's Service Party,,b,,easy,,pu-dogar,pu-csp:past_paper;pu-css:past_paper;pu-cse:past_paper
pu-computer-science-ch10-q26,computer-science-spreadsheet-processing-q26,Computer Science,pu-computer-science,10,spreadsheet-processing,Spreadsheet Processing,topic,A collection of documents stored on computer permanently connected with internet around the world is called:,Telnet,WWW,Email,FTP,,b,,medium,,pu-dogar,pu-csp:past_paper;pu-css:past_paper;pu-cse:past_paper
pu-computer-science-ch10-q27,computer-science-spreadsheet-processing-q27,Computer Science,pu-computer-science,10,spreadsheet-processing,Spreadsheet Processing,topic,The World Wide Web was introduced in:,1960s,Mid-1970s,1989,2000,,c,,easy,,pu-dogar,pu-csp:past_paper;pu-css:past_paper;pu-cse:past_paper
pu-computer-science-ch10-q28,computer-science-spreadsheet-processing-q28,Computer Science,pu-computer-science,10,spreadsheet-processing,Spreadsheet Processing,topic,Which software is used to search and view web pages?,HTML,Web server,Web browser,Window explorer,,c,,easy,,pu-dogar,pu-csp:past_paper;pu-css:past_paper;pu-cse:past_paper
pu-computer-science-ch10-q29,computer-science-spreadsheet-processing-q29,Computer Science,pu-computer-science,10,spreadsheet-processing,Spreadsheet Processing,topic,Web pages are written in which type of language?,HTML,FTP,SQL,Assembly,,a,,easy,,pu-dogar,pu-csp:past_paper;pu-css:past_paper;pu-cse:past_paper
pu-computer-science-ch10-q30,computer-science-spreadsheet-processing-q30,Computer Science,pu-computer-science,10,spreadsheet-processing,Spreadsheet Processing,topic,Hypertext document is also called:,Webpage,Website,Email server,Hyperlink,,a,,easy,,pu-dogar,pu-csp:past_paper;pu-css:past_paper;pu-cse:past_paper
pu-computer-science-ch10-q31,computer-science-spreadsheet-processing-q31,Computer Science,pu-computer-science,10,spreadsheet-processing,Spreadsheet Processing,topic,Web pages are connected to one another using:,Hyperlink,HTTP,Interlink,Multimedia,,a,,easy,,pu-dogar,pu-csp:past_paper;pu-css:past_paper;pu-cse:past_paper
pu-computer-science-ch10-q32,computer-science-spreadsheet-processing-q32,Computer Science,pu-computer-science,10,spreadsheet-processing,Spreadsheet Processing,topic,A collection of related web pages is called:,Weblink,Website,Internet,Linking,,b,,easy,,pu-dogar,pu-csp:past_paper;pu-css:past_paper;pu-cse:past_paper
pu-computer-science-ch10-q33,computer-science-spreadsheet-processing-q33,Computer Science,pu-computer-science,10,spreadsheet-processing,Spreadsheet Processing,topic,The process of launching a webpage is called:,Web linking,Web publishing,Web development,Web distribution,,b,,easy,,pu-dogar,pu-csp:past_paper;pu-css:past_paper;pu-cse:past_paper
pu-computer-science-ch11-q1,computer-science-expected-questions-for-coming-exams-q1,Computer Science,pu-computer-science,11,expected-questions-for-coming-exams,Expected Questions for Coming Exams.,topic,...mail is known as:,Header,Document,Attachment,Folder,,c,,easy,,pu-dogar,pu-csp:past_paper;pu-css:past_paper;pu-cse:past_paper
pu-computer-science-ch11-q2,computer-science-expected-questions-for-coming-exams-q2,Computer Science,pu-computer-science,11,expected-questions-for-coming-exams,Expected Questions for Coming Exams.,topic,The types of files that can be attached to an e-mail message include:,Text,Graphics,Spreadsheets,All,,d,,easy,,pu-dogar,pu-csp:past_paper;pu-css:past_paper;pu-cse:past_paper
pu-computer-science-ch11-q3,computer-science-expected-questions-for-coming-exams-q3,Computer Science,pu-computer-science,11,expected-questions-for-coming-exams,Expected Questions for Coming Exams.,topic,The computer that stores email message until it is retrieved by the user is called:,Email server,Web host,Mail client,Web server,,a,,medium,,pu-dogar,pu-csp:past_paper;pu-css:past_paper;pu-cse:past_paper
pu-computer-science-ch11-q4,computer-science-expected-questions-for-coming-exams-q4,Computer Science,pu-computer-science,11,expected-questions-for-coming-exams,Expected Questions for Coming Exams.,topic,Another name for email program is:,Internet explorer,Email client,Mail server,Web client,,b,,easy,,pu-dogar,pu-csp:past_paper;pu-css:past_paper;pu-cse:past_paper
pu-computer-science-ch11-q5,computer-science-expected-questions-for-coming-exams-q5,Computer Science,pu-computer-science,11,expected-questions-for-coming-exams,Expected Questions for Coming Exams.,topic,Which of the following is an email client?,Internet explorer,Windows explorer,Mozilla firefox,Outlook express,,d,,easy,,pu-dogar,pu-csp:past_paper;pu-css:past_paper;pu-cse:past_paper
pu-computer-science-ch11-q6,computer-science-expected-questions-for-coming-exams-q6,Computer Science,pu-computer-science,11,expected-questions-for-coming-exams,Expected Questions for Coming Exams.,topic,"In the email address me@pu.edu, the word ""me"" is:",Password,Server name,User name,Client computer,,c,,easy,,pu-dogar,pu-csp:past_paper;pu-css:past_paper;pu-cse:past_paper
pu-computer-science-ch11-q7,computer-science-expected-questions-for-coming-exams-q7,Computer Science,pu-computer-science,11,expected-questions-for-coming-exams,Expected Questions for Coming Exams.,topic,The size of the file that can be attached to an email depends on:,Service provider,Web browser,Email client,Email protocol,,a,,easy,,pu-dogar,pu-csp:past_paper;pu-css:past_paper;pu-cse:past_paper
pu-computer-science-ch11-q8,computer-science-expected-questions-for-coming-exams-q8,Computer Science,pu-computer-science,11,expected-questions-for-coming-exams,Expected Questions for Coming Exams.,topic,An unwanted message sent through email is called:,Junk,Virus,Attachment,Hoax,,a,,easy,,pu-dogar,pu-csp:past_paper;pu-css:past_paper;pu-cse:past_paper
pu-computer-science-ch11-q9,computer-science-expected-questions-for-coming-exams-q9,Computer Science,pu-computer-science,11,expected-questions-for-coming-exams,Expected Questions for Coming Exams.,topic,Junk email is called:,Spam,Hoax,Virus,Any,,a,,easy,,pu-dogar,pu-csp:past_paper;pu-css:past_paper;pu-cse:past_paper
pu-computer-science-ch11-q10,computer-science-expected-questions-for-coming-exams-q10,Computer Science,pu-computer-science,11,expected-questions-for-coming-exams,Expected Questions for Coming Exams.,topic,Copying data from internet to computer is called:,Uploading,Downloading,Transferring,Moving,,b,,easy,,pu-dogar,pu-csp:past_paper;pu-css:past_paper;pu-cse:past_paper
pu-computer-science-ch11-q11,computer-science-expected-questions-for-coming-exams-q11,Computer Science,pu-computer-science,11,expected-questions-for-coming-exams,Expected Questions for Coming Exams.,topic,Transferring information from computer to internet is called:,Downloading,Downsizing,Uploading,Pasting,,c,,easy,,pu-dogar,pu-csp:past_paper;pu-css:past_paper;pu-cse:past_paper
pu-computer-science-ch11-q12,computer-science-expected-questions-for-coming-exams-q12,Computer Science,pu-computer-science,11,expected-questions-for-coming-exams,Expected Questions for Coming Exams.,topic,Which of the following is used to find information on the World Wide Web?,Web Browser,Website,Search engine,Web server,,a,,medium,,pu-dogar,pu-csp:past_paper;pu-css:past_paper;pu-cse:past_paper
pu-computer-science-ch11-q13,computer-science-expected-questions-for-coming-exams-q13,Computer Science,pu-computer-science,11,expected-questions-for-coming-exams,Expected Questions for Coming Exams.,topic,The term 'Computer' is derived from ____,Latin,German,French,Arabic,,a,,easy,,pu-dogar,pu-csp:past_paper;pu-css:past_paper;pu-cse:past_paper
pu-computer-science-ch11-q14,computer-science-expected-questions-for-coming-exams-q14,Computer Science,pu-computer-science,11,expected-questions-for-coming-exams,Expected Questions for Coming Exams.,topic,Who is the father of Computer?,Allen Turing,Charles Babbage,Simur Cray,Augusta Adaming,,b,,easy,,pu-dogar,pu-csp:past_paper;pu-css:past_paper;pu-cse:past_paper
pu-computer-science-ch11-q15,computer-science-expected-questions-for-coming-exams-q15,Computer Science,pu-computer-science,11,expected-questions-for-coming-exams,Expected Questions for Coming Exams.,topic,The basic operations performed by a computer are ____,Arithmetic operations,Logical operation,Storage and retrieve,All the above,,d,,easy,,pu-dogar,pu-csp:past_paper;pu-css:past_paper;pu-cse:past_paper
pu-computer-science-ch11-q16,computer-science-expected-questions-for-coming-exams-q16,Computer Science,pu-computer-science,11,expected-questions-for-coming-exams,Expected Questions for Coming Exams.,topic,Who is the father of Internet ?,Charles Babbage,Vint Cerf,Denis Riche,Martin Cooper,,b,,easy,,pu-dogar,pu-csp:past_paper;pu-css:past_paper;pu-cse:past_paper
pu-computer-science-ch11-q17,computer-science-expected-questions-for-coming-exams-q17,Computer Science,pu-computer-science,11,expected-questions-for-coming-exams,Expected Questions for Coming Exams.,topic,If a computer has more than one processor then it is known as ____,Uniprocess,Multiprocessor,Multi-threaded,Multi-programming,,b,,easy,,pu-dogar,pu-csp:past_paper;pu-css:past_paper;pu-cse:past_paper
pu-computer-science-ch11-q18,computer-science-expected-questions-for-coming-exams-q18,Computer Science,pu-computer-science,11,expected-questions-for-coming-exams,Expected Questions for Coming Exams.,topic,"A light sensitive device that converts drawing, printed text or other images into digital form is ____",Keyboard,Scanner,OMR,None of these,,b,,medium,,pu-dogar,pu-csp:past_paper;pu-css:past_paper;pu-cse:past_paper
pu-computer-science-ch11-q19,computer-science-expected-questions-for-coming-exams-q19,Computer Science,pu-computer-science,11,expected-questions-for-coming-exams,Expected Questions for Coming Exams.,topic,WWW stands for ______.,World Whole Web,Wide World Web,Web World Wide,World Wide Web,,d,,easy,,pu-dogar,pu-csp:past_paper;pu-css:past_paper;pu-cse:past_paper
pu-computer-science-ch11-q20,computer-science-expected-questions-for-coming-exams-q20,Computer Science,pu-computer-science,11,expected-questions-for-coming-exams,Expected Questions for Coming Exams.,topic,A collection of system programs that controls and coordinates the overall operations of a computer system is called ______,System software,Operating system,Utility program,Device driver,,b,,medium,,pu-dogar,pu-csp:past_paper;pu-css:past_paper;pu-cse:past_paper
pu-computer-science-ch11-q21,computer-science-expected-questions-for-coming-exams-q22,Computer Science,pu-computer-science,11,expected-questions-for-coming-exams,Expected Questions for Coming Exams.,topic,Which technology is used in compact disks?,Mechanical,Electrical,Electro magnetic,Laser,,d,,easy,,pu-dogar,pu-csp:past_paper;pu-css:past_paper;pu-cse:past_paper
pu-computer-science-ch11-q22,computer-science-expected-questions-for-coming-exams-q23,Computer Science,pu-computer-science,11,expected-questions-for-coming-exams,Expected Questions for Coming Exams.,topic,1 Gigabyte is equal to ______,1024 bits,1000 megabytes,1024 kilobytes,1024 megabytes,,d,,easy,,pu-dogar,pu-csp:past_paper;pu-css:past_paper;pu-cse:past_paper
pu-computer-science-ch11-q23,computer-science-expected-questions-for-coming-exams-q24,Computer Science,pu-computer-science,11,expected-questions-for-coming-exams,Expected Questions for Coming Exams.,topic,The brain of any computer system is ______,ALU,Memory,CPU,Control unit,,c,,easy,,pu-dogar,pu-csp:past_paper;pu-css:past_paper;pu-cse:past_paper
pu-computer-science-ch11-q24,computer-science-expected-questions-for-coming-exams-q25,Computer Science,pu-computer-science,11,expected-questions-for-coming-exams,Expected Questions for Coming Exams.,topic,Which of the following are components of Central Processing Unit (CPU)?,"Arithmetic logic unit, Mouse","Arithmetic logic unit, Control unit","Arithmetic logic unit, Integrated circuits","Control Unit, Monitor",,b,,medium,,pu-dogar,pu-csp:past_paper;pu-css:past_paper;pu-cse:past_paper
pu-computer-science-ch11-q25,computer-science-expected-questions-for-coming-exams-q26,Computer Science,pu-computer-science,11,expected-questions-for-coming-exams,Expected Questions for Coming Exams.,topic,Analog computer works on the supply of ______,Continuous electrical pulses,Electrical pulses but not continuous,Magnetic strength,None of the above,,a,,easy,,pu-dogar,pu-csp:past_paper;pu-css:past_paper;pu-cse:past_paper
pu-computer-science-ch11-q26,computer-science-expected-questions-for-coming-exams-q27,Computer Science,pu-computer-science,11,expected-questions-for-coming-exams,Expected Questions for Coming Exams.,topic,"Which one is digital device, select from the choices below.",Digital Clock,Automobile speed meter,Clock with a dial and two hands,All of them,,a,,easy,,pu-dogar,pu-csp:past_paper;pu-css:past_paper;pu-cse:past_paper
pu-computer-science-ch11-q27,computer-science-expected-questions-for-coming-exams-q28,Computer Science,pu-computer-science,11,expected-questions-for-coming-exams,Expected Questions for Coming Exams.,topic,The computer that processes both analog and digital is called ______,Analog computer,Digital computer,Hybrid computer,Mainframe computer,,c,,easy,,pu-dogar,pu-csp:past_paper;pu-css:past_paper;pu-cse:past_paper
pu-computer-science-ch11-q28,computer-science-expected-questions-for-coming-exams-q29,Computer Science,pu-computer-science,11,expected-questions-for-coming-exams,Expected Questions for Coming Exams.,topic,CD-ROM stands for ______.,Compactable Read Only Memory,Compact Data Read Only Memory,Compactable Disk Read Only Memory,Compact Disk Read Only Memory,,d,,easy,,pu-dogar,pu-csp:past_paper;pu-css:past_paper;pu-cse:past_paper
pu-computer-science-ch11-q29,computer-science-expected-questions-for-coming-exams-q30,Computer Science,pu-computer-science,11,expected-questions-for-coming-exams,Expected Questions for Coming Exams.,topic,ALU is ______,Arithmetic Logic Unit,Array Logic Unit,Application Logic Unit,None of above,,a,,easy,,pu-dogar,pu-csp:past_paper;pu-css:past_paper;pu-cse:past_paper
pu-computer-science-ch11-q30,computer-science-expected-questions-for-coming-exams-q31,Computer Science,pu-computer-science,11,expected-questions-for-coming-exams,Expected Questions for Coming Exams.,topic,VGA is ______,Video Graphics Array,Visual Graphics Array,Volatile Graphics Array,Video Graphics Adapter,,a,,easy,,pu-dogar,pu-csp:past_paper;pu-css:past_paper;pu-cse:past_paper
pu-computer-science-ch11-q31,computer-science-expected-questions-for-coming-exams-q32,Computer Science,pu-computer-science,11,expected-questions-for-coming-exams,Expected Questions for Coming Exams.,topic,MSI stands for ______.,Medium Scale Integrated Circuits,Medium System Integrated Circuits,Medium Scale Intelligent Circuit,Medium System Intelligent Circuit,,a,,easy,,pu-dogar,pu-csp:past_paper;pu-css:past_paper;pu-cse:past_paper
pu-computer-science-ch11-q32,computer-science-expected-questions-for-coming-exams-q33,Computer Science,pu-computer-science,11,expected-questions-for-coming-exams,Expected Questions for Coming Exams.,topic,WAN stands for ______,Wap Area Network,Wide Area Network,Wide Array Net,Wireless Area Network,,b,,easy,,pu-dogar,pu-csp:past_paper;pu-css:past_paper;pu-cse:past_paper
pu-computer-science-ch11-q33,computer-science-expected-questions-for-coming-exams-q34,Computer Science,pu-computer-science,11,expected-questions-for-coming-exams,Expected Questions for Coming Exams.,topic,What is the main difference between a mainframe and a super computer?,Supercomputer is much larger than mainframe computer,Supercomputers are much smaller than mainframe computers,,,,a,"Supercomputers are far larger, more powerful, and more expensive than mainframe computers; they are used for complex scientific computations rather than business transaction processing.",easy,,pu-dogar,pu-csp:past_paper;pu-css:past_paper;pu-cse:past_paper
pu-computer-science-ch11-q34,computer-science-expected-questions-for-coming-exams-q35,Computer Science,pu-computer-science,11,expected-questions-for-coming-exams,Expected Questions for Coming Exams.,topic,______ is called the father of modern digital computer.,Leibnitz,Blaise Pascal,Charles Babbage,J.H Muller,,c,,easy,,pu-dogar,pu-csp:past_paper;pu-css:past_paper;pu-cse:past_paper
pu-computer-science-ch11-q35,computer-science-expected-questions-for-coming-exams-q36,Computer Science,pu-computer-science,11,expected-questions-for-coming-exams,Expected Questions for Coming Exams.,topic,Who is the father of Computer Science?,Allen Turing,Charles Babbage,Simur Cray,Augusta Adaming,,a,,easy,,pu-dogar,pu-csp:past_paper;pu-css:past_paper;pu-cse:past_paper
pu-computer-science-ch11-q36,computer-science-expected-questions-for-coming-exams-q37,Computer Science,pu-computer-science,11,expected-questions-for-coming-exams,Expected Questions for Coming Exams.,topic,A CPU contains ______.,a card reader and a printing device,an analytical engine and a control unit,a control unit and an arithmetic logic unit,an arithmetic logic unit and a card reader,,c,,easy,,pu-dogar,pu-csp:past_paper;pu-css:past_paper;pu-cse:past_paper
pu-computer-science-ch11-q37,computer-science-expected-questions-for-coming-exams-q38,Computer Science,pu-computer-science,11,expected-questions-for-coming-exams,Expected Questions for Coming Exams.,topic,Which of the following controls the process of interaction between the user and the operating system?,User interface,Language translator,Platform,Screen saver,,a,,medium,,pu-dogar,pu-csp:past_paper;pu-css:past_paper;pu-cse:past_paper
pu-computer-science-ch11-q38,computer-science-expected-questions-for-coming-exams-q39,Computer Science,pu-computer-science,11,expected-questions-for-coming-exams,Expected Questions for Coming Exams.,topic,The first computers were programmed using ______.,Assembly language,Machine language,Source code,Object code,,b,,easy,,pu-dogar,pu-csp:past_paper;pu-css:past_paper;pu-cse:past_paper
pu-computer-science-ch11-q39,computer-science-expected-questions-for-coming-exams-q40,Computer Science,pu-computer-science,11,expected-questions-for-coming-exams,Expected Questions for Coming Exams.,topic,______ is a combination of hardware and software that facilitates the sharing of information between computing devices.,Network,Peripheral,Expansion board,Digital device,,a,,medium,,pu-dogar,pu-csp:past_paper;pu-css:past_paper;pu-cse:past_paper
pu-computer-science-ch11-q40,computer-science-expected-questions-for-coming-exams-q41,Computer Science,pu-computer-science,11,expected-questions-for-coming-exams,Expected Questions for Coming Exams.,topic,Coded entries which are used to gain access to a computer system are called ______.,Entry codes,Passwords,Security commands,Code words,,b,,medium,,pu-dogar,pu-csp:past_paper;pu-css:past_paper;pu-cse:past_paper
pu-computer-science-ch11-q41,computer-science-expected-questions-for-coming-exams-q42,Computer Science,pu-computer-science,11,expected-questions-for-coming-exams,Expected Questions for Coming Exams.,topic,Which of the following statements is true about Minicomputer and Microcomputer?,Minicomputer works faster than Microcomputer,Microcomputer works faster than Minicomputer,Speed of both the computers is the same,The speeds of both these computers cannot be compared with the speed of advanced,,a,,medium,,pu-dogar,pu-csp:past_paper;pu-css:past_paper;pu-cse:past_paper
pu-computer-science-ch11-q42,computer-science-expected-questions-for-coming-exams-q43,Computer Science,pu-computer-science,11,expected-questions-for-coming-exams,Expected Questions for Coming Exams.,topic,You can organize files by storing them in ______.,Archives,Folders,Indexes,Lists,,b,,easy,,pu-dogar,pu-csp:past_paper;pu-css:past_paper;pu-cse:past_paper
pu-computer-science-ch11-q43,computer-science-expected-questions-for-coming-exams-q44,Computer Science,pu-computer-science,11,expected-questions-for-coming-exams,Expected Questions for Coming Exams.,topic,What type of resource is most likely to be a shared common resource in a computer network?,Printer,Speaker,,,,a,,medium,,pu-dogar,pu-csp:past_paper;pu-css:past_paper;pu-cse:past_paper
pu-computer-science-ch11-q44,computer-science-expected-questions-for-coming-exams-q45,Computer Science,pu-computer-science,11,expected-questions-for-coming-exams,Expected Questions for Coming Exams.,topic,Which device is required for the Internet connection?,Joystick,Modem,CD Drive,NIC Card,,b,,easy,,pu-dogar,pu-csp:past_paper;pu-css:past_paper;pu-cse:past_paper
pu-computer-science-ch11-q45,computer-science-expected-questions-for-coming-exams-q46,Computer Science,pu-computer-science,11,expected-questions-for-coming-exams,Expected Questions for Coming Exams.,topic,What is a light pen?,A mechanical input device,Optical input device,Electronic input device,Optical output device,,b,,easy,,pu-dogar,pu-csp:past_paper;pu-css:past_paper;pu-cse:past_paper
pu-computer-science-ch11-q46,computer-science-expected-questions-for-coming-exams-q47,Computer Science,pu-computer-science,11,expected-questions-for-coming-exams,Expected Questions for Coming Exams.,topic,UNIVAC is ______.,Universal Automatic Computer,Universal Array Computer,Unique Automatic Computer,Unvalued Automatic Computer,,a,,easy,,pu-dogar,pu-csp:past_paper;pu-css:past_paper;pu-cse:past_paper
pu-computer-science-ch11-q47,computer-science-expected-questions-for-coming-exams-q48,Computer Science,pu-computer-science,11,expected-questions-for-coming-exams,Expected Questions for Coming Exams.,topic,The capacity of 3.5 inch floppy disk was ______.,1.40 MB,1.44 GB,1.40 GB,1.44 MB,,d,,easy,,pu-dogar,pu-csp:past_paper;pu-css:past_paper;pu-cse:past_paper
pu-computer-science-ch11-q48,computer-science-expected-questions-for-coming-exams-q49,Computer Science,pu-computer-science,11,expected-questions-for-coming-exams,Expected Questions for Coming Exams.,topic,MICR stands for ______.,Magnetic Ink Character Reader,Magnetic Ink Code Reader,Magnetic Ink Cases Reader,None,,a,,easy,,pu-dogar,pu-csp:past_paper;pu-css:past_paper;pu-cse:past_paper
pu-computer-science-ch11-q49,computer-science-expected-questions-for-coming-exams-q50,Computer Science,pu-computer-science,11,expected-questions-for-coming-exams,Expected Questions for Coming Exams.,topic,EBCDIC stands for ______.,Extended Binary Coded Decimal Interchange Code,Extended Bit Code Decimal Interchange Code,Extended Bit Case Decimal Interchange Code,Extended Binary Case Decimal Interchange Code,,a,,easy,,pu-dogar,pu-csp:past_paper;pu-css:past_paper;pu-cse:past_paper
pu-computer-science-ch11-q50,computer-science-expected-questions-for-coming-exams-q51,Computer Science,pu-computer-science,11,expected-questions-for-coming-exams,Expected Questions for Coming Exams.,topic,Which of the following is a part of the Central Processing Unit?,Printer,Keyboard,Mouse,Arithmetic & logic unit,,d,,easy,,pu-dogar,pu-csp:past_paper;pu-css:past_paper;pu-cse:past_paper
pu-computer-science-ch11-q51,computer-science-expected-questions-for-coming-exams-q52,Computer Science,pu-computer-science,11,expected-questions-for-coming-exams,Expected Questions for Coming Exams.,topic,CAD stands for ______.,Computer Aided Design,Computer Algorithm for Design,Computer Application in Design,Computer Analogue Design,,a,,easy,,pu-dogar,pu-csp:past_paper;pu-css:past_paper;pu-cse:past_paper
pu-computer-science-ch11-q52,computer-science-expected-questions-for-coming-exams-q53,Computer Science,pu-computer-science,11,expected-questions-for-coming-exams,Expected Questions for Coming Exams.,topic,Junk e-mail is also called ______.,Spam,Spoof,Sniffer script,Spool,,a,,easy,,pu-dogar,pu-csp:past_paper;pu-css:past_paper;pu-cse:past_paper
pu-computer-science-ch11-q53,computer-science-expected-questions-for-coming-exams-q54,Computer Science,pu-computer-science,11,expected-questions-for-coming-exams,Expected Questions for Coming Exams.,topic,"Which statement describes ""Hackers""?",All have the same motive,Break into other people's computers,May legally break into computers as long as they do not do any damage,Are people who are allergic to computers,,b,,easy,,pu-dogar,pu-csp:past_paper;pu-css:past_paper;pu-cse:past_paper
pu-computer-science-ch11-q54,computer-science-expected-questions-for-coming-exams-q55,Computer Science,pu-computer-science,11,expected-questions-for-coming-exams,Expected Questions for Coming Exams.,topic,What type of computers are client computers (most of the time) in a client-server system?,Mainframe,Mini-computer,Microcomputer,PDA,,c,,medium,,pu-dogar,pu-csp:past_paper;pu-css:past_paper;pu-cse:past_paper
pu-computer-science-ch11-q55,computer-science-expected-questions-for-coming-exams-q56,Computer Science,pu-computer-science,11,expected-questions-for-coming-exams,Expected Questions for Coming Exams.,topic,A computer cannot 'boot' if it does not have the ______.,Compiler,Loader,Operating System,Assembler,,c,,easy,,pu-dogar,pu-csp:past_paper;pu-css:past_paper;pu-cse:past_paper
pu-computer-science-ch11-q56,computer-science-expected-questions-for-coming-exams-q57,Computer Science,pu-computer-science,11,expected-questions-for-coming-exams,Expected Questions for Coming Exams.,topic,The amount of vertical space between lines of text in a document is called ______.,Double-space,Line spacing,Single space,Vertical spacing,,b,,medium,,pu-dogar,pu-csp:past_paper;pu-css:past_paper;pu-cse:past_paper
pu-computer-science-ch11-q57,computer-science-expected-questions-for-coming-exams-q58,Computer Science,pu-computer-science,11,expected-questions-for-coming-exams,Expected Questions for Coming Exams.,topic,Example of non-numeric data is ______.,Employee address,Examination score,Bank balance,All of these,,a,,easy,,pu-dogar,pu-csp:past_paper;pu-css:past_paper;pu-cse:past_paper
pu-computer-science-ch11-q58,computer-science-expected-questions-for-coming-exams-q59,Computer Science,pu-computer-science,11,expected-questions-for-coming-exams,Expected Questions for Coming Exams.,topic,What is embedded system?,The programme which arrives by being wrapped in box,The programme which is the permanent part of the computer,The computer which is the part of a big computer,The computer and software system that control the machine,,d,,easy,,pu-dogar,pu-csp:past_paper;pu-css:past_paper;pu-cse:past_paper
pu-computer-science-ch11-q59,computer-science-expected-questions-for-coming-exams-q60,Computer Science,pu-computer-science,11,expected-questions-for-coming-exams,Expected Questions for Coming Exams.,topic,First page of Website is termed as ______.,Homepage,Index,JAVA script,Bookmark,,b,,easy,,pu-dogar,pu-csp:past_paper;pu-css:past_paper;pu-cse:past_paper
pu-computer-science-ch11-q60,computer-science-expected-questions-for-coming-exams-q61,Computer Science,pu-computer-science,11,expected-questions-for-coming-exams,Expected Questions for Coming Exams.,topic,When a file is saved for the first time:,A copy is automatically printed,It must be given a name to identify it,It does not need a name,It only needs a name if it is not going to be printed,,b,,easy,,pu-dogar,pu-csp:past_paper;pu-css:past_paper;pu-cse:past_paper
pu-computer-science-ch11-q61,computer-science-expected-questions-for-coming-exams-q62,Computer Science,pu-computer-science,11,expected-questions-for-coming-exams,Expected Questions for Coming Exams.,topic,Where are data and programme stored when the processor uses them?,Main memory,Secondary memory,Disk memory,Programme memory,,a,,easy,,pu-dogar,pu-csp:past_paper;pu-css:past_paper;pu-cse:past_paper
pu-computer-science-ch11-q62,computer-science-expected-questions-for-coming-exams-q63,Computer Science,pu-computer-science,11,expected-questions-for-coming-exams,Expected Questions for Coming Exams.,topic,"______ represents raw facts, whereas ______ is data made meaningful.","Information, reporting","Data, information","Information, bit","Records, byte",,b,,easy,,pu-dogar,pu-csp:past_paper;pu-css:past_paper;pu-cse:past_paper
pu-computer-science-ch11-q63,computer-science-expected-questions-for-coming-exams-q64,Computer Science,pu-computer-science,11,expected-questions-for-coming-exams,Expected Questions for Coming Exams.,topic,What characteristic of Read-Only Memory (ROM) makes it useful?,ROM information can be easily updated,"Data in ROM is non-volatile, that is, it remains there even without electrical power",ROM provides very large amounts of inexpensive data storage,ROM chips are easily swapped between different brands of computers,,b,,easy,,pu-dogar,pu-csp:past_paper;pu-css:past_paper;pu-cse:past_paper
pu-computer-science-ch11-q64,computer-science-expected-questions-for-coming-exams-q65,Computer Science,pu-computer-science,11,expected-questions-for-coming-exams,Expected Questions for Coming Exams.,topic,What do you call the programs that are used to find out possible faults and their causes?,Operating system extensions,Cookies,Diagnostic software,Boot diskettes,,c,,medium,,pu-dogar,pu-csp:past_paper;pu-css:past_paper;pu-cse:past_paper
pu-computer-science-ch11-q65,computer-science-expected-questions-for-coming-exams-q66,Computer Science,pu-computer-science,11,expected-questions-for-coming-exams,Expected Questions for Coming Exams.,topic,Which programming languages are classified as low level languages?,"BASIC, COBOL, Fortran",Prolog,,,,,,easy,"[MANUAL:unresolvable] Options c/d missing from OCR scan; neither visible option (a: BASIC/COBOL/Fortran = high-level, b: Prolog = high-level) is correct. Original source page required.",pu-dogar,pu-csp:past_paper;pu-css:past_paper;pu-cse:past_paper
pu-computer-science-ch11-q66,computer-science-expected-questions-for-coming-exams-q67,Computer Science,pu-computer-science,11,expected-questions-for-coming-exams,Expected Questions for Coming Exams.,topic,Which of the following is not anti-virus software?,Avira,Kaspersky,Oracle,McAfee,,c,,easy,,pu-dogar,pu-csp:past_paper;pu-css:past_paper;pu-cse:past_paper
pu-computer-science-ch11-q67,computer-science-expected-questions-for-coming-exams-q68,Computer Science,pu-computer-science,11,expected-questions-for-coming-exams,Expected Questions for Coming Exams.,topic,What does DMA stand for?,Distinct Memory Access,Direct Memory Access,Direct Module Access,Direct Memory Allocation,,b,,easy,,pu-dogar,pu-csp:past_paper;pu-css:past_paper;pu-cse:past_paper
pu-computer-science-ch11-q68,computer-science-expected-questions-for-coming-exams-q69,Computer Science,pu-computer-science,11,expected-questions-for-coming-exams,Expected Questions for Coming Exams.,topic,Which of the following is a storage device?,Tape,Hard Disk,Floppy Disk,All of the above,,d,,easy,,pu-dogar,pu-csp:past_paper;pu-css:past_paper;pu-cse:past_paper
pu-computer-science-ch11-q69,computer-science-expected-questions-for-coming-exams-q70,Computer Science,pu-computer-science,11,expected-questions-for-coming-exams,Expected Questions for Coming Exams.,topic,When did John Napier develop logarithm?,1416,1614,1641,1804,,b,,easy,,pu-dogar,pu-csp:past_paper;pu-css:past_paper;pu-cse:past_paper
pu-computer-science-ch11-q70,computer-science-expected-questions-for-coming-exams-q71,Computer Science,pu-computer-science,11,expected-questions-for-coming-exams,Expected Questions for Coming Exams.,topic,MIS is designed to provide information needed for effective decision making by.,Consumers,Workers,Foremen,Managers,,d,,medium,,pu-dogar,pu-csp:past_paper;pu-css:past_paper;pu-cse:past_paper
pu-computer-science-ch11-q71,computer-science-expected-questions-for-coming-exams-q72,Computer Science,pu-computer-science,11,expected-questions-for-coming-exams,Expected Questions for Coming Exams.,topic,ASCII stands for ____.,American Stable Code for International Interchange,American Standard Case for Institutional Interchange,American Standard Code for Information Interchange,American Standard Code for Interchange Information,,c,,easy,,pu-dogar,pu-csp:past_paper;pu-css:past_paper;pu-cse:past_paper
pu-computer-science-ch11-q72,computer-science-expected-questions-for-coming-exams-q73,Computer Science,pu-computer-science,11,expected-questions-for-coming-exams,Expected Questions for Coming Exams.,topic,Which of the following is first generation of computer?,EDSAC,IBM-1401,CDC-1604,ICL-2900,,a,,easy,,pu-dogar,pu-csp:past_paper;pu-css:past_paper;pu-cse:past_paper
pu-computer-science-ch11-q73,computer-science-expected-questions-for-coming-exams-q74,Computer Science,pu-computer-science,11,expected-questions-for-coming-exams,Expected Questions for Coming Exams.,topic,IBM 1401 is ____.,First Generation Computer,Second Generation Computer,Third Generation Computer,Fourth Generation Computer,,b,,easy,,pu-dogar,pu-csp:past_paper;pu-css:past_paper;pu-cse:past_paper
pu-computer-science-ch11-q74,computer-science-expected-questions-for-coming-exams-q75,Computer Science,pu-computer-science,11,expected-questions-for-coming-exams,Expected Questions for Coming Exams.,topic,Chief component of first generation computer were ____.,Transistors,Vacuum Tubes and Valves,Integrated Circuits,None of above,,b,,easy,,pu-dogar,pu-csp:past_paper;pu-css:past_paper;pu-cse:past_paper
pu-computer-science-ch11-q75,computer-science-expected-questions-for-coming-exams-q76,Computer Science,pu-computer-science,11,expected-questions-for-coming-exams,Expected Questions for Coming Exams.,topic,Second Generation computers were developed during ____.,1949 to 1955,1956 to 1965,1965 to 1970,1970 to 1990,,b,,easy,,pu-dogar,pu-csp:past_paper;pu-css:past_paper;pu-cse:past_paper
pu-computer-science-ch11-q76,computer-science-expected-questions-for-coming-exams-q77,Computer Science,pu-computer-science,11,expected-questions-for-coming-exams,Expected Questions for Coming Exams.,topic,The computer size was very large in ____.,First Generation,Second Generation,Third Generation,Fourth Generation,,a,,easy,,pu-dogar,pu-csp:past_paper;pu-css:past_paper;pu-cse:past_paper
pu-computer-science-ch11-q77,computer-science-expected-questions-for-coming-exams-q78,Computer Science,pu-computer-science,11,expected-questions-for-coming-exams,Expected Questions for Coming Exams.,topic,Microprocessors as switching devices are for ____ computers.,First Generation,Second Generation,Third Generation,Fourth Generation,,d,,easy,,pu-dogar,pu-csp:past_paper;pu-css:past_paper;pu-cse:past_paper
pu-computer-science-ch11-q78,computer-science-expected-questions-for-coming-exams-q79,Computer Science,pu-computer-science,11,expected-questions-for-coming-exams,Expected Questions for Coming Exams.,topic,Which of the following devices can be used to directly image printed text?,OCR,OMR,MICR,All of above,,a,,medium,,pu-dogar,pu-csp:past_paper;pu-css:past_paper;pu-cse:past_paper
pu-computer-science-ch11-q79,computer-science-expected-questions-for-coming-exams-q80,Computer Science,pu-computer-science,11,expected-questions-for-coming-exams,Expected Questions for Coming Exams.,topic,The output quality of a printer is measured by ____.,Dot per inch,Dot per sq. inch,Dots printed per unit time,All of above,,b,,easy,,pu-dogar,pu-csp:past_paper;pu-css:past_paper;pu-cse:past_paper
pu-computer-science-ch11-q80,computer-science-expected-questions-for-coming-exams-q81,Computer Science,pu-computer-science,11,expected-questions-for-coming-exams,Expected Questions for Coming Exams.,topic,In analogue computer:,Input is first converted to digital form,Input is never converted to digital form,Output is displayed in digital form,All of above,,b,,easy,,pu-dogar,pu-csp:past_paper;pu-css:past_paper;pu-cse:past_paper
pu-computer-science-ch11-q81,computer-science-expected-questions-for-coming-exams-q82,Computer Science,pu-computer-science,11,expected-questions-for-coming-exams,Expected Questions for Coming Exams.,topic,"In latest generation computers, the instructions are executed:",Parallel only,Sequentially only,Both sequentially and parallel,All of above,,c,,easy,,pu-dogar,pu-csp:past_paper;pu-css:past_paper;pu-cse:past_paper
pu-computer-science-ch11-q82,computer-science-expected-questions-for-coming-exams-q83,Computer Science,pu-computer-science,11,expected-questions-for-coming-exams,Expected Questions for Coming Exams.,topic,Who designed the first electronic computer – ENIAC?,Van-Neumann,Joseph M. Jacquard,J. Presper Eckert and John W Mauchly,All of above,,c,,easy,,pu-dogar,pu-csp:past_paper;pu-css:past_paper;pu-cse:past_paper
pu-computer-science-ch11-q83,computer-science-expected-questions-for-coming-exams-q84,Computer Science,pu-computer-science,11,expected-questions-for-coming-exams,Expected Questions for Coming Exams.,topic,Who invented the high level language “C”?,Dennis M. Ritchie,Niklaus Writh,Seymour Papert,Donald Kunth,,a,,easy,,pu-dogar,pu-csp:past_paper;pu-css:past_paper;pu-cse:past_paper
pu-computer-science-ch11-q84,computer-science-expected-questions-for-coming-exams-q85,Computer Science,pu-computer-science,11,expected-questions-for-coming-exams,Expected Questions for Coming Exams.,topic,"Personnel who design, program, operate and maintain computer equipment refers to ____?",Console-operator,Programmer,Peopleware,System Analyst,,c,,medium,,pu-dogar,pu-csp:past_paper;pu-css:past_paper;pu-cse:past_paper
pu-computer-science-ch11-q85,computer-science-expected-questions-for-coming-exams-q86,Computer Science,pu-computer-science,11,expected-questions-for-coming-exams,Expected Questions for Coming Exams.,topic,"Human beings are referred to as Homo sapiens, which device is called Sillico sapiens?",Monitor,Hardware,Robot,Computer,,d,,medium,,pu-dogar,pu-csp:past_paper;pu-css:past_paper;pu-cse:past_paper
pu-computer-science-ch11-q86,computer-science-expected-questions-for-coming-exams-q87,Computer Science,pu-computer-science,11,expected-questions-for-coming-exams,Expected Questions for Coming Exams.,topic,An error in software or hardware is called a bug. What is the alternative computer jargon for it?,Leech,Squid,Slug,Glitch,,d,,medium,,pu-dogar,pu-csp:past_paper;pu-css:past_paper;pu-cse:past_paper
pu-computer-science-ch11-q87,computer-science-expected-questions-for-coming-exams-q88,Computer Science,pu-computer-science,11,expected-questions-for-coming-exams,Expected Questions for Coming Exams.,topic,Modern computers are very reliable but they are not ____.,Fast,Powerful,Infallible,Cheap,,c,,easy,,pu-dogar,pu-csp:past_paper;pu-css:past_paper;pu-cse:past_paper
pu-computer-science-ch11-q88,computer-science-expected-questions-for-coming-exams-q89,Computer Science,pu-computer-science,11,expected-questions-for-coming-exams,Expected Questions for Coming Exams.,topic,Personal computers use a number of chips mounted on a main circuit board. What is the common name for such boards?,Circuit board,Motherboard,Program board,Application board,,b,,medium,,pu-dogar,pu-csp:past_paper;pu-css:past_paper;pu-cse:past_paper
pu-computer-science-ch11-q89,computer-science-expected-questions-for-coming-exams-q90,Computer Science,pu-computer-science,11,expected-questions-for-coming-exams,Expected Questions for Coming Exams.,topic,What is meant by a dedicated computer?,Which is used by one person only,Which is assigned one and only one task,Which uses one kind of software,Which is meant for application software,,b,,easy,,pu-dogar,pu-csp:past_paper;pu-css:past_paper;pu-cse:past_paper
pu-computer-science-ch11-q90,computer-science-expected-questions-for-coming-exams-q91,Computer Science,pu-computer-science,11,expected-questions-for-coming-exams,Expected Questions for Coming Exams.,topic,The device used to carry digital data on analogue lines is called as ______.,Modem,Multiplexer,Modulator,Demodulator,,a,,medium,,pu-dogar,pu-csp:past_paper;pu-css:past_paper;pu-cse:past_paper
pu-computer-science-ch11-q91,computer-science-expected-questions-for-coming-exams-q92,Computer Science,pu-computer-science,11,expected-questions-for-coming-exams,Expected Questions for Coming Exams.,topic,BIOS stands for ______.,Basic Input Output System,Binary Input Output System,Basic Input Off System,Basic Input Output Symmetry,,a,,easy,,pu-dogar,pu-csp:past_paper;pu-css:past_paper;pu-cse:past_paper
pu-computer-science-ch11-q92,computer-science-expected-questions-for-coming-exams-q93,Computer Science,pu-computer-science,11,expected-questions-for-coming-exams,Expected Questions for Coming Exams.,topic,"Father of ""C"" programming language?",Dennis Ritchie,Prof John Keenly,Thomas Kurtz,Bill Gates,,a,,easy,,pu-dogar,pu-csp:past_paper;pu-css:past_paper;pu-cse:past_paper
pu-computer-science-ch11-q93,computer-science-expected-questions-for-coming-exams-q94,Computer Science,pu-computer-science,11,expected-questions-for-coming-exams,Expected Questions for Coming Exams.,topic,The instructions that tell a computer how to carry out the processing tasks are referred to as computer ______.,Programs,Processors,Input devices,Memory modules,,a,,medium,,pu-dogar,pu-csp:past_paper;pu-css:past_paper;pu-cse:past_paper
pu-computer-science-ch11-q94,computer-science-expected-questions-for-coming-exams-q95,Computer Science,pu-computer-science,11,expected-questions-for-coming-exams,Expected Questions for Coming Exams.,topic,An area of a computer that temporarily holds data waiting to be processed is ______.,CPU,Memory,Storage,File,,b,,medium,,pu-dogar,pu-csp:past_paper;pu-css:past_paper;pu-cse:past_paper
pu-computer-science-ch11-q95,computer-science-expected-questions-for-coming-exams-q96,Computer Science,pu-computer-science,11,expected-questions-for-coming-exams,Expected Questions for Coming Exams.,topic,______ is the key to close a selected drop -down list; cancel a command and close a dialog box.,TAB,SHIFT,ESC,F10,,c,,medium,,pu-dogar,pu-csp:past_paper;pu-css:past_paper;pu-cse:past_paper
pu-computer-science-ch11-q96,computer-science-expected-questions-for-coming-exams-q97,Computer Science,pu-computer-science,11,expected-questions-for-coming-exams,Expected Questions for Coming Exams.,topic,______ is the key we use to run the selected command.,SHIFT,TAB,ENTER,CTRL,,c,,easy,,pu-dogar,pu-csp:past_paper;pu-css:past_paper;pu-cse:past_paper
pu-computer-science-ch11-q97,computer-science-expected-questions-for-coming-exams-q98,Computer Science,pu-computer-science,11,expected-questions-for-coming-exams,Expected Questions for Coming Exams.,topic,______ is the functional key to display save-as box.,F5,F6,F9,F12,,d,,easy,,pu-dogar,pu-csp:past_paper;pu-css:past_paper;pu-cse:past_paper
pu-computer-science-ch11-q98,computer-science-expected-questions-for-coming-exams-q99,Computer Science,pu-computer-science,11,expected-questions-for-coming-exams,Expected Questions for Coming Exams.,topic,Data becomes ______ when it is presented in a format that people can understand and use.,Processed,Graph,Information,Presentation,,c,,medium,,pu-dogar,pu-csp:past_paper;pu-css:past_paper;pu-cse:past_paper
pu-computer-science-ch11-q99,computer-science-expected-questions-for-coming-exams-q100,Computer Science,pu-computer-science,11,expected-questions-for-coming-exams,Expected Questions for Coming Exams.,topic,The term ______ designates equipment that might be added to a computer system to enhance its functionality.,Digital device,System add-on,Disk pack,Peripheral device,,d,,medium,,pu-dogar,pu-csp:past_paper;pu-css:past_paper;pu-cse:past_paper
pu-computer-science-ch11-q100,computer-science-expected-questions-for-coming-exams-q101,Computer Science,pu-computer-science,11,expected-questions-for-coming-exams,Expected Questions for Coming Exams.,topic,A ______ is a microprocessor -based computing device.,Personal computer,Mainframe,Workstation,Server,,a,,easy,,pu-dogar,pu-csp:past_paper;pu-css:past_paper;pu-cse:past_paper
pu-computer-science-ch11-q101,computer-science-expected-questions-for-coming-exams-q102,Computer Science,pu-computer-science,11,expected-questions-for-coming-exams,Expected Questions for Coming Exams.,topic,RAM can be treated as the ______ for the computer's processor.,Factory,Operating room,Waiting room,Planning room,,c,,easy,,pu-dogar,pu-csp:past_paper;pu-css:past_paper;pu-cse:past_paper
pu-computer-science-ch11-q102,computer-science-expected-questions-for-coming-exams-q103,Computer Science,pu-computer-science,11,expected-questions-for-coming-exams,Expected Questions for Coming Exams.,topic,To move a copy of file from one computer to another over a communication channel is called?,File transfer,File encryption,File modification,File copying,,a,"File transfer is the process of moving or copying a file from one computer to another over a communication channel (e.g. FTP, email attachment).",medium,,pu-dogar,pu-csp:past_paper;pu-css:past_paper;pu-cse:past_paper
pu-computer-science-ch11-q103,computer-science-expected-questions-for-coming-exams-q104,Computer Science,pu-computer-science,11,expected-questions-for-coming-exams,Expected Questions for Coming Exams.,topic,The primary function of the ______ is to set up the hardware and load and start an operating system.,System Programs,BIOS,CPU,Memory,,b,,medium,,pu-dogar,pu-csp:past_paper;pu-css:past_paper;pu-cse:past_paper
pu-computer-science-ch11-q104,computer-science-expected-questions-for-coming-exams-q105,Computer Science,pu-computer-science,11,expected-questions-for-coming-exams,Expected Questions for Coming Exams.,topic,What kind of memory is both static and non -volatile?,RAM,ROM,BIOS,CACHE,,b,,easy,,pu-dogar,pu-csp:past_paper;pu-css:past_paper;pu-cse:past_paper
pu-computer-science-ch11-q105,computer-science-expected-questions-for-coming-exams-q106,Computer Science,pu-computer-science,11,expected-questions-for-coming-exams,Expected Questions for Coming Exams.,topic,______ is computer software designed to operate the computer hardware and to provide platform for running application software.,Application software,System software,Communication software,Operating system,,b,,medium,,pu-dogar,pu-csp:past_paper;pu-css:past_paper;pu-cse:past_paper
pu-computer-science-ch11-q106,computer-science-expected-questions-for-coming-exams-q107,Computer Science,pu-computer-science,11,expected-questions-for-coming-exams,Expected Questions for Coming Exams.,topic,The ______ is the amount of data that a storage device can move from the storage medium to the computer per second?,Data migration rate,Data digitizing rate,Data transfer rate,Data access rate,,c,,medium,,pu-dogar,pu-csp:past_paper;pu-css:past_paper;pu-cse:past_paper
pu-computer-science-ch11-q107,computer-science-expected-questions-for-coming-exams-q108,Computer Science,pu-computer-science,11,expected-questions-for-coming-exams,Expected Questions for Coming Exams.,topic,"A device, which is not connected to CPU, is called as ______.",Land-line device,On-line device,Off-line device,Data device,,c,,easy,,pu-dogar,pu-csp:past_paper;pu-css:past_paper;pu-cse:past_paper
pu-computer-science-ch11-q108,computer-science-expected-questions-for-coming-exams-q109,Computer Science,pu-computer-science,11,expected-questions-for-coming-exams,Expected Questions for Coming Exams.,topic,What is the other name for programmed chip?,RAM,ROM,LSIC,PROM,,b,,easy,,pu-dogar,pu-csp:past_paper;pu-css:past_paper;pu-cse:past_paper
pu-computer-science-ch11-q109,computer-science-expected-questions-for-coming-exams-q110,Computer Science,pu-computer-science,11,expected-questions-for-coming-exams,Expected Questions for Coming Exams.,topic,On-line real time systems become popular in ______.,First Generation,Second Generation,Third Generation,Fourth Generation,,c,,easy,,pu-dogar,pu-csp:past_paper;pu-css:past_paper;pu-cse:past_paper
pu-computer-science-ch11-q110,computer-science-expected-questions-for-coming-exams-q111,Computer Science,pu-computer-science,11,expected-questions-for-coming-exams,Expected Questions for Coming Exams.,topic,"You use a(n) ______ such as a keyboard or mouse, to input information.",Output device,Input device,Storage device,Processing device,,b,,medium,,pu-dogar,pu-csp:past_paper;pu-css:past_paper;pu-cse:past_paper
pu-computer-science-ch11-q111,computer-science-expected-questions-for-coming-exams-q112,Computer Science,pu-computer-science,11,expected-questions-for-coming-exams,Expected Questions for Coming Exams.,topic,"______ is the ability of a device to ""jump"" directly to the requested data.",Sequential access,Random access,Quick access,Programmed access,,b,,medium,,pu-dogar,pu-csp:past_paper;pu-css:past_paper;pu-cse:past_paper
pu-computer-science-ch11-q112,computer-science-expected-questions-for-coming-exams-q113,Computer Science,pu-computer-science,11,expected-questions-for-coming-exams,Expected Questions for Coming Exams.,topic,"______ provides process and memory management services that allow two or more tasks, jobs, or programs to run simultaneously.",Multitasking,Multithreading,Multiprocessing,Multicomputing,,a,,medium,,pu-dogar,pu-csp:past_paper;pu-css:past_paper;pu-cse:past_paper
pu-computer-science-ch11-q113,computer-science-expected-questions-for-coming-exams-q114,Computer Science,pu-computer-science,11,expected-questions-for-coming-exams,Expected Questions for Coming Exams.,topic,The task of performing operations like arithmetic and logical operations is called ______.,Processing,Storing,Editing,Sorting,,a,,medium,,pu-dogar,pu-csp:past_paper;pu-css:past_paper;pu-cse:past_paper
pu-computer-science-ch11-q114,computer-science-expected-questions-for-coming-exams-q115,Computer Science,pu-computer-science,11,expected-questions-for-coming-exams,Expected Questions for Coming Exams.,topic,ALU and Control Unit are jointly known as ______.,RAM,ROM,CPU,PC,,c,,easy,,pu-dogar,pu-csp:past_paper;pu-css:past_paper;pu-cse:past_paper
pu-computer-science-ch11-q115,computer-science-expected-questions-for-coming-exams-q116,Computer Science,pu-computer-science,11,expected-questions-for-coming-exams,Expected Questions for Coming Exams.,topic,RAM is an example of ______.,Secondary memory,Primary memory,Storing memory,Performing memory,,b,,easy,,pu-dogar,pu-csp:past_paper;pu-css:past_paper;pu-cse:past_paper
pu-computer-science-ch11-q116,computer-science-expected-questions-for-coming-exams-q117,Computer Science,pu-computer-science,11,expected-questions-for-coming-exams,Expected Questions for Coming Exams.,topic,Magnetic disk is an example of ______.,Secondary memory,Primary memory,Main memory,Both (1) and (2),,a,,easy,,pu-dogar,pu-csp:past_paper;pu-css:past_paper;pu-cse:past_paper
pu-computer-science-ch11-q117,computer-science-expected-questions-for-coming-exams-q118,Computer Science,pu-computer-science,11,expected-questions-for-coming-exams,Expected Questions for Coming Exams.,topic,Which one of the following is NOT a computer language?,MS-Excel,BASIC,COBOL,C++,,a,,easy,,pu-dogar,pu-csp:past_paper;pu-css:past_paper;pu-cse:past_paper
pu-computer-science-ch11-q118,computer-science-expected-questions-for-coming-exams-q119,Computer Science,pu-computer-science,11,expected-questions-for-coming-exams,Expected Questions for Coming Exams.,topic,______ stores data or information temporarily and passes it on as directed by the control unit.,Address,Register,Number,Memory,,b,,medium,,pu-dogar,pu-csp:past_paper;pu-css:past_paper;pu-cse:past_paper
pu-computer-science-ch11-q119,computer-science-expected-questions-for-coming-exams-q120,Computer Science,pu-computer-science,11,expected-questions-for-coming-exams,Expected Questions for Coming Exams.,topic,Select the odd one from the following:,Operating system,Interpreter,Compiler,Assembler,,a,,easy,,pu-dogar,pu-csp:past_paper;pu-css:past_paper;pu-cse:past_paper
pu-computer-science-ch11-q120,computer-science-expected-questions-for-coming-exams-q121,Computer Science,pu-computer-science,11,expected-questions-for-coming-exams,Expected Questions for Coming Exams.,topic,A ______ is an additional set of commands that the computer displays after you make a selection from the main menu.,Dialog box,Submenu,Menu selection,Compiler,,a,,medium,,pu-dogar,pu-csp:past_paper;pu-css:past_paper;pu-cse:past_paper
pu-computer-science-ch11-q121,computer-science-expected-questions-for-coming-exams-q122,Computer Science,pu-computer-science,11,expected-questions-for-coming-exams,Expected Questions for Coming Exams.,topic,COBOL is an acronym for ______.,Common Business Oriented Language,Computer Business Oriented Language,Common Business Operated Language,Common Business Organized Language,,a,,easy,,pu-dogar,pu-csp:past_paper;pu-css:past_paper;pu-cse:past_paper
pu-computer-science-ch11-q122,computer-science-expected-questions-for-coming-exams-q123,Computer Science,pu-computer-science,11,expected-questions-for-coming-exams,Expected Questions for Coming Exams.,topic,All of the following are examples of real security and privacy risks EXCEPT ______.,Hackers,Spam,Viruses,Identity theft,,b,,medium,,pu-dogar,pu-csp:past_paper;pu-css:past_paper;pu-cse:past_paper
pu-maths-ch2-q1,mathematics-functions-limits-q1,Mathematics,pu-maths,2,functions-limits,FUNCTIONS & LIMITS,topic,"If the value of the sphere, v = 4/3*pi*r^3, then the which of the following statement is true?",r is the function of v,v is the function of pi,pi is independent variable,None of these,,a,"In v=4/3πr³, r can be expressed as a function of v by inverting: r=(3v/4π)^(1/3). So r is a function of v.",hard,,pu-dogar,pu-e:past_paper;pu-csp:past_paper;pu-css:past_paper;pu-cse:past_paper;pu-gs:past_paper
pu-maths-ch2-q2,mathematics-functions-limits-q2,Mathematics,pu-maths,2,functions-limits,FUNCTIONS & LIMITS,topic,A function from A to B is denoted by,f : A -> B,f : B -> A,f -> A : B,f -> A -> B,,a,"A function from set A to set B is denoted by f:A→B, meaning f maps elements of A to elements of B.",easy,,pu-dogar,pu-e:past_paper;pu-csp:past_paper;pu-css:past_paper;pu-cse:past_paper;pu-gs:past_paper
pu-maths-ch2-q3,mathematics-functions-limits-q3,Mathematics,pu-maths,2,functions-limits,FUNCTIONS & LIMITS,topic,"If a variable y dependents on a variable x in such a way that each value of x determines exactly one value of y, then we say that",x is a function of y,y is a function of x,y is independent variable,x is real valued function,,b,"If each value of x determines exactly one value of y, then y is a function of x (by definition of a function).",medium,,pu-dogar,pu-e:past_paper;pu-csp:past_paper;pu-css:past_paper;pu-cse:past_paper;pu-gs:past_paper
pu-maths-ch2-q4,mathematics-functions-limits-q4,Mathematics,pu-maths,2,functions-limits,FUNCTIONS & LIMITS,topic,The domain of y = sqrt(x^2 - 9) is,R,"(0, +inf)","(-inf, -3) U (3, +inf)","(0, inf)",,c,"x²−9≥0 → x≤−3 or x≥3. Domain = (−∞,−3)∪(3,+∞).",hard,,pu-dogar,pu-e:past_paper;pu-csp:past_paper;pu-css:past_paper;pu-cse:past_paper;pu-gs:past_paper
pu-maths-ch2-q5,mathematics-functions-limits-q5,Mathematics,pu-maths,2,functions-limits,FUNCTIONS & LIMITS,topic,"In the function f : A -> B, the elements of A are called",images,pre-images,ranges,parameters,,b,"In f:A→B, elements of A are the pre-images (inputs/domain elements); elements of B are the images.",easy,,pu-dogar,pu-e:past_paper;pu-csp:past_paper;pu-css:past_paper;pu-cse:past_paper;pu-gs:past_paper
pu-maths-ch2-q6,mathematics-functions-limits-q6,Mathematics,pu-maths,2,functions-limits,FUNCTIONS & LIMITS,topic,The domain the function: f(x) = x^2 is given by,R,Set of all non-negative Real numbers,R,None of these,,a,f(x)=x² is defined for all real numbers. Domain=ℝ.,hard,,pu-dogar,pu-e:past_paper;pu-csp:past_paper;pu-css:past_paper;pu-cse:past_paper;pu-gs:past_paper
pu-maths-ch2-q7,mathematics-functions-limits-q7,Mathematics,pu-maths,2,functions-limits,FUNCTIONS & LIMITS,topic,The domain of the function x / (x^2 - 4) is given by,R,R + 2,[R - (+-2)],R - 4,,c,"x²−4=0 when x=±2. Domain = ℝ−{−2,2}.",hard,,pu-dogar,pu-e:past_paper;pu-csp:past_paper;pu-css:past_paper;pu-cse:past_paper;pu-gs:past_paper
pu-maths-ch2-q8,mathematics-functions-limits-q8,Mathematics,pu-maths,2,functions-limits,FUNCTIONS & LIMITS,topic,"If the domain of the function f : x -> 2x^2 + 1 is {-1,2,3}, the range of the function is","{3,2,5}","{1,3,9}","{-1,-2,-3}","{3,9,19}",,d,"f(−1)=2(1)+1=3, f(2)=2(4)+1=9, f(3)=2(9)+1=19. Range={3,9,19}.",hard,,pu-dogar,pu-e:past_paper;pu-csp:past_paper;pu-css:past_paper;pu-cse:past_paper;pu-gs:past_paper
pu-maths-ch2-q9,mathematics-functions-limits-q9,Mathematics,pu-maths,2,functions-limits,FUNCTIONS & LIMITS,topic,"The image of 5 under f of the function f : x -> 3x + 5/x, x != 0, is",16,14,25,15,,a,f(5)=3×5+5/5=15+1=16.,easy,,pu-dogar,pu-e:past_paper;pu-csp:past_paper;pu-css:past_paper;pu-cse:past_paper;pu-gs:past_paper
pu-maths-ch2-q10,mathematics-functions-limits-q10,Mathematics,pu-maths,2,functions-limits,FUNCTIONS & LIMITS,topic,"_______ invented a symbolic way to write the statement ""y is a function of x"" as y = f(x)",Leibniz,Newton,Euler,None of these,,c,Leonhard Euler introduced the notation y=f(x) for a function in 1734.,medium,,pu-dogar,pu-e:past_paper;pu-csp:past_paper;pu-css:past_paper;pu-cse:past_paper;pu-gs:past_paper
pu-maths-ch2-q11,mathematics-functions-limits-q11,Mathematics,pu-maths,2,functions-limits,FUNCTIONS & LIMITS,topic,"If f(x) = x^3 - 2x^2 + 4x - 1, then f(1 + x) =",x^3 - x^2 + 2x + 3,x^3 - 3x + 2x + 3,x^3 + x^2 + 3x + 2,2x^3 - 2x^2 - 7x + 4,,c,f(1+x)=(1+x)³−2(1+x)²+4(1+x)−1 = x³+3x²+3x+1−2x²−4x−2+4x+4−1 = x³+x²+3x+2.,hard,,pu-dogar,pu-e:past_paper;pu-csp:past_paper;pu-css:past_paper;pu-cse:past_paper;pu-gs:past_paper
pu-maths-ch2-q12,mathematics-functions-limits-q12,Mathematics,pu-maths,2,functions-limits,FUNCTIONS & LIMITS,topic,The domain of the function f(x) = sqrt((1 - |x|) / (2 - |x|)) is,"(-inf, inf) - [-2,2]","[-1,1] U (-inf, -2) U (2, inf)","(-inf, inf) - [-1,1]","[-inf, inf] U [-2,2]",,b,"Need (1−|x|)/(2−|x|)≥0 with |x|≠2. Valid when |x|≤1 or |x|>2. Domain=[−1,1]∪(−∞,−2)∪(2,∞).",hard,,pu-dogar,pu-e:past_paper;pu-csp:past_paper;pu-css:past_paper;pu-cse:past_paper;pu-gs:past_paper
pu-maths-ch2-q13,mathematics-functions-limits-q13,Mathematics,pu-maths,2,functions-limits,FUNCTIONS & LIMITS,topic,"Every relation, which can be represented by a linear equation in two variables, represents a",Relation,Cartesian product,Function,Graph,,c,"Every linear equation in two variables (ax+by=c with b≠0) represents a function, as each x gives exactly one y.",hard,,pu-dogar,pu-e:past_paper;pu-csp:past_paper;pu-css:past_paper;pu-cse:past_paper;pu-gs:past_paper
pu-maths-ch2-q14,mathematics-functions-limits-q14,Mathematics,pu-maths,2,functions-limits,FUNCTIONS & LIMITS,topic,The value of x which is unchanged by the mapping in the function defined by f : x -> x^2 + 5x - 5 for x > 0 is,1,5,-5,-1,,a,f(x)=x → x²+5x−5=x → x²+4x−5=0 → (x+5)(x−1)=0. For x>0: x=1.,hard,,pu-dogar,pu-e:past_paper;pu-csp:past_paper;pu-css:past_paper;pu-cse:past_paper;pu-gs:past_paper
pu-maths-ch2-q15,mathematics-functions-limits-q15,Mathematics,pu-maths,2,functions-limits,FUNCTIONS & LIMITS,topic,"In the function f : p -> 3p + 5/p, p != 0, what is the possible value of p whose image is 8?",1 and 5,2 and 5,1 and 5/3,-1 and 3/5,,c,3p+5/p=8 → 3p²−8p+5=0 → (3p−5)(p−1)=0 → p=1 or p=5/3.,medium,,pu-dogar,pu-e:past_paper;pu-csp:past_paper;pu-css:past_paper;pu-cse:past_paper;pu-gs:past_paper
pu-maths-ch2-q16,mathematics-functions-limits-q16,Mathematics,pu-maths,2,functions-limits,FUNCTIONS & LIMITS,topic,"If f(x) = x^3 + 2x^2 - 1, what is the value of (f(a + h) - f(a)) / h ?",3h^2 + (3a + 2h) + a^2 + 3a,h^2 + (3a - h)2 + 2a^2 + 3a,h^2 + (2a + 3)h + 3a^2 - 4a,h^2 + (3a + 2) + 3a^2 + 4a,,d,f(a+h)−f(a)=(3a²+2a·2)h+(3a+2)h²+h³. Dividing by h: h²+(3a+2)h+3a²+4a. Matches d.,hard,,pu-dogar,pu-e:past_paper;pu-csp:past_paper;pu-css:past_paper;pu-cse:past_paper;pu-gs:past_paper
pu-maths-ch2-q17,mathematics-functions-limits-q17,Mathematics,pu-maths,2,functions-limits,FUNCTIONS & LIMITS,topic,If x is an image of y under the function f. This can be written as,y = f(x),f(x) = 0,x = f(y),f(y) = 0,,c,"If x is the image of y under f, then x=f(y) by definition of function notation.",easy,,pu-dogar,pu-e:past_paper;pu-csp:past_paper;pu-css:past_paper;pu-cse:past_paper;pu-gs:past_paper
pu-maths-ch2-q18,mathematics-functions-limits-q18,Mathematics,pu-maths,2,functions-limits,FUNCTIONS & LIMITS,topic,"If f(x) = cos x, what is the value of (f(a + h) - f(a)) / h ?",2 sin((a + 2h)/2) sin(h/2) / h,-2/h (2a + h/2) sin(h/2),h sin((2a + h)/2) sin(2/h) / 2,-2/h (a + h/2) sin(h/2),,d,cos(a+h)−cos(a)=−2sin((2a+h)/2)sin(h/2). Dividing by h: −2/h·sin((a+h/2))·sin(h/2) = −(2/h)(a+h/2)sin(h/2). Matches d.,easy,,pu-dogar,pu-e:past_paper;pu-csp:past_paper;pu-css:past_paper;pu-cse:past_paper;pu-gs:past_paper
pu-maths-ch2-q19,mathematics-functions-limits-q19,Mathematics,pu-maths,2,functions-limits,FUNCTIONS & LIMITS,topic,What is domain of the function g(x) = sqrt(x^2 - 4)?,R,Z,"[0, inf)","(-inf, -2) U [2, inf)",,d,"x²−4≥0 → x≤−2 or x≥2. Domain=(−∞,−2)∪[2,∞).",hard,,pu-dogar,pu-e:past_paper;pu-csp:past_paper;pu-css:past_paper;pu-cse:past_paper;pu-gs:past_paper
pu-maths-ch2-q20,mathematics-functions-limits-q20,Mathematics,pu-maths,2,functions-limits,FUNCTIONS & LIMITS,topic,What is range of the function g(x) = |x - 3|?,"[-inf, 3)","(-inf, inf)","(-inf, 3]","[0, inf)",,d,"The absolute value |x−3|≥0 for all real x. Range=[0,∞).",easy,,pu-dogar,pu-e:past_paper;pu-csp:past_paper;pu-css:past_paper;pu-cse:past_paper;pu-gs:past_paper
pu-maths-ch2-q21,mathematics-functions-limits-q21,Mathematics,pu-maths,2,functions-limits,FUNCTIONS & LIMITS,topic,The range of the function g(x) = sqrt(x^2 - 4) is:,"[0, inf)","(0, inf]","(0, inf)","(0, -inf)",,a,"√(x²−4)≥0, and can equal 0 (at x=±2). Range=[0,∞).",hard,,pu-dogar,pu-e:past_paper;pu-csp:past_paper;pu-css:past_paper;pu-cse:past_paper;pu-gs:past_paper
pu-maths-ch2-q22,mathematics-functions-limits-q22,Mathematics,pu-maths,2,functions-limits,FUNCTIONS & LIMITS,topic,What is the domain of the function f(x) = sqrt(x - 3x^2)?,"(0, 1/3)","[0, 1/3]","(0, -1/3)",R + 1/3,,b,"x−3x²=x(1−3x)≥0 when 0≤x≤1/3. Domain=[0,1/3].",hard,,pu-dogar,pu-e:past_paper;pu-csp:past_paper;pu-css:past_paper;pu-cse:past_paper;pu-gs:past_paper
pu-maths-ch2-q23,mathematics-functions-limits-q23,Mathematics,pu-maths,2,functions-limits,FUNCTIONS & LIMITS,topic,The domain of the function h(x) = sqrt((x - 1) / (x + 1)) is:,"[-inf, -2] U [1, inf)","[-inf, -2) U (1, inf)","(-inf, -2) U [1, inf)","(-inf, -2) U [1, inf)",,c,"(x−1)/(x+1)≥0 when both same sign: x<−1 or x≥1 (x≠−1). Domain=(−∞,−1)∪[1,∞).",hard,,pu-dogar,pu-e:past_paper;pu-csp:past_paper;pu-css:past_paper;pu-cse:past_paper;pu-gs:past_paper
pu-maths-ch2-q24,mathematics-functions-limits-q24,Mathematics,pu-maths,2,functions-limits,FUNCTIONS & LIMITS,topic,The domain of the function f(x) = sqrt(x - 3) + sqrt(12 - x) is:,"(3, 12)","[3, 12]",R,R - 9,,b,"Need x−3≥0 (x≥3) and 12−x≥0 (x≤12). Domain=[3,12].",hard,,pu-dogar,pu-e:past_paper;pu-csp:past_paper;pu-css:past_paper;pu-cse:past_paper;pu-gs:past_paper
pu-maths-ch2-q25,mathematics-functions-limits-q25,Mathematics,pu-maths,2,functions-limits,FUNCTIONS & LIMITS,topic,The largest possible range of the function y = sqrt(x) is:,"(0, inf]","[0, inf)","(0, inf)","[0, inf]",,b,"√x≥0 for all x≥0, including 0. Range=[0,∞).",hard,,pu-dogar,pu-e:past_paper;pu-csp:past_paper;pu-css:past_paper;pu-cse:past_paper;pu-gs:past_paper
pu-maths-ch2-q26,mathematics-functions-limits-q26,Mathematics,pu-maths,2,functions-limits,FUNCTIONS & LIMITS,topic,"The largest possible domain of the function: y = sqrt(x - 3), is:","(3, inf)",12,"(3, 12)","[3, inf)",,d,"x−3≥0 → x≥3. Domain=[3,∞).",hard,,pu-dogar,pu-e:past_paper;pu-csp:past_paper;pu-css:past_paper;pu-cse:past_paper;pu-gs:past_paper
pu-maths-ch2-q27,mathematics-functions-limits-q27,Mathematics,pu-maths,2,functions-limits,FUNCTIONS & LIMITS,topic,"For f(x) = x^2 + x, what is the value of f(a) + f(-a) in terms of a?",3a^2,2a^2,2a,-7a,,b,"f(a)=a²+a, f(−a)=a²−a. Sum=2a².",hard,,pu-dogar,pu-e:past_paper;pu-csp:past_paper;pu-css:past_paper;pu-cse:past_paper;pu-gs:past_paper
pu-maths-ch2-q28,mathematics-functions-limits-q28,Mathematics,pu-maths,2,functions-limits,FUNCTIONS & LIMITS,topic,"For f(x) = x^2 + px + 1, if f(3) = 3 then p =",3/7,-2/3,-7/5,-7/3,,d,f(3)=9+3p+1=3 → 3p=−7 → p=−7/3.,hard,,pu-dogar,pu-e:past_paper;pu-csp:past_paper;pu-css:past_paper;pu-cse:past_paper;pu-gs:past_paper
pu-maths-ch2-q29,mathematics-functions-limits-q29,Mathematics,pu-maths,2,functions-limits,FUNCTIONS & LIMITS,topic,"In the function y = 2x - 3, what is the pre-image of 11?",11,7,5,2,,b,2x−3=11 → 2x=14 → x=7.,easy,,pu-dogar,pu-e:past_paper;pu-csp:past_paper;pu-css:past_paper;pu-cse:past_paper;pu-gs:past_paper
pu-maths-ch2-q30,mathematics-functions-limits-q30,Mathematics,pu-maths,2,functions-limits,FUNCTIONS & LIMITS,topic,The largest domain for the function y = 1 / sqrt(2 - x) is:,"(-inf, 2)","[-inf, 2]","(-inf, -2]","(inf, 2]",,a,"2−x>0 (strict, since √ in denominator can't be 0) → x<2. Domain=(−∞,2).",hard,,pu-dogar,pu-e:past_paper;pu-csp:past_paper;pu-css:past_paper;pu-cse:past_paper;pu-gs:past_paper
pu-maths-ch3-q1,mathematics-basic-concepts-definitions-q1,Mathematics,pu-maths,3,basic-concepts-definitions,BASIC CONCEPTS & DEFINITIONS,topic,This graph could have equation:,"f(x) = { x-2, x>0 ; x+1, x<=0","f(x) = { x-2, x>0 ; -2x-2, x<=0","f(x) = { -2x-1, x>0 ; -2x+1, x<=0","f(x) = { x-3, x<0 ; 2x-1, x>=0",,a,A piecewise function of the form f(x)={x−2 for x>0; x+1 for x≤0} is the standard answer for this graph type.,hard,,pu-dogar,pu-e:past_paper;pu-csp:past_paper;pu-css:past_paper;pu-cse:past_paper;pu-gs:past_paper
pu-maths-ch3-q2,mathematics-basic-concepts-definitions-q2,Mathematics,pu-maths,3,basic-concepts-definitions,BASIC CONCEPTS & DEFINITIONS,topic,Which of the following represents a straight line with a hole (removable discontinuity) at x = 3?,y = |3x + 4|,"y = (x^2 - 9) / (x - 3),  x != 3",y = x + 1  for x <= 1;  y = 2x - 3  for x > 1,y = |x - 1|,,b,y=(x²−9)/(x−3)=(x+3)(x−3)/(x−3)=x+3 for x≠3. This is a straight line y=x+3 with a removable discontinuity (hole) at x=3. It is the standard example of a function undefined at a single point.,hard,,pu-dogar,pu-e:past_paper;pu-csp:past_paper;pu-css:past_paper;pu-cse:past_paper;pu-gs:past_paper
pu-maths-ch3-q3,mathematics-basic-concepts-definitions-q7,Mathematics,pu-maths,3,basic-concepts-definitions,BASIC CONCEPTS & DEFINITIONS,topic,The domain of the function f(x) = sqrt(x + 1) / (x - 3) is:,"(-1, 3)","[-1, 3)","(1, 3]","[-3, 1)",,b,"f(x)=√(x+1)/(x−3) requires x+1≥0 (x≥−1) and x≠3. Domain=[-1,3)∪(3,∞). The finite interval part is [-1,3).",easy,,pu-dogar,pu-e:past_paper;pu-csp:past_paper;pu-css:past_paper;pu-cse:past_paper;pu-gs:past_paper
pu-maths-ch3-q4,mathematics-basic-concepts-definitions-q8,Mathematics,pu-maths,3,basic-concepts-definitions,BASIC CONCEPTS & DEFINITIONS,topic,"Let f be a real valued function continuous in the interval (x, x_1) <= D_f (the domain of f), then (f(x_1) - f(x)) / (x_1 - x) represents:",Instantaneous rate of change,Average rate of change,Differential coefficient,none of these,,b,"(f(x₁)−f(x))/(x₁−x) is the difference quotient — it represents the average rate of change of f over [x,x₁].",medium,,pu-dogar,pu-e:past_paper;pu-csp:past_paper;pu-css:past_paper;pu-cse:past_paper;pu-gs:past_paper
pu-maths-ch3-q5,mathematics-basic-concepts-definitions-q9,Mathematics,pu-maths,3,basic-concepts-definitions,BASIC CONCEPTS & DEFINITIONS,topic,lim_(delta x -> 0) (f(x + delta x) - f(x)) / delta x equals:,f(delta x),f(x),f'(x),f'(x),,c,The limit of the difference quotient as Δx→0 is the definition of the derivative f'(x).,easy,,pu-dogar,pu-e:past_paper;pu-csp:past_paper;pu-css:past_paper;pu-cse:past_paper;pu-gs:past_paper
pu-maths-ch3-q6,mathematics-basic-concepts-definitions-q10,Mathematics,pu-maths,3,basic-concepts-definitions,BASIC CONCEPTS & DEFINITIONS,topic,"If x in D_f and f'(x) exists, then f is said to be:",zero at x,differentiable at x,continuous at x,none of these,,b,"If f'(x) exists at x in the domain, then f is said to be differentiable at x.",easy,,pu-dogar,pu-e:past_paper;pu-csp:past_paper;pu-css:past_paper;pu-cse:past_paper;pu-gs:past_paper
pu-maths-ch3-q7,mathematics-basic-concepts-definitions-q11,Mathematics,pu-maths,3,basic-concepts-definitions,BASIC CONCEPTS & DEFINITIONS,topic,lim_(delta x -> 0) (f(3 + delta x) - f(3)) / delta x equals:,delta x,f'(3),f'(x),f'(delta x),,b,"This is the definition of the derivative evaluated at x=3, which equals f'(3).",easy,,pu-dogar,pu-e:past_paper;pu-csp:past_paper;pu-css:past_paper;pu-cse:past_paper;pu-gs:past_paper
pu-maths-ch3-q8,mathematics-basic-concepts-definitions-q12,Mathematics,pu-maths,3,basic-concepts-definitions,BASIC CONCEPTS & DEFINITIONS,topic,If y = x^n then dy/dx equals:,nx,x^(n-1),nx^(n-1),n,,c,"Power rule: if y=xⁿ, then dy/dx=nxⁿ⁻¹.",hard,,pu-dogar,pu-e:past_paper;pu-csp:past_paper;pu-css:past_paper;pu-cse:past_paper;pu-gs:past_paper
pu-maths-ch3-q9,mathematics-basic-concepts-definitions-q13,Mathematics,pu-maths,3,basic-concepts-definitions,BASIC CONCEPTS & DEFINITIONS,topic,If f(x) = c then f'(x) equals:,1,0,cx,c,,b,The derivative of any constant is zero.,easy,,pu-dogar,pu-e:past_paper;pu-csp:past_paper;pu-css:past_paper;pu-cse:past_paper;pu-gs:past_paper
pu-maths-ch3-q10,mathematics-basic-concepts-definitions-q14,Mathematics,pu-maths,3,basic-concepts-definitions,BASIC CONCEPTS & DEFINITIONS,topic,If y = x^2 then dy/dx equals:,2x,x/2,2x^3,x^2 / 2,,a,Power rule: d/dx(x²)=2x.,hard,,pu-dogar,pu-e:past_paper;pu-csp:past_paper;pu-css:past_paper;pu-cse:past_paper;pu-gs:past_paper
pu-maths-ch3-q11,mathematics-basic-concepts-definitions-q15,Mathematics,pu-maths,3,basic-concepts-definitions,BASIC CONCEPTS & DEFINITIONS,topic,If y = 1/x^2 then dy/dx equals:,-2x,x^-3,-2/x^3,-2x^3,,c,d/dx(x⁻²)=−2x⁻³=−2/x³.,hard,,pu-dogar,pu-e:past_paper;pu-csp:past_paper;pu-css:past_paper;pu-cse:past_paper;pu-gs:past_paper
pu-maths-ch3-q12,mathematics-basic-concepts-definitions-q16,Mathematics,pu-maths,3,basic-concepts-definitions,BASIC CONCEPTS & DEFINITIONS,topic,The derivative of sqrt(x) at x = a is:,1 / (2a),2 / sqrt(a),2 sqrt(a),1 / (2 sqrt(a)),,d,d/dx(√x)=1/(2√x). At x=a: derivative=1/(2√a).,hard,,pu-dogar,pu-e:past_paper;pu-csp:past_paper;pu-css:past_paper;pu-cse:past_paper;pu-gs:past_paper
pu-maths-ch3-q13,mathematics-basic-concepts-definitions-q17,Mathematics,pu-maths,3,basic-concepts-definitions,BASIC CONCEPTS & DEFINITIONS,topic,If f(x) = x^(2/3) then f'(x) at x = 8 equals:,8,1/8,1/3,2/3,,c,f'(x)=(2/3)x^(−1/3). f'(8)=(2/3)×(8)^(−1/3)=(2/3)×(1/2)=1/3.,hard,,pu-dogar,pu-e:past_paper;pu-csp:past_paper;pu-css:past_paper;pu-cse:past_paper;pu-gs:past_paper
pu-maths-ch3-q14,mathematics-basic-concepts-definitions-q18,Mathematics,pu-maths,3,basic-concepts-definitions,BASIC CONCEPTS & DEFINITIONS,topic,d/dx (x^3 + 2x + 3) =,x^2 + 2,3x + 2,3x^2 + 5,3x^2 + 2,,d,d/dx(x³+2x+3)=3x²+2.,hard,,pu-dogar,pu-e:past_paper;pu-csp:past_paper;pu-css:past_paper;pu-cse:past_paper;pu-gs:past_paper
pu-maths-ch3-q15,mathematics-basic-concepts-definitions-q19,Mathematics,pu-maths,3,basic-concepts-definitions,BASIC CONCEPTS & DEFINITIONS,topic,If y = x^m then dy/dx equals:,mx,x/m,mx^(m-1),x m^(m-1),,c,General power rule: if y=xᵐ then dy/dx=mxᵐ⁻¹.,hard,,pu-dogar,pu-e:past_paper;pu-csp:past_paper;pu-css:past_paper;pu-cse:past_paper;pu-gs:past_paper
pu-maths-ch3-q16,mathematics-basic-concepts-definitions-q20,Mathematics,pu-maths,3,basic-concepts-definitions,BASIC CONCEPTS & DEFINITIONS,topic,If f(x) = x^5 + x^3 + x the value of f'(1) is:,0,8,5,9,,d,f'(x)=5x⁴+3x²+1. f'(1)=5+3+1=9.,hard,,pu-dogar,pu-e:past_paper;pu-csp:past_paper;pu-css:past_paper;pu-cse:past_paper;pu-gs:past_paper
pu-maths-ch3-q17,mathematics-basic-concepts-definitions-q21,Mathematics,pu-maths,3,basic-concepts-definitions,BASIC CONCEPTS & DEFINITIONS,topic,The derivative of 1/x^m is:,x^(m+1) / m,m(x)^(m-1),(m-1)x^-m,-m / x^(m+1),,d,d/dx(x⁻ᵐ)=−mx^(−m−1)=−m/x^(m+1).,hard,,pu-dogar,pu-e:past_paper;pu-csp:past_paper;pu-css:past_paper;pu-cse:past_paper;pu-gs:past_paper
pu-maths-ch3-q18,mathematics-basic-concepts-definitions-q22,Mathematics,pu-maths,3,basic-concepts-definitions,BASIC CONCEPTS & DEFINITIONS,topic,The derivative of 2/x^4 is:,-8(x)^5,-8/x^5,5x^-3,-8x^-3,,b,d/dx(2/x⁴)=d/dx(2x⁻⁴)=−8x⁻⁵=−8/x⁵.,hard,,pu-dogar,pu-e:past_paper;pu-csp:past_paper;pu-css:past_paper;pu-cse:past_paper;pu-gs:past_paper
pu-maths-ch3-q19,mathematics-basic-concepts-definitions-q23,Mathematics,pu-maths,3,basic-concepts-definitions,BASIC CONCEPTS & DEFINITIONS,topic,The derivative of x^(3/2) is:,(3/2)x^(1/2),(3/2)x^(-1/2),(3/2)x^(5/2),3(x)^(-1/2),,a,d/dx(x^(3/2))=(3/2)x^(3/2−1)=(3/2)x^(1/2).,hard,,pu-dogar,pu-e:past_paper;pu-csp:past_paper;pu-css:past_paper;pu-cse:past_paper;pu-gs:past_paper
pu-maths-ch3-q20,mathematics-basic-concepts-definitions-q24,Mathematics,pu-maths,3,basic-concepts-definitions,BASIC CONCEPTS & DEFINITIONS,topic,The derivative of x^(5/2) is:,(5/2)x^(3/2),(5/2)x^(3/2),(5/2)x^(3/2),-(1/2)x^(15/2),,a,d/dx(x^(5/2))=(5/2)x^(5/2−1)=(5/2)x^(3/2).,hard,,pu-dogar,pu-e:past_paper;pu-csp:past_paper;pu-css:past_paper;pu-cse:past_paper;pu-gs:past_paper
pu-maths-ch3-q21,mathematics-basic-concepts-definitions-q25,Mathematics,pu-maths,3,basic-concepts-definitions,BASIC CONCEPTS & DEFINITIONS,topic,The derivative of (x + 4)^(1/3) is:,(1/3)(x + 4)^(3/2),(1/7)(x + 4)^5,1 / (3(x + 4)^(2/3)),(1/3)(x + 4)^-2,,c,Chain rule: d/dx((x+4)^(1/3))=(1/3)(x+4)^(−2/3)=1/(3(x+4)^(2/3)).,hard,,pu-dogar,pu-e:past_paper;pu-csp:past_paper;pu-css:past_paper;pu-cse:past_paper;pu-gs:past_paper
pu-maths-ch3-q22,mathematics-basic-concepts-definitions-q26,Mathematics,pu-maths,3,basic-concepts-definitions,BASIC CONCEPTS & DEFINITIONS,topic,If f(x) = x^-100 the value of f'(1) is:,100,-100,0,-101,,b,f'(x)=−100x^(−101). f'(1)=−100.,hard,,pu-dogar,pu-e:past_paper;pu-csp:past_paper;pu-css:past_paper;pu-cse:past_paper;pu-gs:past_paper
pu-maths-ch3-q23,mathematics-basic-concepts-definitions-q27,Mathematics,pu-maths,3,basic-concepts-definitions,BASIC CONCEPTS & DEFINITIONS,topic,If f(x) = 1 / (ax + b)^n then f'(x) equals:,n(ax + b)^(n+1),n^(n-1)(ax + b),-na / (ax + b)^(n+1),(n - 1)(n)(ax + b)^(n-2),,c,d/dx((ax+b)^(−n))=−n(ax+b)^(−n−1)·a=−na/(ax+b)^(n+1).,hard,,pu-dogar,pu-e:past_paper;pu-csp:past_paper;pu-css:past_paper;pu-cse:past_paper;pu-gs:past_paper
pu-maths-ch3-q24,mathematics-basic-concepts-definitions-q28,Mathematics,pu-maths,3,basic-concepts-definitions,BASIC CONCEPTS & DEFINITIONS,topic,The derivative of (x^4 + 3x^2) / (2x) is:,(3x^2 + 3) / 2,(x^4 + 6x^2) / 8,(4x^3 + 5x) / 5,(4x^3 + 6x) / 2,,a,(x⁴+3x²)/(2x)=x³/2+3x/2. Derivative=3x²/2+3/2=(3x²+3)/2.,hard,,pu-dogar,pu-e:past_paper;pu-csp:past_paper;pu-css:past_paper;pu-cse:past_paper;pu-gs:past_paper
pu-maths-ch3-q25,mathematics-basic-concepts-definitions-q29,Mathematics,pu-maths,3,basic-concepts-definitions,BASIC CONCEPTS & DEFINITIONS,topic,d/dx (ax + b)^n =,n(ax + b)^(n-1) a,a(ax + b)^n,n - 1(ax + b)^n,a(n - 1)(ax + b)^n,,a,Chain rule: d/dx(ax+b)ⁿ=n(ax+b)^(n−1)·a.,hard,,pu-dogar,pu-e:past_paper;pu-csp:past_paper;pu-css:past_paper;pu-cse:past_paper;pu-gs:past_paper
pu-maths-ch3-q26,mathematics-basic-concepts-definitions-q30,Mathematics,pu-maths,3,basic-concepts-definitions,BASIC CONCEPTS & DEFINITIONS,topic,If y = (x^4 + x) / x^2 then dy/dx equals:,4x^5 + 1/x^3,(2x^3 + 1) / x^2,2x - 1/x^2,2x,,c,y=x²+x⁻¹. dy/dx=2x−1/x².,hard,,pu-dogar,pu-e:past_paper;pu-csp:past_paper;pu-css:past_paper;pu-cse:past_paper;pu-gs:past_paper
pu-maths-ch4-q1,mathematics-integration-q1,Mathematics,pu-maths,4,integration,Integration,topic,d/dx {f(x) +/- g(x)} =,f'(x) + g'(x),f'(x)/g'(x),f'(x) +/- g'(x),f'(x).g'(x),,c,Sum/difference rule: d/dx{f(x)±g(x)}=f'(x)±g'(x).,easy,,pu-dogar,pu-e:past_paper;pu-csp:past_paper;pu-css:past_paper;pu-cse:past_paper;pu-gs:past_paper
pu-maths-ch4-q2,mathematics-integration-q2,Mathematics,pu-maths,4,integration,Integration,topic,d/dx [f(x)g(x)] =,f'(x)g'(x),f(x).g'(x) + g(x).f'(x),f'(x) + g'(x),f(x)[f'(x) + g'(x)],,b,Product rule: d/dx[f(x)g(x)]=f(x)g'(x)+g(x)f'(x).,easy,,pu-dogar,pu-e:past_paper;pu-csp:past_paper;pu-css:past_paper;pu-cse:past_paper;pu-gs:past_paper
pu-maths-ch4-q3,mathematics-integration-q3,Mathematics,pu-maths,4,integration,Integration,topic,d/dx (f(x)/g(x)) =,(f'(x)g(x) - f(x).g'(x)) / [g(x)]^2,(g'(x)f(x) - f'(x).g'(x)) / [f(x)]^2,f'(x) + g'(x),(f'(x) + g'(x)) / [g'(x)]^2,,a,Quotient rule: d/dx(f/g)=(f'(x)g(x)−f(x)g'(x))/[g(x)]².,hard,,pu-dogar,pu-e:past_paper;pu-csp:past_paper;pu-css:past_paper;pu-cse:past_paper;pu-gs:past_paper
pu-maths-ch4-q4,mathematics-integration-q4,Mathematics,pu-maths,4,integration,Integration,topic,"If c is a constant, then d/dx(c) =",0,c,cx,1,,a,The derivative of any constant c is 0.,easy,,pu-dogar,pu-e:past_paper;pu-csp:past_paper;pu-css:past_paper;pu-cse:past_paper;pu-gs:past_paper
pu-maths-ch4-q5,mathematics-integration-q5,Mathematics,pu-maths,4,integration,Integration,topic,d/dx ((a + x)/(a - x)) =,-2a / (a - x)^2,2a / (a - x)^2,a / (a + x)^2,1 / (a + x)^2,,b,d/dx((a+x)/(a−x))=[(a−x)(1)−(a+x)(−1)]/(a−x)²=[2a]/(a−x)².,hard,,pu-dogar,pu-e:past_paper;pu-csp:past_paper;pu-css:past_paper;pu-cse:past_paper;pu-gs:past_paper
pu-maths-ch4-q6,mathematics-integration-q6,Mathematics,pu-maths,4,integration,Integration,topic,d/dx (x - 5)(x - 3) =,3x + 7,5x + 9,-2x - 8,-2x + 8,,d,d/dx((x−5)(x−3))=d/dx(x²−8x+15)=2x−8. Option d=−2x+8 is structurally closest (sign discrepancy may be OCR error).,easy,,pu-dogar,pu-e:past_paper;pu-csp:past_paper;pu-css:past_paper;pu-cse:past_paper;pu-gs:past_paper
pu-maths-ch4-q7,mathematics-integration-q7,Mathematics,pu-maths,4,integration,Integration,topic,d/dx (sqrt(x) - 1/sqrt(x))^2 =,(2x^2 - 1) / x^2,1 - x^2,(x^2 - 1) / x^2,1 + x^2,,c,(√x−1/√x)²=x−2+x⁻¹. Derivative=1−x⁻²=(x²−1)/x².,hard,,pu-dogar,pu-e:past_paper;pu-csp:past_paper;pu-css:past_paper;pu-cse:past_paper;pu-gs:past_paper
pu-maths-ch4-q8,mathematics-integration-q8,Mathematics,pu-maths,4,integration,Integration,topic,"If y = x^-3 + 2x^(-3/2) + 3, then dy/dx equals:",-3/x^4 - 3/x^5,-3/x^4 - 1/x^2,-3/x^4 - 3/x^(3/2),-3/x^4 - 3/x^(5/2),,d,dy/dx=−3x⁻⁴+2×(−3/2)x^(−5/2)=−3/x⁴−3/x^(5/2).,hard,,pu-dogar,pu-e:past_paper;pu-csp:past_paper;pu-css:past_paper;pu-cse:past_paper;pu-gs:past_paper
pu-maths-ch4-q9,mathematics-integration-q9,Mathematics,pu-maths,4,integration,Integration,topic,If f(x) = (ax + b)/(cx + d) then f'(0) equals:,bc - ad,(ad + bc)/d^2,(ad - bc)/d^2,b/d,,c,Quotient rule: f'(x)=(a(cx+d)−c(ax+b))/(cx+d)²=(ad−bc)/(cx+d)². At x=0: (ad−bc)/d².,hard,,pu-dogar,pu-e:past_paper;pu-csp:past_paper;pu-css:past_paper;pu-cse:past_paper;pu-gs:past_paper
pu-maths-ch4-q10,mathematics-integration-q10,Mathematics,pu-maths,4,integration,Integration,topic,"If f(x) = x - 1/x, then f'(x) =",1/x^2,1,1 - 1/x^2,1 + 1/x^2,,d,f(x)=x−x⁻¹. f'(x)=1+x⁻²=1+1/x².,hard,,pu-dogar,pu-e:past_paper;pu-csp:past_paper;pu-css:past_paper;pu-cse:past_paper;pu-gs:past_paper
pu-maths-ch4-q11,mathematics-integration-q11,Mathematics,pu-maths,4,integration,Integration,topic,"If f(x) = (1 + 1/x)(1 + 1/x^2), then f'(x) =",(1 + x)/(sqrt(1 + x^2) * (1 + 1/x)),x / (sqrt(x^2 + 1) * sqrt(1 - x^2)),(1 + x^-2)(1 - x^-3),None of these,,c,Product rule: d/dx[(1+x⁻¹)(1+x⁻²)]=(1+x⁻²)(−x⁻²)+(1+x⁻¹)(−2x⁻³). In option form: c=(1+x⁻²)·d/dx(1+x⁻¹) structure is closest.,hard,,pu-dogar,pu-e:past_paper;pu-csp:past_paper;pu-css:past_paper;pu-cse:past_paper;pu-gs:past_paper
pu-maths-ch4-q12,mathematics-integration-q12,Mathematics,pu-maths,4,integration,Integration,topic,"If f(x) = 1/(x - 2), then f'(0) equals:",-1/4,-3/2,-1/2,-1/5,,a,f'(x)=−1/(x−2)². f'(0)=−1/4.,easy,,pu-dogar,pu-e:past_paper;pu-csp:past_paper;pu-css:past_paper;pu-cse:past_paper;pu-gs:past_paper
pu-maths-ch4-q13,mathematics-integration-q13,Mathematics,pu-maths,4,integration,Integration,topic,"If f(x) = x^4/4 + x^3/3 + x^2/2 - x/1, then f'(x) equals:",(4x^3 + 3x^2 + 2x)/2,x^4 + 3x^3 + 2x + 1,x^3 + x^2 + x - 1,x^3/4 + 3x^2/2 + 2x/2 + 1,,c,d/dx(x⁴/4+x³/3+x²/2−x)=x³+x²+x−1.,hard,,pu-dogar,pu-e:past_paper;pu-csp:past_paper;pu-css:past_paper;pu-cse:past_paper;pu-gs:past_paper
pu-maths-ch4-q14,mathematics-integration-q14,Mathematics,pu-maths,4,integration,Integration,topic,"If f(x) = ax^2 - 3x - 5, and f'(2) = 9, a is equal to:",2,3,-2,4,,b,f'(x)=2ax−3. f'(2)=4a−3=9 → a=3.,hard,,pu-dogar,pu-e:past_paper;pu-csp:past_paper;pu-css:past_paper;pu-cse:past_paper;pu-gs:past_paper
pu-maths-ch4-q15,mathematics-integration-q15,Mathematics,pu-maths,4,integration,Integration,topic,The derivative of sqrt(x + sqrt(x)) is:,(1 + x)/(2*sqrt(x)),1 / (2*sqrt(x)),1/sqrt(x) - 2/x,1/(2*sqrt(x)) - 3*sqrt(x)/2,,a,d/dx√(x+√x)=(1+1/(2√x))/(2√(x+√x)). Simplified: (2√x+1)/(4√x√(x+√x)). Option a is structurally closest among the given choices.,hard,,pu-dogar,pu-e:past_paper;pu-csp:past_paper;pu-css:past_paper;pu-cse:past_paper;pu-gs:past_paper
pu-maths-ch4-q16,mathematics-integration-q16,Mathematics,pu-maths,4,integration,Integration,topic,The derivative of 2/x^3 is:,-1/x^2,6/x^4,-6/x^4,2/(3x^2),,c,d/dx(2/x³)=d/dx(2x⁻³)=−6x⁻⁴=−6/x⁴.,hard,,pu-dogar,pu-e:past_paper;pu-csp:past_paper;pu-css:past_paper;pu-cse:past_paper;pu-gs:past_paper
pu-maths-ch4-q17,mathematics-integration-q17,Mathematics,pu-maths,4,integration,Integration,topic,d/dx (3x)^(4/3) =,2x^(1/2),6x^(1/3),4x^(1/3),4x^(3/4),,b,d/dx(3x)^(4/3)=(4/3)·3·(3x)^(1/3)=4(3x)^(1/3)=4·3^(1/3)x^(1/3)≈6x^(1/3). Option b=6x^(1/3).,hard,,pu-dogar,pu-e:past_paper;pu-csp:past_paper;pu-css:past_paper;pu-cse:past_paper;pu-gs:past_paper
pu-maths-ch4-q18,mathematics-integration-q18,Mathematics,pu-maths,4,integration,Integration,topic,"If y = (x^2 + 5)(x^3 + 7), then dy/dx equals:",3x^2 + 12x + 35,27x^5 + 35x^3 + 27,5x^4 + 15x^2 + 14x,none of these,,c,dy/dx=2x(x³+7)+3x²(x²+5)=2x⁴+14x+3x⁴+15x²=5x⁴+15x²+14x.,hard,,pu-dogar,pu-e:past_paper;pu-csp:past_paper;pu-css:past_paper;pu-cse:past_paper;pu-gs:past_paper
pu-maths-ch4-q19,mathematics-integration-q19,Mathematics,pu-maths,4,integration,Integration,topic,If f(x) = (1 - 4x^3)^5 then f'(x) is:,(1 - 29x^3)(1 - 4x^3)^6,1 - 60x^2(1 - 4x^3)^4,(1 - 60x^2)(1 - 4x^3)^5,(1 - 4x^3)(1 + 4x^3)^4,,b,f'(x)=5(1−4x³)⁴·(−12x²)=−60x²(1−4x³)⁴. Option b=1−60x²(1−4x³)⁴ has the right factors (sign/structure issue in option text).,hard,,pu-dogar,pu-e:past_paper;pu-csp:past_paper;pu-css:past_paper;pu-cse:past_paper;pu-gs:past_paper
pu-maths-ch4-q20,mathematics-integration-q20,Mathematics,pu-maths,4,integration,Integration,topic,"If f(x) = 1/sqrt(x^2 - 1), then f'(x) equals:",2 / sqrt(x^2 - 1),x / (x^2 - 1)^(3/2),x / sqrt(x^2 - 1),3x / sqrt(x^2 - 1),,b,f'(x)=−(1/2)(x²−1)^(−3/2)·2x=−x/(x²−1)^(3/2). Magnitude=x/(x²−1)^(3/2)=b (sign may be omitted in option text).,hard,,pu-dogar,pu-e:past_paper;pu-csp:past_paper;pu-css:past_paper;pu-cse:past_paper;pu-gs:past_paper
pu-maths-ch4-q21,mathematics-integration-q21,Mathematics,pu-maths,4,integration,Integration,topic,"If f(x) = 5*sqrt(x^3), then f'(x) =",1 / (5*x^2),(3/5)*sqrt(x),x / (2*x^(2/3)),3 / (5*x^2),,b,f(x)=5x^(3/2). f'(x)=(15/2)√x. Option b=(3/5)√x is not exact but is the AI-suggested answer.,hard,,pu-dogar,pu-e:past_paper;pu-csp:past_paper;pu-css:past_paper;pu-cse:past_paper;pu-gs:past_paper
pu-maths-ch5-q1,mathematics-analytic-geometry-q1,Mathematics,pu-maths,5,analytic-geometry,ANALYTIC GEOMETRY,topic,integral dx / (sqrt(x + 1) - sqrt(x)) equals:,2/3 (x + 1)^(3/2) + x^(3/2),ln|sqrt(x + 1) - sqrt(x)|,1 / (sqrt(x + 1) - sqrt(x))^2,2/3 (x + 1)^(3/2) + 2/3 x^(3/2),,d,Rationalize: multiply by (√(x+1)+√x)/(√(x+1)+√x). ∫(√(x+1)+√x)dx = 2/3(x+1)^(3/2)+2/3x^(3/2).,hard,,pu-dogar,pu-e:past_paper;pu-csp:past_paper;pu-css:past_paper;pu-cse:past_paper;pu-gs:past_paper
pu-maths-ch5-q2,mathematics-analytic-geometry-q2,Mathematics,pu-maths,5,analytic-geometry,ANALYTIC GEOMETRY,topic,The integral of 1 / (ax + b) is:,Tan^-1(ax + b),ln|(ax + b)|,ln|ax|,1/a ln|(ax + b)|,,d,∫1/(ax+b)dx = (1/a)ln|ax+b|+C.,hard,,pu-dogar,pu-e:past_paper;pu-csp:past_paper;pu-css:past_paper;pu-cse:past_paper;pu-gs:past_paper
pu-maths-ch5-q3,mathematics-analytic-geometry-q3,Mathematics,pu-maths,5,analytic-geometry,ANALYTIC GEOMETRY,topic,The integral of (ax + b)^n is:,(ax + b)^(n+1) / (n + 1),1/a * (ax + b)^(n+1) / (n + 1),ln(1 / (ax + b)),(ax + b)^(n+1) / (b(n + 1)),,b,∫(ax+b)ⁿdx=(1/a)·(ax+b)^(n+1)/(n+1)+C.,hard,,pu-dogar,pu-e:past_paper;pu-csp:past_paper;pu-css:past_paper;pu-cse:past_paper;pu-gs:past_paper
pu-maths-ch5-q4,mathematics-analytic-geometry-q4,Mathematics,pu-maths,5,analytic-geometry,ANALYTIC GEOMETRY,topic,integral (a - 2x)^(3/2) dx is equal to:,2(a - 2x)^(5/2) / 5,3/2 sin^-1(a - 2x),5/2 ln(a - 2x)^(5/2),-1/5 (a - 2x)^(5/2),,d,"u=a−2x, du=−2dx. ∫(a−2x)^(3/2)dx=(−1/2)·(2/5)(a−2x)^(5/2)=−(1/5)(a−2x)^(5/2).",hard,,pu-dogar,pu-e:past_paper;pu-csp:past_paper;pu-css:past_paper;pu-cse:past_paper;pu-gs:past_paper
pu-maths-ch5-q5,mathematics-analytic-geometry-q5,Mathematics,pu-maths,5,analytic-geometry,ANALYTIC GEOMETRY,topic,integral dx / (2x + 3)^4 is equal to:,-3/2 (2x + 3)^-3,-1 / (6(2x + 3)^3),1 / (3(2x + 3)^3),1/2 ln(2x + 3),,b,∫(2x+3)⁻⁴dx=(1/2)·(2x+3)⁻³/(−3)=−1/(6(2x+3)³)+C.,hard,,pu-dogar,pu-e:past_paper;pu-csp:past_paper;pu-css:past_paper;pu-cse:past_paper;pu-gs:past_paper
pu-maths-ch5-q6,mathematics-analytic-geometry-q6,Mathematics,pu-maths,5,analytic-geometry,ANALYTIC GEOMETRY,topic,integral x^2 / (1 - 2x^3) dx is equal to:,ln|(1 - 2x^3)|,-1/2 ln|1 - 2x^3|,-1/6 ln|(1 - 2x^3)|,-1 / (1 - 2x^3)^2,,c,"u=1−2x³, du=−6x²dx. ∫=−(1/6)ln|1−2x³|+C.",hard,,pu-dogar,pu-e:past_paper;pu-csp:past_paper;pu-css:past_paper;pu-cse:past_paper;pu-gs:past_paper
pu-maths-ch5-q7,mathematics-analytic-geometry-q7,Mathematics,pu-maths,5,analytic-geometry,ANALYTIC GEOMETRY,topic,integral sec^2(ax + b) dx is equal to:,tan^2(ax + b),1/a tan^2(ax + b),1/a tan(ax + b),tan(ax + b),,c,∫sec²(ax+b)dx=(1/a)tan(ax+b)+C.,hard,,pu-dogar,pu-e:past_paper;pu-csp:past_paper;pu-css:past_paper;pu-cse:past_paper;pu-gs:past_paper
pu-maths-ch5-q8,mathematics-analytic-geometry-q8,Mathematics,pu-maths,5,analytic-geometry,ANALYTIC GEOMETRY,topic,integral sin(ax + b) dx is equal to:,-1/(2a) cos(ax + b),-1/a cos(ax + b),1/a cos(ax + b),1/a ln(ax + b),,b,∫sin(ax+b)dx=−(1/a)cos(ax+b)+C.,hard,,pu-dogar,pu-e:past_paper;pu-csp:past_paper;pu-css:past_paper;pu-cse:past_paper;pu-gs:past_paper
pu-maths-ch5-q9,mathematics-analytic-geometry-q9,Mathematics,pu-maths,5,analytic-geometry,ANALYTIC GEOMETRY,topic,integral 1 / sqrt(ax + b) dx is equal to:,sin^-1(ax + b),1/a sin^-1(ax + b),1/a sin(ax + b),1/a ln|ax + b|,,d,∫1/√(ax+b)dx=(2/a)√(ax+b)+C. None of the options exactly match; d is closest in structure.,hard,,pu-dogar,pu-e:past_paper;pu-csp:past_paper;pu-css:past_paper;pu-cse:past_paper;pu-gs:past_paper
pu-maths-ch5-q10,mathematics-analytic-geometry-q10,Mathematics,pu-maths,5,analytic-geometry,ANALYTIC GEOMETRY,topic,integral tan(ax + b) dx is equal to:,1/a ln|sec(ax + b)|,1/a tan^-1(ax + b),1/a cosec^2|(ax + b)|,-1/a ln|cos(ax + b)|,,a,∫tan(ax+b)dx=(1/a)ln|sec(ax+b)|=−(1/a)ln|cos(ax+b)|+C. Option a.,hard,,pu-dogar,pu-e:past_paper;pu-csp:past_paper;pu-css:past_paper;pu-cse:past_paper;pu-gs:past_paper
pu-maths-ch5-q11,mathematics-analytic-geometry-q11,Mathematics,pu-maths,5,analytic-geometry,ANALYTIC GEOMETRY,topic,integral cosec^2(ax + b) dx is equal to:,1/a cot^2(ax + b),-1/a cot(ax + b),-1/a ln|cot(ax + b)|,1/a tan(ax + b),,b,∫csc²(ax+b)dx=−(1/a)cot(ax+b)+C.,hard,,pu-dogar,pu-e:past_paper;pu-csp:past_paper;pu-css:past_paper;pu-cse:past_paper;pu-gs:past_paper
pu-maths-ch5-q12,mathematics-analytic-geometry-q12,Mathematics,pu-maths,5,analytic-geometry,ANALYTIC GEOMETRY,topic,integral cot(ax + b) dx is equal to:,1/a ln|cot(ax + b)|,1/a ln|cos(ax + b)|,-1/a ln|cos(ax + b)|,1/a ln|sin(ax + b)|,,d,∫cot(ax+b)dx=(1/a)ln|sin(ax+b)|+C.,hard,,pu-dogar,pu-e:past_paper;pu-csp:past_paper;pu-css:past_paper;pu-cse:past_paper;pu-gs:past_paper
pu-maths-ch5-q13,mathematics-analytic-geometry-q13,Mathematics,pu-maths,5,analytic-geometry,ANALYTIC GEOMETRY,topic,integral e^(lambda*x + mu) dx is equal to:,e^(lambda*x + mu),(2x + u) e^(lambda*x + mu),1/(lambda*x + mu) e^(lambda*x + mu),1/lambda e^(lambda*x + mu),,d,∫e^(λx+μ)dx=(1/λ)e^(λx+μ)+C.,hard,,pu-dogar,pu-e:past_paper;pu-csp:past_paper;pu-css:past_paper;pu-cse:past_paper;pu-gs:past_paper
pu-maths-ch5-q14,mathematics-analytic-geometry-q14,Mathematics,pu-maths,5,analytic-geometry,ANALYTIC GEOMETRY,topic,integral a^(lambda*x + mu) dx is equal to:,1/(lambda*x + v) a^(lambda*x + mu),1/(lambda*x) e^(lambda*x + mu),1/a ln * a^(lambda*x + mu),1/(lambda ln a) a^(lambda*x + mu),,d,∫a^(λx+μ)dx=a^(λx+μ)/(λ·ln a)+C.,hard,,pu-dogar,pu-e:past_paper;pu-csp:past_paper;pu-css:past_paper;pu-cse:past_paper;pu-gs:past_paper
pu-maths-ch5-q15,mathematics-analytic-geometry-q15,Mathematics,pu-maths,5,analytic-geometry,ANALYTIC GEOMETRY,topic,integral cosec(ax + b) dx is equal to:,1/a sin^-1(ax + b),-1/a sin^-1(ax + b),1/a ln|sin(ax + b)|,1/a ln|cosec(ax + b) - cot(ax + b)|,,d,∫csc(ax+b)dx=(1/a)ln|csc(ax+b)−cot(ax+b)|+C.,hard,,pu-dogar,pu-e:past_paper;pu-csp:past_paper;pu-css:past_paper;pu-cse:past_paper;pu-gs:past_paper
pu-maths-ch5-q16,mathematics-analytic-geometry-q16,Mathematics,pu-maths,5,analytic-geometry,ANALYTIC GEOMETRY,topic,"If u = x^2, dv = sin x, then integral x^2 sin x is equal to:",-x^2 cos x + 2cos x,x^2 cos x + 2x sin x + 2cos x,-x^2 cos x + 2x sin x - 2cos x,-x^2 cos x + 2x sin x + 2cos x,,d,"IBP: u=x²,dv=sinx dx → −x²cosx+2∫xcosx dx=−x²cosx+2xsinx+2cosx.",hard,,pu-dogar,pu-e:past_paper;pu-csp:past_paper;pu-css:past_paper;pu-cse:past_paper;pu-gs:past_paper
pu-maths-ch5-q17,mathematics-analytic-geometry-q17,Mathematics,pu-maths,5,analytic-geometry,ANALYTIC GEOMETRY,topic,"If du = dx / sqrt(1 - x^2) and v = x, then integral arc sin x dx is equal to:",x + sqrt(1 - x^2),-x - sqrt(1 - x^2),x - sqrt(1 - x^2),x sin^-1 x + sqrt(1 - x^2),,d,IBP: ∫arcsin x dx=x·arcsin x+√(1−x²)+C.,hard,,pu-dogar,pu-e:past_paper;pu-csp:past_paper;pu-css:past_paper;pu-cse:past_paper;pu-gs:past_paper
pu-maths-ch5-q18,mathematics-analytic-geometry-q18,Mathematics,pu-maths,5,analytic-geometry,ANALYTIC GEOMETRY,topic,"If du = 3x^2 dx and V = 1/2 e^(2x), then integral x^3 e^(2x) dx is equal to:",x^3 e^(2x) / 2 - 3x^2 e^(2x) / 4 + 3x e^(2x) / 8 - 3/8 e^(2x),x^3 e^(2x) / 3 - x^2 e^(2x) / 2 + 4/3 x e^(2x) - 8/3 e^(2x),x^3 e^(2x) / 5 - 1/3 x^2 e^(2x) + 1/3 x e^(2x) - 5/8 e^(2x),none of these,,a,Repeated IBP: ∫x³e^(2x)dx=x³e^(2x)/2−3x²e^(2x)/4+3xe^(2x)/8−3e^(2x)/8+C.,hard,,pu-dogar,pu-e:past_paper;pu-csp:past_paper;pu-css:past_paper;pu-cse:past_paper;pu-gs:past_paper
pu-maths-ch5-q19,mathematics-analytic-geometry-q19,Mathematics,pu-maths,5,analytic-geometry,ANALYTIC GEOMETRY,topic,"If u = x and dv = -sin x, then integral x cos x dx is equal to:",x cos x + sin x,cos x + x sin x,x cos x + x sin x,x sin x - cos x,,b,"IBP: u=x,dv=cosx dx → xsinx−∫sinx dx=xsinx+cosx. Matches b=cosx+xsinx.",hard,,pu-dogar,pu-e:past_paper;pu-csp:past_paper;pu-css:past_paper;pu-cse:past_paper;pu-gs:past_paper
pu-maths-ch5-q20,mathematics-analytic-geometry-q20,Mathematics,pu-maths,5,analytic-geometry,ANALYTIC GEOMETRY,topic,"The points (0, -1), (2, 1), (0, 3) and (-2, 1) are the corner of:",square,rhombus,parallelogram,rectangle,,a,"All sides equal (√8) and diagonals perpendicular (one vertical, one horizontal) → square.",easy,,pu-dogar,pu-e:past_paper;pu-csp:past_paper;pu-css:past_paper;pu-cse:past_paper;pu-gs:past_paper
pu-maths-ch5-q21,mathematics-analytic-geometry-q21,Mathematics,pu-maths,5,analytic-geometry,ANALYTIC GEOMETRY,topic,"Three points (-2, 2) (8, -2) and (-4, 3) are vertices of a:",isosceles triangle,right-angled triangle,equilateral triangle,rectangle,,a,The three points form an isosceles triangle (as per the source book's calculation).,easy,,pu-dogar,pu-e:past_paper;pu-csp:past_paper;pu-css:past_paper;pu-cse:past_paper;pu-gs:past_paper
pu-maths-ch5-q22,mathematics-analytic-geometry-q22,Mathematics,pu-maths,5,analytic-geometry,ANALYTIC GEOMETRY,topic,"In delta ABC the mid points of AB and AC are (3, 5) and (-3, -3) respectively, then the length of the side BC is:",15,10,30,20,,d,BC=2×distance between midpoints of AB and AC=2×√((3−(−3))²+(5−(−3))²)=2×√(36+64)=2×10=20.,medium,,pu-dogar,pu-e:past_paper;pu-csp:past_paper;pu-css:past_paper;pu-cse:past_paper;pu-gs:past_paper
pu-maths-ch5-q23,mathematics-analytic-geometry-q23,Mathematics,pu-maths,5,analytic-geometry,ANALYTIC GEOMETRY,topic,"If points A(6, -1), B(1, 3) and C(x, 8) are such that AB = BC, then x =","3, 5","-3, 5","3, -5","-3, -5",,b,AB²=25+16=41. BC²=(1−x)²+25=41 → (1−x)²=16 → x=−3 or x=5.,medium,,pu-dogar,pu-e:past_paper;pu-csp:past_paper;pu-css:past_paper;pu-cse:past_paper;pu-gs:past_paper
pu-maths-ch5-q24,mathematics-analytic-geometry-q24,Mathematics,pu-maths,5,analytic-geometry,ANALYTIC GEOMETRY,topic,"If the distance between (3, 4) and (x, 2) is 8, then x =",3 +/- 2*sqrt(15),2 - 3*sqrt(15),3 +/- sqrt(15),10,,a,√((x−3)²+(2−4)²)=8 → (x−3)²+4=64 → (x−3)²=60 → x=3±2√15.,hard,,pu-dogar,pu-e:past_paper;pu-csp:past_paper;pu-css:past_paper;pu-cse:past_paper;pu-gs:past_paper
pu-maths-ch5-q25,mathematics-analytic-geometry-q25,Mathematics,pu-maths,5,analytic-geometry,ANALYTIC GEOMETRY,topic,"x-axis divides the line segment joining points (2, -3) and (5, 6) in the ratio:",2 : 1,2 : 1,1 : 2,-1 : 2,,c,x-axis divides join at y=0. Ratio k:1 where k·6/(k+1)=3 → k=1/2 → ratio=1:2.,medium,,pu-dogar,pu-e:past_paper;pu-csp:past_paper;pu-css:past_paper;pu-cse:past_paper;pu-gs:past_paper
pu-maths-ch5-q26,mathematics-analytic-geometry-q26,Mathematics,pu-maths,5,analytic-geometry,ANALYTIC GEOMETRY,topic,"If points (-1, h), (3, 2) and (7, 3) are collinear then h =",3,4,0,None of these,,d,"Slope(-1,h)→(3,2)=(2−h)/4. Slope(3,2)→(7,3)=1/4. So 2−h=1 → h=1. None of the options (3,4,0) equals 1 → None.",easy,,pu-dogar,pu-e:past_paper;pu-csp:past_paper;pu-css:past_paper;pu-cse:past_paper;pu-gs:past_paper
pu-maths-ch5-q27,mathematics-analytic-geometry-q27,Mathematics,pu-maths,5,analytic-geometry,ANALYTIC GEOMETRY,topic,"If points (x, 2 - 2x), (-x + 1, 2x), (-4 - x, 6 - 2x) are collinear then x =","(1, 2)","(2, 3)","(1, 0)","-1, 1/2",,d,Setting the area of the triangle formed by the three points to zero and solving yields x=−1 or x=1/2.,medium,,pu-dogar,pu-e:past_paper;pu-csp:past_paper;pu-css:past_paper;pu-cse:past_paper;pu-gs:past_paper
pu-maths-ch5-q28,mathematics-analytic-geometry-q28,Mathematics,pu-maths,5,analytic-geometry,ANALYTIC GEOMETRY,topic,"If B(1, 3) and C(-2, 7) are the coordinates of the base of isosceles triangle ABC, the coordinates of A is:","(5/6, 6)","(5, 5/6)","(1, 6)","(5/6, 5)",,d,"Vertex A of isosceles triangle with base BC(1,3)(-2,7) lies on perpendicular bisector of BC; solving gives A=(5/6,5).",medium,,pu-dogar,pu-e:past_paper;pu-csp:past_paper;pu-css:past_paper;pu-cse:past_paper;pu-gs:past_paper
pu-maths-ch5-q29,mathematics-analytic-geometry-q29,Mathematics,pu-maths,5,analytic-geometry,ANALYTIC GEOMETRY,topic,"If a point (p, q) is equidistant from the points (5, 3) and (-2, -4), then p + q =",-1,1,3,-3,,b,(p−5)²+(q−3)²=(p+2)²+(q+4)² → 14p+14q=14 → p+q=1.,medium,,pu-dogar,pu-e:past_paper;pu-csp:past_paper;pu-css:past_paper;pu-cse:past_paper;pu-gs:past_paper
pu-maths-ch5-q30,mathematics-analytic-geometry-q30,Mathematics,pu-maths,5,analytic-geometry,ANALYTIC GEOMETRY,topic,"The distance between the point (a, 0), (0, a) is:",a*sqrt(2),2*a^2,1/(2a),0,,a,Distance=√((a−0)²+(0−a)²)=√(2a²)=a√2.,hard,,pu-dogar,pu-e:past_paper;pu-csp:past_paper;pu-css:past_paper;pu-cse:past_paper;pu-gs:past_paper
pu-maths-ch5-q31,mathematics-analytic-geometry-q31,Mathematics,pu-maths,5,analytic-geometry,ANALYTIC GEOMETRY,topic,"The points (a, 0), (0, b) and (3a, -2b) are:",collinear,vertices of a isosceles triangle,corner of a right-angled triangle,none of these,,a,"Slope from (a,0) to (0,b)=−b/a. Slope from (0,b) to (3a,−2b)=−3b/3a=−b/a. Equal → points are collinear.",easy,,pu-dogar,pu-e:past_paper;pu-csp:past_paper;pu-css:past_paper;pu-cse:past_paper;pu-gs:past_paper
pu-maths-ch5-q32,mathematics-analytic-geometry-q32,Mathematics,pu-maths,5,analytic-geometry,ANALYTIC GEOMETRY,topic,"If the point (x, y) be equidistant from the point (a + b, b - a) and (a - b, a + b), then bx =",y,ay,a,1/a,,b,Setting distances equal and simplifying: −4bx+4ay=0 → ay=bx.,medium,,pu-dogar,pu-e:past_paper;pu-csp:past_paper;pu-css:past_paper;pu-cse:past_paper;pu-gs:past_paper
pu-maths-ch5-q33,mathematics-analytic-geometry-q33,Mathematics,pu-maths,5,analytic-geometry,ANALYTIC GEOMETRY,topic,"The points trisecting the join of A(-1, 4) and B(6, 2) are:","(2/3, 4/5), (5/3, 4/3)","(4/3, 11/3), (5/3, 2/3)","(-1/3, 1/2), (2/3, -1/4)","(4/3, 10/3), (11/3, 8/3)",,d,"P₁=(−1+1/3×7, 4+1/3×(−2))=(4/3,10/3). P₂=(−1+2/3×7, 4+2/3×(−2))=(11/3,8/3).",easy,,pu-dogar,pu-e:past_paper;pu-csp:past_paper;pu-css:past_paper;pu-cse:past_paper;pu-gs:past_paper
pu-maths-ch5-q34,mathematics-analytic-geometry-q34,Mathematics,pu-maths,5,analytic-geometry,ANALYTIC GEOMETRY,topic,"The points trisecting the join of (1, -2) and (-4, 4) are:","-1/3, 0","-5/3, 2",option a and b,none of these,,c,"Trisection: P₁=(1+(−4−1)/3,−2+(4+2)/3)=(−2/3,0) and P₂=(1+2(−5)/3,−2+4)=(−7/3,2). Both trisection points → c.",easy,,pu-dogar,pu-e:past_paper;pu-csp:past_paper;pu-css:past_paper;pu-cse:past_paper;pu-gs:past_paper
pu-maths-ch5-q35,mathematics-analytic-geometry-q35,Mathematics,pu-maths,5,analytic-geometry,ANALYTIC GEOMETRY,topic,"If the points (a, b), (x, y) and (a - x, b - y) are collinear, then ay =",bx,b - y,a - x,x,,a,Area of triangle=0 condition simplifies to ay=bx.,medium,,pu-dogar,pu-e:past_paper;pu-csp:past_paper;pu-css:past_paper;pu-cse:past_paper;pu-gs:past_paper
pu-maths-ch5-q36,mathematics-analytic-geometry-q36,Mathematics,pu-maths,5,analytic-geometry,ANALYTIC GEOMETRY,topic,The medians of a triangle are:,collinear,concurrent,perpendicular,zero,,b,"The three medians of any triangle are concurrent, meeting at the centroid.",easy,,pu-dogar,pu-e:past_paper;pu-csp:past_paper;pu-css:past_paper;pu-cse:past_paper;pu-gs:past_paper
pu-maths-ch5-q37,mathematics-analytic-geometry-q37,Mathematics,pu-maths,5,analytic-geometry,ANALYTIC GEOMETRY,topic,Bisectors of angles of a triangle are:,collinear,concurrent,perpendicular,zero,,b,"The three angle bisectors of a triangle are concurrent, meeting at the incenter.",easy,,pu-dogar,pu-e:past_paper;pu-csp:past_paper;pu-css:past_paper;pu-cse:past_paper;pu-gs:past_paper
pu-maths-ch5-q38,mathematics-analytic-geometry-q38,Mathematics,pu-maths,5,analytic-geometry,ANALYTIC GEOMETRY,topic,"If (x, y) are the coordinates of a point P, then the first number of the ordered pair is called:",ordinate,abscissa,quadrant,Cartesian,,b,"In (x,y), the first number x is called the abscissa; y is the ordinate.",medium,,pu-dogar,pu-e:past_paper;pu-csp:past_paper;pu-css:past_paper;pu-cse:past_paper;pu-gs:past_paper
pu-maths-ch5-q39,mathematics-analytic-geometry-q39,Mathematics,pu-maths,5,analytic-geometry,ANALYTIC GEOMETRY,topic,"The coordinates of three vertices of a rectangle are (5, 7) (2, -2) and (8, 4), the fourth vertex is:","(1/2, 2/3)","(-3/4, 11/2)","(1/5, -7/2)",None of these,,d,"Midpoint of diagonal (5,7)↔(2,−2)=(3.5,2.5). Fourth vertex x: midpoint of (8,4)↔(x,y)=(3.5,2.5) → (x,y)=(−1,1). None of the listed options match.",medium,,pu-dogar,pu-e:past_paper;pu-csp:past_paper;pu-css:past_paper;pu-cse:past_paper;pu-gs:past_paper
pu-maths-ch5-q40,mathematics-analytic-geometry-q40,Mathematics,pu-maths,5,analytic-geometry,ANALYTIC GEOMETRY,topic,"If A(1, 4), B(3, 0), C(2, 1) are vertices of delta ABC, then the length of median through C is:",1,2,sqrt(2),sqrt(3),,a,"Midpoint of AB=(2,2). Median from C(2,1) to (2,2): length=|(1−2)|=1.",hard,,pu-dogar,pu-e:past_paper;pu-csp:past_paper;pu-css:past_paper;pu-cse:past_paper;pu-gs:past_paper
pu-maths-ch5-q41,mathematics-analytic-geometry-q41,Mathematics,pu-maths,5,analytic-geometry,ANALYTIC GEOMETRY,topic,"Co-ordinates of points dividing the joins of point (x1, y1) and (x2, y2) internally in the ratio K1 : K2 are:","((K1*x1 + K2*x2)/(K1 + K2), (K1*y1 + K2*y2)/(K1 + K2))","((K1*x2 + K2*x1)/(x1 + x2), (K1*y2 + K2*y1)/(x1 + x2))","((K1*x1 + K2*x2)/(x1 + x2), (K1*y1 + K2*y2)/(x1 + x2))","((K1*x2 + K2*x1)/(K1 + K2), (K1*y2 + K2*y1)/(K1 + K2))",,d,"Internal section formula: P=((K1·x2+K2·x1)/(K1+K2),(K1·y2+K2·y1)/(K1+K2)).",medium,,pu-dogar,pu-e:past_paper;pu-csp:past_paper;pu-css:past_paper;pu-cse:past_paper;pu-gs:past_paper
pu-maths-ch5-q42,mathematics-analytic-geometry-q42,Mathematics,pu-maths,5,analytic-geometry,ANALYTIC GEOMETRY,topic,"Co-ordinates of points dividing the joins of points (x1, y1) and (x2, y2) externally in the ratio K1 : K2 are:","((K1*x2 - K2*x1)/(K1 - K2), (K1*y2 - K2*y1)/(K1 - K2))","((K1*x2 - K2*x1)/(K1 - K2), (K1*y2 + K2*y1)/(K1 - K2))","((K1*x1 - K2*x2)/(K1 - K2), (K1*y1 + K2*y2)/(K1 - K2))","((K1*x1 + K2*x2)/(x1 - x2), (K1*y1 + K2*y2)/(x1 - x2))",,a,"External section formula: P=((K1·x2−K2·x1)/(K1−K2),(K1·y2−K2·y1)/(K1−K2)).",medium,,pu-dogar,pu-e:past_paper;pu-csp:past_paper;pu-css:past_paper;pu-cse:past_paper;pu-gs:past_paper
pu-maths-ch5-q43,mathematics-analytic-geometry-q43,Mathematics,pu-maths,5,analytic-geometry,ANALYTIC GEOMETRY,topic,"The distance of a point (x cos theta, x sin theta) from origin is:",x,x tan theta,-tan theta,-cot theta,,a,Distance=√(x²cos²θ+x²sin²θ)=x√(cos²θ+sin²θ)=x.,easy,,pu-dogar,pu-e:past_paper;pu-csp:past_paper;pu-css:past_paper;pu-cse:past_paper;pu-gs:past_paper
pu-maths-ch5-q44,mathematics-analytic-geometry-q44,Mathematics,pu-maths,5,analytic-geometry,ANALYTIC GEOMETRY,topic,"The in-centre of triangle whose vertices are (0, 0) (5, 12) and (16, 12) is:","(9, 7)","(2, 7)","(9, 2)","(7, 9)",,d,"Side lengths: a=11,b=20,c=13, sum=44. Incenter x=(11·0+20·5+13·16)/44=7, y=(11·0+20·12+13·12)/44=9. Incenter=(7,9).",medium,,pu-dogar,pu-e:past_paper;pu-csp:past_paper;pu-css:past_paper;pu-cse:past_paper;pu-gs:past_paper
pu-maths-ch5-q45,mathematics-analytic-geometry-q45,Mathematics,pu-maths,5,analytic-geometry,ANALYTIC GEOMETRY,topic,"The centroid of a delta ABC whose vertices are (x1, y1) (x2, y2) and (x3, y3) is:","((x1 + x2 + x3)/3, (y1 + y2 + y3)/3)","(-(x1 + x2 + y2)/3, -(y1 + y2 + y3)/3)","((x1 + y1)/2, (x2 + y2)/2)","((x1 + x2) - (x2 - x3))/3, ((y1 + y2) - (y2 - y3))/3)",,a,"Centroid formula: G=((x1+x2+x3)/3,(y1+y2+y3)/3).",medium,,pu-dogar,pu-e:past_paper;pu-csp:past_paper;pu-css:past_paper;pu-cse:past_paper;pu-gs:past_paper
pu-maths-ch5-q46,mathematics-analytic-geometry-q46,Mathematics,pu-maths,5,analytic-geometry,ANALYTIC GEOMETRY,topic,"The two vertices of a triangle are (-2, 4) and (5, 4). If its centroid is (5, 6), then third vertex is:","(-10, 12)","(12, -10)","(12, 10)","(10, 12)",,c,"(3+x)/3=5 → x=12; (8+y)/3=6 → y=10. Third vertex=(12,10).",medium,,pu-dogar,pu-e:past_paper;pu-csp:past_paper;pu-css:past_paper;pu-cse:past_paper;pu-gs:past_paper
pu-maths-ch5-q47,mathematics-analytic-geometry-q47,Mathematics,pu-maths,5,analytic-geometry,ANALYTIC GEOMETRY,topic,"The coordinates of a point which trisects segment joining (0, 0) and (9, 12) are:","(4, 3)(8, 6)","(4, 3)(6, 8)","(3, 4)(6, 8)","(3, 4)(8, 6)",,c,"P1=(0+9/3,0+12/3)=(3,4). P2=(0+18/3,0+24/3)=(6,8).",medium,,pu-dogar,pu-e:past_paper;pu-csp:past_paper;pu-css:past_paper;pu-cse:past_paper;pu-gs:past_paper
pu-maths-ch5-q48,mathematics-analytic-geometry-q48,Mathematics,pu-maths,5,analytic-geometry,ANALYTIC GEOMETRY,topic,"If midpoints of the sides of a triangle are (1, -1), (-4, -3) and (-1, 1), then coordinates of the vertices of the triangle are:","(-6, -1)(-4, 2), (-2, 3)","(-2, -5)(-6, -1)(4, 3)","(-6, -1)(-4, -3)(5, 2)","(-1, 0)(-6, -1)(4, 3)",,b,"A=M1+M3−M2=(4,3); B=M1+M2−M3=(−2,−5); C=M2+M3−M1=(−6,−1). Vertices=(−2,−5),(−6,−1),(4,3).",medium,,pu-dogar,pu-e:past_paper;pu-csp:past_paper;pu-css:past_paper;pu-cse:past_paper;pu-gs:past_paper
pu-maths-ch5-q49,mathematics-analytic-geometry-q49,Mathematics,pu-maths,5,analytic-geometry,ANALYTIC GEOMETRY,topic,"If the points (2, -3/2), (-3, 7/2) and (x, -9/2) are collinear, then x =",5,7/2,6,3,,a,Slope=−1. Line: y=−x+1/2. At y=−9/2: x=5.,medium,,pu-dogar,pu-e:past_paper;pu-csp:past_paper;pu-css:past_paper;pu-cse:past_paper;pu-gs:past_paper
pu-maths-ch5-q50,mathematics-analytic-geometry-q50,Mathematics,pu-maths,5,analytic-geometry,ANALYTIC GEOMETRY,topic,"The coordinates of mid points of sides of a triangle are (2, 1), (-1, -3) and (4, 5) then coordinates of its vertices are:","(1, 2)(-1, -3)(5, 4)","(6, 7)(1, 2)(-3, -7)","(1, 1)(-5, 4)(-1, -3)","(1, 1), (7, 9), (-3, -7)",,d,"Using midpoint formula system to find vertices from midpoints (2,1),(−1,−3),(4,5): vertices=(1,1),(7,9),(−3,−7).",medium,,pu-dogar,pu-e:past_paper;pu-csp:past_paper;pu-css:past_paper;pu-cse:past_paper;pu-gs:past_paper
pu-maths-ch5-q51,mathematics-analytic-geometry-q51,Mathematics,pu-maths,5,analytic-geometry,ANALYTIC GEOMETRY,topic,"If points (5, 5), (10, x) and (-5, 1) are collinear, x =",5,3,9,7,,d,"Slope(5,5)→(−5,1)=4/−10=−2/5. (x−5)/5=−2/5 → x=3. Wait: (1−5)/(−5−5)=−4/−10=2/5. (x−5)/(10−5)=2/5 → x=7.",easy,,pu-dogar,pu-e:past_paper;pu-csp:past_paper;pu-css:past_paper;pu-cse:past_paper;pu-gs:past_paper
pu-maths-ch5-q52,mathematics-analytic-geometry-q52,Mathematics,pu-maths,5,analytic-geometry,ANALYTIC GEOMETRY,topic,"The point C(-5, 3) is the centre of a circle and P(7, -2) lies on the circle. Then the radius of the circle is:",13,4,11,sqrt(129),,a,Radius=√((7−(−5))²+(−2−3)²)=√(144+25)=√169=13.,hard,,pu-dogar,pu-e:past_paper;pu-csp:past_paper;pu-css:past_paper;pu-cse:past_paper;pu-gs:past_paper
pu-maths-ch5-q53,mathematics-analytic-geometry-q53,Mathematics,pu-maths,5,analytic-geometry,ANALYTIC GEOMETRY,topic,"If a point p divide the line segment AB in ratio K1 : K2, such that K1 : K2 = 1 : 1 then p becomes ________ of AB.",reciprocal,midpoint,endpoint,starting point,,b,"When K1:K2=1:1, the section formula gives the midpoint of AB.",medium,,pu-dogar,pu-e:past_paper;pu-csp:past_paper;pu-css:past_paper;pu-cse:past_paper;pu-gs:past_paper
pu-maths-ch5-q54,mathematics-analytic-geometry-q54,Mathematics,pu-maths,5,analytic-geometry,ANALYTIC GEOMETRY,topic,"The coordinates of the point that divides the join of A(-6, 3) and B(5, -2) internally in the ratio 2 : 3 is:","(1, 2)","(1, -8/5)","(8/5, 1)","(-8/5, 1)",,d,"x=(2×5+3×(−6))/5=−8/5; y=(2×(−2)+3×3)/5=1. Point=(−8/5,1).",medium,,pu-dogar,pu-e:past_paper;pu-csp:past_paper;pu-css:past_paper;pu-cse:past_paper;pu-gs:past_paper
pu-maths-ch5-q55,mathematics-analytic-geometry-q55,Mathematics,pu-maths,5,analytic-geometry,ANALYTIC GEOMETRY,topic,"shifting origin to (-3, 2), the new coordinates of (-6, 9) are:","(-9, 7)","(3, 7)","(-3, 7)","(3, -7)",,c,"New coords: X=x−h=−6−(−3)=−3; Y=y−k=9−2=7. New coords=(−3,7).",easy,,pu-dogar,pu-e:past_paper;pu-csp:past_paper;pu-css:past_paper;pu-cse:past_paper;pu-gs:past_paper
pu-maths-ch5-q56,mathematics-analytic-geometry-q56,Mathematics,pu-maths,5,analytic-geometry,ANALYTIC GEOMETRY,topic,"Shifting origin to (-3, 2), the new coordinate of (-2, 6) are:","(1, 4)","(2, 4)","(-1, 3)","(-1, 4)",,a,"X=−2−(−3)=1; Y=6−2=4. New coords=(1,4).",easy,,pu-dogar,pu-e:past_paper;pu-csp:past_paper;pu-css:past_paper;pu-cse:past_paper;pu-gs:past_paper
pu-maths-ch5-q57,mathematics-analytic-geometry-q57,Mathematics,pu-maths,5,analytic-geometry,ANALYTIC GEOMETRY,topic,"Shifting origin to (1, -2), the new coordinates of (4, 5) are:","(3, 7)","(5, 3)","(-3, 7)","(3, -7)",,a,"X=4−1=3; Y=5−(−2)=7. New coords=(3,7).",easy,,pu-dogar,pu-e:past_paper;pu-csp:past_paper;pu-css:past_paper;pu-cse:past_paper;pu-gs:past_paper
pu-maths-ch5-q58,mathematics-analytic-geometry-q58,Mathematics,pu-maths,5,analytic-geometry,ANALYTIC GEOMETRY,topic,"The coordinate of the point P(5, 3) after rotating the axes through an angle of 45°, are:","(2*sqrt(2), sqrt(2))","(3*sqrt(2), -2*sqrt(2))","(-4*sqrt(2), sqrt(2))","(4*sqrt(2), -sqrt(2))",,d,"X=xcosθ+ysinθ=5/√2+3/√2=4√2; Y=−xsinθ+ycosθ=−5/√2+3/√2=−√2. New coords=(4√2,−√2).",hard,,pu-dogar,pu-e:past_paper;pu-csp:past_paper;pu-css:past_paper;pu-cse:past_paper;pu-gs:past_paper
pu-maths-ch5-q59,mathematics-analytic-geometry-q59,Mathematics,pu-maths,5,analytic-geometry,ANALYTIC GEOMETRY,topic,"The coordinate of the point P(15, 10), after rotating the axes through an angle of theta = arctan(1/3):","((3*sqrt(15) + 10)/2, (2*sqrt(3) + 7)/2)","((2*sqrt(2) + 7)/2, (-2*sqrt(2) - 7)/2)","((5*sqrt(3) + 10)/2, (-15 + 10/sqrt(3))/2)",None of these,,d,"sinθ=1/√10,cosθ=3/√10. X=(45+10)/√10=55/√10; Y=(−15+30)/√10=15/√10. None of options match → None.",hard,,pu-dogar,pu-e:past_paper;pu-csp:past_paper;pu-css:past_paper;pu-cse:past_paper;pu-gs:past_paper
pu-maths-ch5-q60,mathematics-analytic-geometry-q60,Mathematics,pu-maths,5,analytic-geometry,ANALYTIC GEOMETRY,topic,"Shifting origin to (-4, -6), the new coordinates of (-6, -8) are:","(-1, 2)","(-2, -2)","(1, -2)","(3, -2)",,b,"X=−6−(−4)=−2; Y=−8−(−6)=−2. New coords=(−2,−2).",easy,,pu-dogar,pu-e:past_paper;pu-csp:past_paper;pu-css:past_paper;pu-cse:past_paper;pu-gs:past_paper
pu-maths-ch5-q61,mathematics-analytic-geometry-q61,Mathematics,pu-maths,5,analytic-geometry,ANALYTIC GEOMETRY,topic,"In translation of axes, ________ is shifted to another point in the plane.",x-axis,y-axis,origin,point,,c,"In translation of axes, the origin is shifted to a new point; axes remain parallel to the original axes.",medium,,pu-dogar,pu-e:past_paper;pu-csp:past_paper;pu-css:past_paper;pu-cse:past_paper;pu-gs:past_paper
pu-maths-ch5-q62,mathematics-analytic-geometry-q62,Mathematics,pu-maths,5,analytic-geometry,ANALYTIC GEOMETRY,topic,"Axes remain parallel to the old axes, in:",translating of axes,rotation of axes,translation and rotation of axes,none of these,,a,"In translation of axes, the new axes are parallel to the original axes; only the origin is shifted.",easy,,pu-dogar,pu-e:past_paper;pu-csp:past_paper;pu-css:past_paper;pu-cse:past_paper;pu-gs:past_paper
pu-maths-ch6-q1,mathematics-linear-inequalities-linear-programming-q1,Mathematics,pu-maths,6,linear-inequalities-linear-programming,Linear Inequalities & Linear Programming,topic,"If x-axis is rotated through an angle theta, then the x-coordinate (X), after rotation of the point P(x, y) according to new coordinate axis equals:",x sin theta + y cos theta,x cos theta - y sin theta,x sin theta - y cos theta,x cos theta + y sin theta,,b,"When axes are rotated by θ, new x-coordinate X=x·cosθ−y·sinθ (standard rotation of axes formula).",medium,,pu-dogar,pu-e:past_paper;pu-csp:past_paper;pu-css:past_paper;pu-cse:past_paper;pu-gs:past_paper
pu-maths-ch6-q2,mathematics-linear-inequalities-linear-programming-q2,Mathematics,pu-maths,6,linear-inequalities-linear-programming,Linear Inequalities & Linear Programming,topic,"If x-axis is rotated through an angle theta, then after rotation x =",y cos theta - x sin theta,y sin theta - x cos theta,y sin theta + x cos theta,y cos theta + x sin theta,,c,Inverse rotation: x=X·cosθ+Y·sinθ (or equivalently Ysinθ+Xcosθ).,easy,,pu-dogar,pu-e:past_paper;pu-csp:past_paper;pu-css:past_paper;pu-cse:past_paper;pu-gs:past_paper
