external_id,source_id,subject,subject_slug,chapter_num,chapter_slug,chapter_title,node_kind,statement,option_a,option_b,option_c,option_d,option_e,correct_option,explanation,difficulty,flag_for_review,source,tests
pu-verbal-reasoning-ch1-q1,p010-q1,Verbal Reasoning,pu-verbal-reasoning,1,analogy,Analogy,topic,Jesus is related to Christians in the same way as Zoroaster is related to ___?,Jews,Parsis,Tribals,Catholics,,b,"Zoroaster is the prophet of the Parsis (Zoroastrians), just as Jesus is central to Christians. Prophet-to-followers relationship.",easy,,pu-dogar,pu-e:past_paper;pu-m:past_paper;pu-ahs:past_paper;pu-csp:past_paper;pu-css:past_paper;pu-cse:past_paper;pu-gs:past_paper;pu-com:past_paper
pu-verbal-reasoning-ch1-q2,p010-q2,Verbal Reasoning,pu-verbal-reasoning,1,analogy,Analogy,topic,South is related to North-West in the same way as West is related to ___?,South-West,East,North-East,South,,c,The second term is the direction 135 degrees clockwise from the first; by the same rotation West maps to North-East.,medium,,pu-dogar,pu-e:past_paper;pu-m:past_paper;pu-ahs:past_paper;pu-csp:past_paper;pu-css:past_paper;pu-cse:past_paper;pu-gs:past_paper;pu-com:past_paper
pu-verbal-reasoning-ch1-q3,p010-q3,Verbal Reasoning,pu-verbal-reasoning,1,analogy,Analogy,topic,Summit is related to Apex in the same way as Summon is related to ___?,Court,Judge,Witness,Beckon,,d,Summit and Apex are synonyms (highest point); Summon and Beckon are synonyms (to call someone).,easy,,pu-dogar,pu-e:past_paper;pu-m:past_paper;pu-ahs:past_paper;pu-csp:past_paper;pu-css:past_paper;pu-cse:past_paper;pu-gs:past_paper;pu-com:past_paper
pu-verbal-reasoning-ch1-q4,p010-q4,Verbal Reasoning,pu-verbal-reasoning,1,analogy,Analogy,topic,Distil is related to Whisky in the same way as Brew is related to ___?,Ferment,Gin,Beer,Sugar,,c,Distilling produces whisky; brewing produces beer. Process-to-product relationship.,medium,,pu-dogar,pu-e:past_paper;pu-m:past_paper;pu-ahs:past_paper;pu-csp:past_paper;pu-css:past_paper;pu-cse:past_paper;pu-gs:past_paper;pu-com:past_paper
pu-verbal-reasoning-ch1-q5,p010-q5,Verbal Reasoning,pu-verbal-reasoning,1,analogy,Analogy,topic,DDT is related to Abbreviation in the same way as LASER is related to ___?,Antithesis,Acronym,Epigram,Epithet,,b,DDT is an abbreviation (spelled out); LASER is an acronym (pronounced as a word).,medium,,pu-dogar,pu-e:past_paper;pu-m:past_paper;pu-ahs:past_paper;pu-csp:past_paper;pu-css:past_paper;pu-cse:past_paper;pu-gs:past_paper;pu-com:past_paper
pu-verbal-reasoning-ch2-q1,p011-q6,Verbal Reasoning,pu-verbal-reasoning,2,synonyms,Synonyms,topic,Choose the synonym of STRIDENCY:,Harshness,Flippant,Consistency,Stress,,a,"Stridency means a harsh, grating quality of sound; its synonym is harshness.",medium,,pu-dogar,pu-e:past_paper;pu-m:past_paper;pu-ahs:past_paper;pu-csp:past_paper;pu-css:past_paper;pu-cse:past_paper;pu-gs:past_paper;pu-com:past_paper
pu-verbal-reasoning-ch2-q2,p011-q7,Verbal Reasoning,pu-verbal-reasoning,2,synonyms,Synonyms,topic,Choose the synonym of ACUTE:,Curious,Severe,Accidental,Rice,,b,Acute means intense or severe (as in acute pain); synonym is severe.,easy,,pu-dogar,pu-e:past_paper;pu-m:past_paper;pu-ahs:past_paper;pu-csp:past_paper;pu-css:past_paper;pu-cse:past_paper;pu-gs:past_paper;pu-com:past_paper
pu-verbal-reasoning-ch4-q1,p011-q10,Verbal Reasoning,pu-verbal-reasoning,4,sentence-completion,Sentence Completion,topic,Stop taking drugs lest you ___ caught.,Might be caught,Will be caught,May be caught,Would be caught,,a,Lest' is followed by 'should/might' + base verb; 'might be caught' is correct.,medium,,pu-dogar,pu-e:past_paper;pu-m:past_paper;pu-ahs:past_paper;pu-csp:past_paper;pu-css:past_paper;pu-cse:past_paper;pu-gs:past_paper;pu-com:past_paper
pu-verbal-reasoning-ch4-q2,p011-q11,Verbal Reasoning,pu-verbal-reasoning,4,sentence-completion,Sentence Completion,topic,It is ___ to me whether he lives in Karachi or Hyderabad.,All but one,All one,One and the same,All or one,,c,The idiom 'one and the same' means it makes no difference.,medium,,pu-dogar,pu-e:past_paper;pu-m:past_paper;pu-ahs:past_paper;pu-csp:past_paper;pu-css:past_paper;pu-cse:past_paper;pu-gs:past_paper;pu-com:past_paper
pu-verbal-reasoning-ch4-q3,p011-q12,Verbal Reasoning,pu-verbal-reasoning,4,sentence-completion,Sentence Completion,topic,"In his lecture, he dealt ___ the cause of the Gulf War.",With,On,For,No improvement,,a,Deal with' is the correct collocation meaning to address a topic.,easy,,pu-dogar,pu-e:past_paper;pu-m:past_paper;pu-ahs:past_paper;pu-csp:past_paper;pu-css:past_paper;pu-cse:past_paper;pu-gs:past_paper;pu-com:past_paper
pu-verbal-reasoning-ch4-q4,p011-q13,Verbal Reasoning,pu-verbal-reasoning,4,sentence-completion,Sentence Completion,topic,It is ___ since Haris went away.,One and quarter,One and quarter hour,One hours and quarter,One hour and a quarter,,d,The grammatically correct time expression is 'one hour and a quarter'.,medium,,pu-dogar,pu-e:past_paper;pu-m:past_paper;pu-ahs:past_paper;pu-csp:past_paper;pu-css:past_paper;pu-cse:past_paper;pu-gs:past_paper;pu-com:past_paper
pu-verbal-reasoning-ch4-q5,p011-q14,Verbal Reasoning,pu-verbal-reasoning,4,sentence-completion,Sentence Completion,topic,"Where politics fails, economics ___.",May sometimes succeeds,May sometime succeeds,Sometimes succeed,Sometimes succeeds,,d,'Sometimes succeeds' is the grammatically correct form: 'economics' is a singular noun requiring the singular verb 'succeeds'. 'May sometimes succeeds' (option a) is ungrammatical.,medium,,pu-dogar,pu-e:past_paper;pu-m:past_paper;pu-ahs:past_paper;pu-csp:past_paper;pu-css:past_paper;pu-cse:past_paper;pu-gs:past_paper;pu-com:past_paper
pu-verbal-reasoning-ch4-q6,p011-q15,Verbal Reasoning,pu-verbal-reasoning,4,sentence-completion,Sentence Completion,topic,He has been working ___ for several years to compile a dictionary.,Regularly,Constantly,On and off,On or off,,c,Off and on' means the same as 'on and off' (intermittently).,easy,,pu-dogar,pu-e:past_paper;pu-m:past_paper;pu-ahs:past_paper;pu-csp:past_paper;pu-css:past_paper;pu-cse:past_paper;pu-gs:past_paper;pu-com:past_paper
pu-verbal-reasoning-ch5-q1,p011-q16,Verbal Reasoning,pu-verbal-reasoning,5,comprehension,Comprehension,topic,[Cricket passage] What is/are true of Shrewsbury? I. He was a cricket player. II. His technical knowledge about cricket was poor. III. There was no spirit in his play.,I and II,I and III,Only I,None of these,,b,The passage says Shrewsbury was technically astonishing (so II is false) but lacked spirit; statements I (player) and III (no spirit) are true.,hard,,pu-dogar,pu-e:past_paper;pu-m:past_paper;pu-ahs:past_paper;pu-csp:past_paper;pu-css:past_paper;pu-cse:past_paper;pu-gs:past_paper;pu-com:past_paper
pu-verbal-reasoning-ch5-q2,p012-q17,Verbal Reasoning,pu-verbal-reasoning,5,comprehension,Comprehension,topic,[Cricket passage] The author feels that:,Technical perfection is not required in playing an enjoyable cricket,He who plays cricket with adventure and enthusiasm makes it enjoyable,He who scores a century must be a good cricketer,Cricket is a monotonous game,,b,The author values joyous adventure and enthusiasm over mere technical run-scoring.,medium,,pu-dogar,pu-e:past_paper;pu-m:past_paper;pu-ahs:past_paper;pu-csp:past_paper;pu-css:past_paper;pu-cse:past_paper;pu-gs:past_paper;pu-com:past_paper
pu-verbal-reasoning-ch5-q3,p012-q18,Verbal Reasoning,pu-verbal-reasoning,5,comprehension,Comprehension,topic,[Cricket passage] Jam Sahib:,Was a splendid cricket player,Lived in Nawanagar,Neither (A) nor (B) is true,Both (A) and (B) are true,,d,"The passage describes Jam Sahib as a splendid player and the ruler of Nawanagar, so both statements are true.",medium,,pu-dogar,pu-e:past_paper;pu-m:past_paper;pu-ahs:past_paper;pu-csp:past_paper;pu-css:past_paper;pu-cse:past_paper;pu-gs:past_paper;pu-com:past_paper
pu-verbal-reasoning-ch5-q4,p012-q19,Verbal Reasoning,pu-verbal-reasoning,5,comprehension,Comprehension,topic,[Cricket passage] 'In literature as in finance... much paper and much poverty may co-exist.' What does it mean?,Jam Sahib was rich man as he was the king of Nawanagar,Shrewsbury was a poor man,The cricketer who gets lot of runs may not play an enjoyable cricket,None of these,,c,The metaphor means quantity (many runs / much paper) can coexist with poverty of quality; a high-scoring cricketer may still play joyless cricket.,hard,,pu-dogar,pu-e:past_paper;pu-m:past_paper;pu-ahs:past_paper;pu-csp:past_paper;pu-css:past_paper;pu-cse:past_paper;pu-gs:past_paper;pu-com:past_paper
pu-verbal-reasoning-ch5-q5,p012-q20,Verbal Reasoning,pu-verbal-reasoning,5,comprehension,Comprehension,topic,[Cricket passage] What gives cricket its character?,The spirit of sacrifice,The spirit of joyous adventure,The gaiety daring attitude of the player,All of these,,d,"The passage attributes cricket's character to sacrifice, joyous adventure, and the player's daring gaiety together.",medium,,pu-dogar,pu-e:past_paper;pu-m:past_paper;pu-ahs:past_paper;pu-csp:past_paper;pu-css:past_paper;pu-cse:past_paper;pu-gs:past_paper;pu-com:past_paper
pu-verbal-reasoning-ch1-q6,p022-q1,Verbal Reasoning,pu-verbal-reasoning,1,analogy,Analogy,topic,Choose the pair that best expresses a relationship similar to that in ADULT : CHILD.,Horse : Mare,Cat : Kitten,Swine : Sow,Human : Animal,Cow : Herd,b,An adult is the grown form of a child; a cat is the grown (adult) form of a kitten - the same adult-to-infant relationship.,medium,,pu-dogar,pu-e:past_paper;pu-m:past_paper;pu-ahs:past_paper;pu-csp:past_paper;pu-css:past_paper;pu-cse:past_paper;pu-gs:past_paper;pu-com:past_paper
pu-verbal-reasoning-ch1-q7,p022-q2,Verbal Reasoning,pu-verbal-reasoning,1,analogy,Analogy,topic,Choose the pair that best expresses a relationship similar to that in MANSION : RESIDENCE.,Limousine : Automobile,Chandelier : Candle,Tuxedo : Wardrobe,Diamond : Rhinestone,Yacht : Harbour,a,"A mansion is a large, stately residence; a limousine is a large, stately automobile.",medium,,pu-dogar,pu-e:past_paper;pu-m:past_paper;pu-ahs:past_paper;pu-csp:past_paper;pu-css:past_paper;pu-cse:past_paper;pu-gs:past_paper;pu-com:past_paper
pu-verbal-reasoning-ch1-q8,p023-q3,Verbal Reasoning,pu-verbal-reasoning,1,analogy,Analogy,topic,Choose the pair that best expresses a relationship similar to that in ENVELOP : LETTER.,Scarf : Hat,Box : Bag,Crate : Produce,Neck : Head,Blood : Heart,c,An envelope encloses/contains a letter; a crate encloses/contains produce (container to contents).,medium,,pu-dogar,pu-e:past_paper;pu-m:past_paper;pu-ahs:past_paper;pu-csp:past_paper;pu-css:past_paper;pu-cse:past_paper;pu-gs:past_paper;pu-com:past_paper
pu-verbal-reasoning-ch1-q9,p023-q4,Verbal Reasoning,pu-verbal-reasoning,1,analogy,Analogy,topic,Choose the pair that best expresses a relationship similar to that in CHOREOGRAPHY : DANCE.,Ceremony : Sermon,Agenda : Advertisement,Poetry : Recitation,Instrumentation : Conductor,Plot : Story,c,"Choreography is the composed, written form of dance — it is created to be performed as dance. Similarly, poetry is the composed form that is performed through recitation.",hard,,pu-dogar,pu-e:past_paper;pu-m:past_paper;pu-ahs:past_paper;pu-csp:past_paper;pu-css:past_paper;pu-cse:past_paper;pu-gs:past_paper;pu-com:past_paper
pu-verbal-reasoning-ch1-q10,p023-q5,Verbal Reasoning,pu-verbal-reasoning,1,analogy,Analogy,topic,Choose the pair that best expresses a relationship similar to that in OVERDOSE : PRESCRIPTION.,Deprivation : Materialism,Indiscretion : Convention,Affliction : Sympathy,Adventure : Expedition,Drug : Medicine,b,An overdose is an amount that exceeds the prescription; an indiscretion is behaviour that exceeds accepted convention. Both express the idea of going beyond an established standard.,hard,,pu-dogar,pu-e:past_paper;pu-m:past_paper;pu-ahs:past_paper;pu-csp:past_paper;pu-css:past_paper;pu-cse:past_paper;pu-gs:past_paper;pu-com:past_paper
pu-verbal-reasoning-ch1-q11,p023-q6,Verbal Reasoning,pu-verbal-reasoning,1,analogy,Analogy,topic,Choose the pair that best expresses a relationship similar to that in EVAPORATE : VAPOR.,Petrify : Stone,Centrifuge : Liquid,Saturate : Fluid,Corrode : Acid,Incinerate : Fire,a,To evaporate is to turn into vapor; to petrify is to turn into stone (process to resulting form).,medium,,pu-dogar,pu-e:past_paper;pu-m:past_paper;pu-ahs:past_paper;pu-csp:past_paper;pu-css:past_paper;pu-cse:past_paper;pu-gs:past_paper;pu-com:past_paper
pu-verbal-reasoning-ch1-q12,p023-q7,Verbal Reasoning,pu-verbal-reasoning,1,analogy,Analogy,topic,Choose the pair that best expresses a relationship similar to that in SHARD : POTTERY.,Flint : Stone,Flange : Wheel,Cinder : Coal,Fragment : Bone,Tare : Grain,d,A shard is a broken piece of pottery; a fragment is a broken piece of bone (broken part to whole).,medium,,pu-dogar,pu-e:past_paper;pu-m:past_paper;pu-ahs:past_paper;pu-csp:past_paper;pu-css:past_paper;pu-cse:past_paper;pu-gs:past_paper;pu-com:past_paper
pu-verbal-reasoning-ch1-q13,p023-q8,Verbal Reasoning,pu-verbal-reasoning,1,analogy,Analogy,topic,Choose the pair that best expresses a relationship similar to that in MERCENARY : MONEY.,Vindictive : Revenge,Scholarly : Library,Immaculate : Cleanliness,Thirsty : Water,Belligerent : Invasion,a,A mercenary is motivated by money; a vindictive person is motivated by revenge (driven-by relationship).,hard,,pu-dogar,pu-e:past_paper;pu-m:past_paper;pu-ahs:past_paper;pu-csp:past_paper;pu-css:past_paper;pu-cse:past_paper;pu-gs:past_paper;pu-com:past_paper
pu-verbal-reasoning-ch1-q14,p023-q9,Verbal Reasoning,pu-verbal-reasoning,1,analogy,Analogy,topic,Choose the pair that best expresses a relationship similar to that in HAMMER : ANVIL.,Knocker : Door,Stick : Gong,Hand : Drum,Pestle : Mortar,Gavel : Lectern,d,"A hammer works against an anvil, its paired working surface; a pestle works within a mortar, its paired vessel.",hard,,pu-dogar,pu-e:past_paper;pu-m:past_paper;pu-ahs:past_paper;pu-csp:past_paper;pu-css:past_paper;pu-cse:past_paper;pu-gs:past_paper;pu-com:past_paper
pu-verbal-reasoning-ch1-q15,p023-q10,Verbal Reasoning,pu-verbal-reasoning,1,analogy,Analogy,topic,Choose the pair that best expresses a relationship similar to that in NUMB : INSENSITIVE.,Reflect : Luminous,Burnish : Lustrous,Heckle : Raucous,Repulse : Odious,Braid : Sinuous,b,To numb something is to make it insensitive; to burnish something is to make it lustrous. Both pairs follow the pattern: verb meaning 'to cause X quality' : the resulting quality.,hard,,pu-dogar,pu-e:past_paper;pu-m:past_paper;pu-ahs:past_paper;pu-csp:past_paper;pu-css:past_paper;pu-cse:past_paper;pu-gs:past_paper;pu-com:past_paper
pu-verbal-reasoning-ch2-q3,p040-q88,Verbal Reasoning,pu-verbal-reasoning,2,synonyms,Synonyms,topic,Choose the word closest in meaning to AFFLUENT:,Close,Prosperous,Poor,Talkative,,b,Affluent means wealthy; its synonym is prosperous.,easy,,pu-dogar,pu-e:past_paper;pu-m:past_paper;pu-ahs:past_paper;pu-csp:past_paper;pu-css:past_paper;pu-cse:past_paper;pu-gs:past_paper;pu-com:past_paper
pu-verbal-reasoning-ch2-q4,p040-q89,Verbal Reasoning,pu-verbal-reasoning,2,synonyms,Synonyms,topic,It was Suhail's PRACTICE to get up early and go for a walk before breakfast. Choose the closest meaning of the underlined word 'practice'.,Rule,Fashion,Habit,Convention,,c,Here 'practice' means a customary habit or routine.,easy,,pu-dogar,pu-e:past_paper;pu-m:past_paper;pu-ahs:past_paper;pu-csp:past_paper;pu-css:past_paper;pu-cse:past_paper;pu-gs:past_paper;pu-com:past_paper
pu-verbal-reasoning-ch2-q5,p040-q90,Verbal Reasoning,pu-verbal-reasoning,2,synonyms,Synonyms,topic,Madiha asked Irum not to MEDDLE in her affairs. Choose the closest meaning of the underlined word 'meddle'.,Intercede,Impose,Cross,Interfere,,d,To meddle means to interfere in others' affairs.,medium,,pu-dogar,pu-e:past_paper;pu-m:past_paper;pu-ahs:past_paper;pu-csp:past_paper;pu-css:past_paper;pu-cse:past_paper;pu-gs:past_paper;pu-com:past_paper
pu-verbal-reasoning-ch2-q6,p040-q91,Verbal Reasoning,pu-verbal-reasoning,2,synonyms,Synonyms,topic,My friends promised to LOOK UP my sister whenever they went to London. Choose the closest meaning of the underlined phrase 'look up'.,Greet,Contact,Visit,Survey,,c,To 'look up' someone means to visit or call on them.,medium,,pu-dogar,pu-e:past_paper;pu-m:past_paper;pu-ahs:past_paper;pu-csp:past_paper;pu-css:past_paper;pu-cse:past_paper;pu-gs:past_paper;pu-com:past_paper
pu-verbal-reasoning-ch2-q7,p040-q92,Verbal Reasoning,pu-verbal-reasoning,2,synonyms,Synonyms,topic,We must ERADICATE corruption. Choose the closest meaning of the underlined word 'eradicate'.,Minimise,Uproot,Condemn,Control,,b,To eradicate means to uproot or completely eliminate.,medium,,pu-dogar,pu-e:past_paper;pu-m:past_paper;pu-ahs:past_paper;pu-csp:past_paper;pu-css:past_paper;pu-cse:past_paper;pu-gs:past_paper;pu-com:past_paper
pu-verbal-reasoning-ch2-q8,p040-q93,Verbal Reasoning,pu-verbal-reasoning,2,synonyms,Synonyms,topic,Grandfather has been getting FEEBLE of late. Choose the closest meaning of the underlined word 'feeble'.,Tall,Small,Big,Weak,,d,Feeble means lacking strength; its synonym is weak.,easy,,pu-dogar,pu-e:past_paper;pu-m:past_paper;pu-ahs:past_paper;pu-csp:past_paper;pu-css:past_paper;pu-cse:past_paper;pu-gs:past_paper;pu-com:past_paper
pu-verbal-reasoning-ch2-q9,p040-q94,Verbal Reasoning,pu-verbal-reasoning,2,synonyms,Synonyms,topic,Choose the word closest in meaning to RELUCTANT:,Unwilling,Curious,Enthusiastic,Agreeable,,a,Reluctant means unwilling or hesitant.,easy,,pu-dogar,pu-e:past_paper;pu-m:past_paper;pu-ahs:past_paper;pu-csp:past_paper;pu-css:past_paper;pu-cse:past_paper;pu-gs:past_paper;pu-com:past_paper
pu-verbal-reasoning-ch2-q10,p040-q95,Verbal Reasoning,pu-verbal-reasoning,2,synonyms,Synonyms,topic,Choose the word closest in meaning to TENSE:,Cosy,Uncomfortable,Easy,Relaxed,,b,Tense means strained or uncomfortable.,easy,,pu-dogar,pu-e:past_paper;pu-m:past_paper;pu-ahs:past_paper;pu-csp:past_paper;pu-css:past_paper;pu-cse:past_paper;pu-gs:past_paper;pu-com:past_paper
pu-verbal-reasoning-ch2-q11,p040-q96,Verbal Reasoning,pu-verbal-reasoning,2,synonyms,Synonyms,topic,Choose the word closest in meaning to EXTINCT:,Unimportant,Obscure,Irrelevant,Useless,,b,Printed key marks 'Obscure' as the synonym of EXTINCT.,medium,,pu-dogar,pu-e:past_paper;pu-m:past_paper;pu-ahs:past_paper;pu-csp:past_paper;pu-css:past_paper;pu-cse:past_paper;pu-gs:past_paper;pu-com:past_paper
pu-verbal-reasoning-ch2-q12,p040-q97,Verbal Reasoning,pu-verbal-reasoning,2,synonyms,Synonyms,topic,Choose the word closest in meaning to SIGNIFICANT:,Expressive,Alive,Extreme,Distinct,,d,Printed key marks 'Distinct' as the synonym of SIGNIFICANT (in the sense of notable/marked).,medium,,pu-dogar,pu-e:past_paper;pu-m:past_paper;pu-ahs:past_paper;pu-csp:past_paper;pu-css:past_paper;pu-cse:past_paper;pu-gs:past_paper;pu-com:past_paper
pu-verbal-reasoning-ch2-q13,p040-q98,Verbal Reasoning,pu-verbal-reasoning,2,synonyms,Synonyms,topic,Choose the word closest in meaning to EXTRAVAGANT:,Narrow-minded,Mean,Uneconomical,Miserly,,c,Extravagant means spending excessively; its synonym is uneconomical.,medium,,pu-dogar,pu-e:past_paper;pu-m:past_paper;pu-ahs:past_paper;pu-csp:past_paper;pu-css:past_paper;pu-cse:past_paper;pu-gs:past_paper;pu-com:past_paper
pu-verbal-reasoning-ch2-q14,p040-q99,Verbal Reasoning,pu-verbal-reasoning,2,synonyms,Synonyms,topic,Choose the word closest in meaning to APPLAUD:,Flatter,Pray,Praise,Request,,c,To applaud means to praise or commend.,easy,,pu-dogar,pu-e:past_paper;pu-m:past_paper;pu-ahs:past_paper;pu-csp:past_paper;pu-css:past_paper;pu-cse:past_paper;pu-gs:past_paper;pu-com:past_paper
pu-verbal-reasoning-ch2-q15,p040-q100,Verbal Reasoning,pu-verbal-reasoning,2,synonyms,Synonyms,topic,Choose the word closest in meaning to ABUNDANT:,Excessive,Plentiful,Heavy,Long,,b,Abundant means existing in large quantity; its synonym is plentiful.,easy,,pu-dogar,pu-e:past_paper;pu-m:past_paper;pu-ahs:past_paper;pu-csp:past_paper;pu-css:past_paper;pu-cse:past_paper;pu-gs:past_paper;pu-com:past_paper
pu-verbal-reasoning-ch2-q16,p040-q101,Verbal Reasoning,pu-verbal-reasoning,2,synonyms,Synonyms,topic,Choose the word closest in meaning to THRIVE:,Prosper,Entertain,Revive,Survive,,a,To thrive means to prosper or flourish.,easy,,pu-dogar,pu-e:past_paper;pu-m:past_paper;pu-ahs:past_paper;pu-csp:past_paper;pu-css:past_paper;pu-cse:past_paper;pu-gs:past_paper;pu-com:past_paper
pu-verbal-reasoning-ch2-q17,p040-q102,Verbal Reasoning,pu-verbal-reasoning,2,synonyms,Synonyms,topic,Choose the word closest in meaning to ECONOMISE:,Accumulate,Minimise,Save,Reduce,,c,To economise means to save or use resources sparingly.,easy,,pu-dogar,pu-e:past_paper;pu-m:past_paper;pu-ahs:past_paper;pu-csp:past_paper;pu-css:past_paper;pu-cse:past_paper;pu-gs:past_paper;pu-com:past_paper
pu-verbal-reasoning-ch2-q18,p040-q103,Verbal Reasoning,pu-verbal-reasoning,2,synonyms,Synonyms,topic,Choose the word closest in meaning to GRUESOME:,Clear,Fresh,Rude,Horrible,,d,Gruesome means causing horror; its synonym is horrible.,easy,,pu-dogar,pu-e:past_paper;pu-m:past_paper;pu-ahs:past_paper;pu-csp:past_paper;pu-css:past_paper;pu-cse:past_paper;pu-gs:past_paper;pu-com:past_paper
pu-verbal-reasoning-ch2-q19,p040-q104,Verbal Reasoning,pu-verbal-reasoning,2,synonyms,Synonyms,topic,Choose the word closest in meaning to DOUBT:,Disbelief,Mistake,Dullness,Ignorance,,a,Doubt means a feeling of uncertainty or disbelief.,easy,,pu-dogar,pu-e:past_paper;pu-m:past_paper;pu-ahs:past_paper;pu-csp:past_paper;pu-css:past_paper;pu-cse:past_paper;pu-gs:past_paper;pu-com:past_paper
pu-verbal-reasoning-ch2-q20,p040-q105,Verbal Reasoning,pu-verbal-reasoning,2,synonyms,Synonyms,topic,Choose the word closest in meaning to TRIUMPH:,Joy,Gain,Victory,Excitement,,c,Triumph means a great victory or success.,easy,,pu-dogar,pu-e:past_paper;pu-m:past_paper;pu-ahs:past_paper;pu-csp:past_paper;pu-css:past_paper;pu-cse:past_paper;pu-gs:past_paper;pu-com:past_paper
pu-verbal-reasoning-ch2-q21,p040-q106,Verbal Reasoning,pu-verbal-reasoning,2,synonyms,Synonyms,topic,Choose the word closest in meaning to OUTSTANDING:,Interesting,Notorious,Prominent,Admirable,,c,Outstanding means exceptionally prominent or notable.,medium,,pu-dogar,pu-e:past_paper;pu-m:past_paper;pu-ahs:past_paper;pu-csp:past_paper;pu-css:past_paper;pu-cse:past_paper;pu-gs:past_paper;pu-com:past_paper
pu-verbal-reasoning-ch2-q22,p040-q107,Verbal Reasoning,pu-verbal-reasoning,2,synonyms,Synonyms,topic,Choose the word closest in meaning to VOLUMINOUS:,Loud,Shining,Bulky,Long,,c,Voluminous means large in volume or bulk.,medium,,pu-dogar,pu-e:past_paper;pu-m:past_paper;pu-ahs:past_paper;pu-csp:past_paper;pu-css:past_paper;pu-cse:past_paper;pu-gs:past_paper;pu-com:past_paper
pu-verbal-reasoning-ch2-q23,p040-q108,Verbal Reasoning,pu-verbal-reasoning,2,synonyms,Synonyms,topic,Choose the word closest in meaning to HOMELY:,Beautiful,Smooth,Simple,Rough,,c,Homely means plain and simple.,medium,,pu-dogar,pu-e:past_paper;pu-m:past_paper;pu-ahs:past_paper;pu-csp:past_paper;pu-css:past_paper;pu-cse:past_paper;pu-gs:past_paper;pu-com:past_paper
pu-verbal-reasoning-ch2-q24,p040-q109,Verbal Reasoning,pu-verbal-reasoning,2,synonyms,Synonyms,topic,Choose the word closest in meaning to EXTRAVAGANT:,Proud,Unlimited,Wasteful,Expensive,,c,Extravagant means wasteful in spending.,easy,,pu-dogar,pu-e:past_paper;pu-m:past_paper;pu-ahs:past_paper;pu-csp:past_paper;pu-css:past_paper;pu-cse:past_paper;pu-gs:past_paper;pu-com:past_paper
pu-verbal-reasoning-ch2-q25,p041-q110,Verbal Reasoning,pu-verbal-reasoning,2,synonyms,Synonyms,topic,Choose the word closest in meaning to CRUEL:,Hateful,Dreadful,Merciless,Indifferent,,c,Cruel means showing no mercy; its synonym is merciless.,easy,,pu-dogar,pu-e:past_paper;pu-m:past_paper;pu-ahs:past_paper;pu-csp:past_paper;pu-css:past_paper;pu-cse:past_paper;pu-gs:past_paper;pu-com:past_paper
pu-verbal-reasoning-ch2-q26,p041-q111,Verbal Reasoning,pu-verbal-reasoning,2,synonyms,Synonyms,topic,Choose the word closest in meaning to MAJESTIC:,Attractive,Interesting,Grand,Extraordinary,,c,Majestic means grand and dignified.,easy,,pu-dogar,pu-e:past_paper;pu-m:past_paper;pu-ahs:past_paper;pu-csp:past_paper;pu-css:past_paper;pu-cse:past_paper;pu-gs:past_paper;pu-com:past_paper
pu-verbal-reasoning-ch2-q27,p041-q112,Verbal Reasoning,pu-verbal-reasoning,2,synonyms,Synonyms,topic,Choose the word closest in meaning to MARVELLOUS:,Wonderful,Attractive,Charming,Pleasing,,a,Marvellous means wonderful or extraordinary.,easy,,pu-dogar,pu-e:past_paper;pu-m:past_paper;pu-ahs:past_paper;pu-csp:past_paper;pu-css:past_paper;pu-cse:past_paper;pu-gs:past_paper;pu-com:past_paper
pu-verbal-reasoning-ch2-q28,p041-q113,Verbal Reasoning,pu-verbal-reasoning,2,synonyms,Synonyms,topic,Choose the word closest in meaning to JEOPARDY:,Enmity,Danger,Magic,Adventure,,b,Jeopardy means danger or risk of harm.,easy,,pu-dogar,pu-e:past_paper;pu-m:past_paper;pu-ahs:past_paper;pu-csp:past_paper;pu-css:past_paper;pu-cse:past_paper;pu-gs:past_paper;pu-com:past_paper
pu-verbal-reasoning-ch2-q29,p041-q114,Verbal Reasoning,pu-verbal-reasoning,2,synonyms,Synonyms,topic,Choose the meaning closest to EMULATE:,Trying to do as well (as someone),"In spite of, to win",Enable,Likely to be late,,a,To emulate means to try to match or do as well as someone by imitation.,medium,,pu-dogar,pu-e:past_paper;pu-m:past_paper;pu-ahs:past_paper;pu-csp:past_paper;pu-css:past_paper;pu-cse:past_paper;pu-gs:past_paper;pu-com:past_paper
pu-verbal-reasoning-ch2-q30,p041-q115,Verbal Reasoning,pu-verbal-reasoning,2,synonyms,Synonyms,topic,Choose the word closest in meaning to ERADICATE:,Complicate,Dedicate,Indicate,Eliminate,,d,To eradicate means to eliminate or wipe out completely.,easy,,pu-dogar,pu-e:past_paper;pu-m:past_paper;pu-ahs:past_paper;pu-csp:past_paper;pu-css:past_paper;pu-cse:past_paper;pu-gs:past_paper;pu-com:past_paper
pu-verbal-reasoning-ch1-q16,verbal-reasoning-analogy-q1,Verbal Reasoning,pu-verbal-reasoning,1,analogy,Analogy,topic,ADULT: CHILD,Horse: Mare,Cat: Kitten,Swine: Sow,Human: Animal,Cow: Herd,b,"Adult is the mature form of a child (human), just as a cat is the mature form of a kitten. The relationship is mature animal : its young.",easy,,pu-dogar,pu-e:past_paper;pu-m:past_paper;pu-ahs:past_paper;pu-csp:past_paper;pu-css:past_paper;pu-cse:past_paper;pu-gs:past_paper;pu-com:past_paper
pu-verbal-reasoning-ch1-q18,verbal-reasoning-analogy-q3,Verbal Reasoning,pu-verbal-reasoning,1,analogy,Analogy,topic,ENVELOP: LETTER,Scarf: Hat,Box: Bag,Crate: Produce,Neck: Head,Blood: Heart,c,An envelope is the container that holds/protects a letter; a crate is the container that holds/protects produce. Both pairs express a container-to-contained relationship.,easy,,pu-dogar,pu-e:past_paper;pu-m:past_paper;pu-ahs:past_paper;pu-csp:past_paper;pu-css:past_paper;pu-cse:past_paper;pu-gs:past_paper;pu-com:past_paper
pu-verbal-reasoning-ch1-q19,verbal-reasoning-analogy-q4,Verbal Reasoning,pu-verbal-reasoning,1,analogy,Analogy,topic,CHOREOGRAPHY: DANCE,Ceremony: Sermon,Agenda: Advertisement,Poetry: Recitation,Instrumentation: Conductor,Plot: Story,c,"Choreography is the composed, scripted form of dance; poetry is the composed form that is performed through recitation. Both pairs express: composed/scripted art form : its live performance.",easy,,pu-dogar,pu-e:past_paper;pu-m:past_paper;pu-ahs:past_paper;pu-csp:past_paper;pu-css:past_paper;pu-cse:past_paper;pu-gs:past_paper;pu-com:past_paper
pu-verbal-reasoning-ch1-q20,verbal-reasoning-analogy-q5,Verbal Reasoning,pu-verbal-reasoning,1,analogy,Analogy,topic,OVERDOSE: PRESCRIPTION,Deprivation: Materialism,Indiscretion: Convention,Affliction: Sympathy,Adventure: Expedition,Drug: Medicine,b,An overdose exceeds the prescription (the established medical standard); an indiscretion exceeds accepted convention (the established social standard). Same excess-beyond-norm pattern.,easy,,pu-dogar,pu-e:past_paper;pu-m:past_paper;pu-ahs:past_paper;pu-csp:past_paper;pu-css:past_paper;pu-cse:past_paper;pu-gs:past_paper;pu-com:past_paper
pu-verbal-reasoning-ch1-q21,verbal-reasoning-analogy-q6,Verbal Reasoning,pu-verbal-reasoning,1,analogy,Analogy,topic,EVAPORATE: VAPOR,Petrify: Stone,Centrifuge: Liquid,Saturate: Fluid,Corrode: Acid,Incinerate: Fire,a,To evaporate is to become or produce vapor; to petrify is to become or produce stone. Both pairs follow the pattern: process : its resulting substance.,easy,,pu-dogar,pu-e:past_paper;pu-m:past_paper;pu-ahs:past_paper;pu-csp:past_paper;pu-css:past_paper;pu-cse:past_paper;pu-gs:past_paper;pu-com:past_paper
pu-verbal-reasoning-ch1-q22,verbal-reasoning-analogy-q7,Verbal Reasoning,pu-verbal-reasoning,1,analogy,Analogy,topic,SHARD: POTTERY,Flint: Stone,Flange: Wheel,Cinder: Coal,Fragment: Bone,Tare: Grain,a,"A shard is a sharp, broken fragment of pottery; flint is a sharp-edged chip/fragment of stone. Both pairs describe a sharp fragment : the brittle material it comes from.",easy,,pu-dogar,pu-e:past_paper;pu-m:past_paper;pu-ahs:past_paper;pu-csp:past_paper;pu-css:past_paper;pu-cse:past_paper;pu-gs:past_paper;pu-com:past_paper
pu-verbal-reasoning-ch1-q23,verbal-reasoning-analogy-q8,Verbal Reasoning,pu-verbal-reasoning,1,analogy,Analogy,topic,MERCENARY: MONEY,Vindictive: Revenge,Scholarly: Library,Immaculate: Cleanliness,Thirsty: Water,Belligerent: Invasion,a,A mercenary is someone primarily motivated by money; a vindictive person is someone primarily motivated by revenge. Both pairs: adjective/noun for a type of person : the thing that drives them.,easy,,pu-dogar,pu-e:past_paper;pu-m:past_paper;pu-ahs:past_paper;pu-csp:past_paper;pu-css:past_paper;pu-cse:past_paper;pu-gs:past_paper;pu-com:past_paper
pu-verbal-reasoning-ch1-q24,verbal-reasoning-analogy-q9,Verbal Reasoning,pu-verbal-reasoning,1,analogy,Analogy,topic,HAMMER: ANVIL,Knocker: Door,Stick: Gong,Hand: Drum,Pestle: Mortar,Gavel: Lectern,d,A hammer strikes the anvil — they are complementary tool pairs used together in metalwork. A pestle is used with a mortar in the same way: one instrument works against/with the other.,easy,,pu-dogar,pu-e:past_paper;pu-m:past_paper;pu-ahs:past_paper;pu-csp:past_paper;pu-css:past_paper;pu-cse:past_paper;pu-gs:past_paper;pu-com:past_paper
pu-verbal-reasoning-ch1-q25,verbal-reasoning-analogy-q10,Verbal Reasoning,pu-verbal-reasoning,1,analogy,Analogy,topic,NUMB: INSENSITIVE,Reflect: Luminous,Burnish: Lustrous,Heckle: Raucous,Repulse: Odious,Braid: Sinuous,b,To numb is to make insensitive; to burnish is to make lustrous. Both pairs: verb meaning 'to cause a quality' : the resulting quality.,easy,,pu-dogar,pu-e:past_paper;pu-m:past_paper;pu-ahs:past_paper;pu-csp:past_paper;pu-css:past_paper;pu-cse:past_paper;pu-gs:past_paper;pu-com:past_paper
pu-verbal-reasoning-ch6-q1,verbal-reasoning-synonyms-antonyms-q1,Verbal Reasoning,pu-verbal-reasoning,6,synonyms,Synonyms,topic,He delivered a lengthy speech in which he committed several LUDICROUS mistakes. Choose the word closest in meaning to the underlined word 'ludicrous'.,Serious,Absurd,Funny,Glaring,,b,'ludicrous' means so absurd as to be laughable; its closest synonym here is 'absurd'.,medium,,pu-dogar,pu-e:past_paper;pu-m:past_paper;pu-ahs:past_paper;pu-csp:past_paper;pu-css:past_paper;pu-cse:past_paper;pu-gs:past_paper;pu-com:past_paper
pu-verbal-reasoning-ch6-q2,verbal-reasoning-synonyms-antonyms-q2,Verbal Reasoning,pu-verbal-reasoning,6,synonyms,Synonyms,topic,Timely first aid RESUSCITATED the patient. Choose the word closest in meaning to the underlined word 'resuscitated'.,Cured,Revived,Rescued,Soothed,,b,'resuscitated' means revived from unconsciousness; its synonym is 'revived'.,easy,,pu-dogar,pu-e:past_paper;pu-m:past_paper;pu-ahs:past_paper;pu-csp:past_paper;pu-css:past_paper;pu-cse:past_paper;pu-gs:past_paper;pu-com:past_paper
pu-verbal-reasoning-ch6-q3,verbal-reasoning-synonyms-antonyms-q3,Verbal Reasoning,pu-verbal-reasoning,6,synonyms,Synonyms,topic,His RUSTIC speech and clothes led us to think of him as an ignorant villager. Choose the word closest in meaning to the underlined word 'rustic'.,Unconventional,Old-fashioned,Unsophisticated,Strange,,c,"'rustic' means characteristic of the countryside, unsophisticated; its synonym is 'unsophisticated'.",medium,,pu-dogar,pu-e:past_paper;pu-m:past_paper;pu-ahs:past_paper;pu-csp:past_paper;pu-css:past_paper;pu-cse:past_paper;pu-gs:past_paper;pu-com:past_paper
pu-verbal-reasoning-ch6-q4,verbal-reasoning-synonyms-antonyms-q4,Verbal Reasoning,pu-verbal-reasoning,6,synonyms,Synonyms,topic,The unprecedented drought in several parts of the country this year led to the ONSET of various diseases. Choose the word closest in meaning to the underlined word 'onset'.,Outbreak,Onslaught,Attack,Assault,,a,'onset' means the beginning of something (often unwelcome); its synonym is 'outbreak'.,medium,,pu-dogar,pu-e:past_paper;pu-m:past_paper;pu-ahs:past_paper;pu-csp:past_paper;pu-css:past_paper;pu-cse:past_paper;pu-gs:past_paper;pu-com:past_paper
pu-verbal-reasoning-ch6-q5,verbal-reasoning-synonyms-antonyms-q5,Verbal Reasoning,pu-verbal-reasoning,6,synonyms,Synonyms,topic,The thief's SHIFTY eyes betrayed his guilt. Choose the word closest in meaning to the underlined word 'shifty'.,Crafty,Wily,Deceitful,Slippery,,d,'shifty' means evasive or untrustworthy in appearance; its synonym is 'slippery'.,easy,,pu-dogar,pu-e:past_paper;pu-m:past_paper;pu-ahs:past_paper;pu-csp:past_paper;pu-css:past_paper;pu-cse:past_paper;pu-gs:past_paper;pu-com:past_paper
pu-verbal-reasoning-ch6-q6,verbal-reasoning-synonyms-antonyms-q6,Verbal Reasoning,pu-verbal-reasoning,6,synonyms,Synonyms,topic,His ragged clothes effectively hide the OPULENT life he leads at home. Choose the word closest in meaning to the underlined word 'opulent'.,Obscure,Comfortable,Rich,Hard-working,,c,'opulent' means lavishly wealthy; its synonym is 'rich'.,medium,,pu-dogar,pu-e:past_paper;pu-m:past_paper;pu-ahs:past_paper;pu-csp:past_paper;pu-css:past_paper;pu-cse:past_paper;pu-gs:past_paper;pu-com:past_paper
pu-verbal-reasoning-ch6-q7,verbal-reasoning-synonyms-antonyms-q7,Verbal Reasoning,pu-verbal-reasoning,6,synonyms,Synonyms,topic,The cricketer has denied his COMPLICITY in match-fixing. Choose the word closest in meaning to the underlined word 'complicity'.,Conspiracy,Collusion,Collaboration,Connivance,,d,'complicity' means involvement in wrongdoing with others; its synonym is 'connivance'.,easy,,pu-dogar,pu-e:past_paper;pu-m:past_paper;pu-ahs:past_paper;pu-csp:past_paper;pu-css:past_paper;pu-cse:past_paper;pu-gs:past_paper;pu-com:past_paper
pu-verbal-reasoning-ch6-q8,verbal-reasoning-synonyms-antonyms-q8,Verbal Reasoning,pu-verbal-reasoning,6,synonyms,Synonyms,topic,Choose the synonym of FRIGHTENED:,Vibrating,Crying,Amazed,Terrified,,d,FRIGHTENED means filled with fear; its synonym is 'terrified' (extremely frightened).,easy,,pu-dogar,pu-e:past_paper;pu-m:past_paper;pu-ahs:past_paper;pu-csp:past_paper;pu-css:past_paper;pu-cse:past_paper;pu-gs:past_paper;pu-com:past_paper
pu-verbal-reasoning-ch6-q9,verbal-reasoning-synonyms-antonyms-q9,Verbal Reasoning,pu-verbal-reasoning,6,synonyms,Synonyms,topic,Choose the synonym of INGREDIENTS:,Spices,Nuts,Constituents,Condiments,,c,INGREDIENTS means the components that make up a mixture; its synonym is 'constituents' (parts that make up a whole).,easy,,pu-dogar,pu-e:past_paper;pu-m:past_paper;pu-ahs:past_paper;pu-csp:past_paper;pu-css:past_paper;pu-cse:past_paper;pu-gs:past_paper;pu-com:past_paper
pu-verbal-reasoning-ch6-q10,verbal-reasoning-synonyms-antonyms-q10,Verbal Reasoning,pu-verbal-reasoning,6,synonyms,Synonyms,topic,Choose the word closest in meaning to TAKE ADVANTAGE OF:,Use the time,Make use of,Help,Earn profit,Harm,b,TAKE ADVANTAGE OF means to use a situation to one's benefit; the closest phrase is 'make use of'.,easy,,pu-dogar,pu-e:past_paper;pu-m:past_paper;pu-ahs:past_paper;pu-csp:past_paper;pu-css:past_paper;pu-cse:past_paper;pu-gs:past_paper;pu-com:past_paper
pu-verbal-reasoning-ch6-q11,verbal-reasoning-synonyms-antonyms-q11,Verbal Reasoning,pu-verbal-reasoning,6,synonyms,Synonyms,topic,Choose the synonym of RUDIMENTARY:,A rumour,Powerful,Basic,Rude,,c,RUDIMENTARY means basic or elementary; its synonym is 'basic'.,easy,,pu-dogar,pu-e:past_paper;pu-m:past_paper;pu-ahs:past_paper;pu-csp:past_paper;pu-css:past_paper;pu-cse:past_paper;pu-gs:past_paper;pu-com:past_paper
pu-verbal-reasoning-ch6-q12,verbal-reasoning-synonyms-antonyms-q12,Verbal Reasoning,pu-verbal-reasoning,6,synonyms,Synonyms,topic,Choose the synonym of SULTRY:,Solvable,Sticky,Salty,Hot and humid,,d,SULTRY means uncomfortably warm and humid; its synonym is 'hot and humid'.,easy,,pu-dogar,pu-e:past_paper;pu-m:past_paper;pu-ahs:past_paper;pu-csp:past_paper;pu-css:past_paper;pu-cse:past_paper;pu-gs:past_paper;pu-com:past_paper
pu-verbal-reasoning-ch6-q13,verbal-reasoning-synonyms-antonyms-q13,Verbal Reasoning,pu-verbal-reasoning,6,synonyms,Synonyms,topic,Choose the synonym of CLOG:,To block,A cover,A bump,To push forward,,a,CLOG (verb) means to block a passage; its synonym is 'to block'.,easy,,pu-dogar,pu-e:past_paper;pu-m:past_paper;pu-ahs:past_paper;pu-csp:past_paper;pu-css:past_paper;pu-cse:past_paper;pu-gs:past_paper;pu-com:past_paper
pu-verbal-reasoning-ch6-q14,verbal-reasoning-synonyms-antonyms-q14,Verbal Reasoning,pu-verbal-reasoning,6,synonyms,Synonyms,topic,Choose the synonym of BEQUEATH:,Helpful,To leave by will,Suffer to death,Under the ground,,b,BEQUEATH means to leave property to someone in a will; its synonym is 'to leave by will'.,easy,,pu-dogar,pu-e:past_paper;pu-m:past_paper;pu-ahs:past_paper;pu-csp:past_paper;pu-css:past_paper;pu-cse:past_paper;pu-gs:past_paper;pu-com:past_paper
pu-verbal-reasoning-ch6-q15,verbal-reasoning-synonyms-antonyms-q15,Verbal Reasoning,pu-verbal-reasoning,6,synonyms,Synonyms,topic,Choose the synonym of ASTRAY:,Far off,Spanning,Out,Off the right path,,d,ASTRAY means away from the correct path; its synonym is 'off the right path'.,easy,,pu-dogar,pu-e:past_paper;pu-m:past_paper;pu-ahs:past_paper;pu-csp:past_paper;pu-css:past_paper;pu-cse:past_paper;pu-gs:past_paper;pu-com:past_paper
pu-verbal-reasoning-ch6-q16,verbal-reasoning-synonyms-antonyms-q16,Verbal Reasoning,pu-verbal-reasoning,6,synonyms,Synonyms,topic,Several members of the party EULOGIZED their leader at the public meeting. Choose the word closest in meaning to the underlined word 'eulogized'.,Thanked,Praised,Wished,Flattered,,b,"'eulogized' means praised highly, especially in a speech; its synonym is 'praised'.",medium,,pu-dogar,pu-e:past_paper;pu-m:past_paper;pu-ahs:past_paper;pu-csp:past_paper;pu-css:past_paper;pu-cse:past_paper;pu-gs:past_paper;pu-com:past_paper
pu-verbal-reasoning-ch6-q17,verbal-reasoning-synonyms-antonyms-q17,Verbal Reasoning,pu-verbal-reasoning,6,synonyms,Synonyms,topic,One cannot but admire your INGENIOUS solution to the problem. Choose the word closest in meaning to the underlined word 'ingenious'.,Appropriate,Original,Skilful,Final,,c,'ingenious' means cleverly inventive; its closest synonym here is 'skilful'.,easy,,pu-dogar,pu-e:past_paper;pu-m:past_paper;pu-ahs:past_paper;pu-csp:past_paper;pu-css:past_paper;pu-cse:past_paper;pu-gs:past_paper;pu-com:past_paper
pu-verbal-reasoning-ch6-q18,verbal-reasoning-synonyms-antonyms-q18,Verbal Reasoning,pu-verbal-reasoning,6,synonyms,Synonyms,topic,The financial crisis CAUSED the fall of the Government. Choose the word closest in meaning to the underlined word 'caused'.,Brought over,Brought down,Brought forward,Brought about,,d,The phrase 'caused the fall of' is closest in meaning to 'brought about' (caused to happen).,easy,,pu-dogar,pu-e:past_paper;pu-m:past_paper;pu-ahs:past_paper;pu-csp:past_paper;pu-css:past_paper;pu-cse:past_paper;pu-gs:past_paper;pu-com:past_paper
pu-verbal-reasoning-ch6-q19,verbal-reasoning-synonyms-antonyms-q19,Verbal Reasoning,pu-verbal-reasoning,6,synonyms,Synonyms,topic,The NRIs who are eager to invest in Pakistan are discouraged by the ARCHAIC rules and procedures. Choose the word closest in meaning to the underlined word 'archaic'.,Ancient,Complex,Outdated,Earlier,,c,'archaic' means outdated or belonging to an earlier era; its synonym is 'outdated'.,medium,,pu-dogar,pu-e:past_paper;pu-m:past_paper;pu-ahs:past_paper;pu-csp:past_paper;pu-css:past_paper;pu-cse:past_paper;pu-gs:past_paper;pu-com:past_paper
pu-verbal-reasoning-ch6-q20,verbal-reasoning-synonyms-antonyms-q20,Verbal Reasoning,pu-verbal-reasoning,6,synonyms,Synonyms,topic,The chief engineer was irritated by the PERPETUAL complaints. Choose the word closest in meaning to the underlined word 'perpetual'.,Repeated,Baseless,Eternal,Trivial,,a,'perpetual' means continuing without interruption; the closest synonym here is 'repeated'.,easy,,pu-dogar,pu-e:past_paper;pu-m:past_paper;pu-ahs:past_paper;pu-csp:past_paper;pu-css:past_paper;pu-cse:past_paper;pu-gs:past_paper;pu-com:past_paper
pu-verbal-reasoning-ch6-q21,verbal-reasoning-synonyms-antonyms-q21,Verbal Reasoning,pu-verbal-reasoning,6,synonyms,Synonyms,topic,Choose the synonym of STRIDENCY:,Harshness,Flippant,Consistency,Stress,,a,"STRIDENCY means a harsh, grating quality (of sound or manner); its synonym is 'harshness'.",easy,,pu-dogar,pu-e:past_paper;pu-m:past_paper;pu-ahs:past_paper;pu-csp:past_paper;pu-css:past_paper;pu-cse:past_paper;pu-gs:past_paper;pu-com:past_paper
pu-verbal-reasoning-ch6-q22,verbal-reasoning-synonyms-antonyms-q22,Verbal Reasoning,pu-verbal-reasoning,6,synonyms,Synonyms,topic,Choose the synonym of EXCULPATE:,Speak,Enjoy,Free,Finish,,c,EXCULPATE means to clear someone from blame or fault; its best synonym here is 'free' (to release from accusation).,easy,,pu-dogar,pu-e:past_paper;pu-m:past_paper;pu-ahs:past_paper;pu-csp:past_paper;pu-css:past_paper;pu-cse:past_paper;pu-gs:past_paper;pu-com:past_paper
pu-verbal-reasoning-ch6-q23,verbal-reasoning-synonyms-antonyms-q23,Verbal Reasoning,pu-verbal-reasoning,6,synonyms,Synonyms,topic,Choose the synonym of VAPID:,Virtuous,Lustre,Dull,Vital,,c,VAPID means lacking liveliness or flavour; its synonym is 'dull'.,easy,,pu-dogar,pu-e:past_paper;pu-m:past_paper;pu-ahs:past_paper;pu-csp:past_paper;pu-css:past_paper;pu-cse:past_paper;pu-gs:past_paper;pu-com:past_paper
pu-verbal-reasoning-ch6-q24,verbal-reasoning-synonyms-antonyms-q24,Verbal Reasoning,pu-verbal-reasoning,6,synonyms,Synonyms,topic,Choose the synonym of DISQUISITION:,Explosion,Progress,Motion,Report,,d,"DISQUISITION means a formal, detailed written account or discourse; its synonym is 'report'.",easy,,pu-dogar,pu-e:past_paper;pu-m:past_paper;pu-ahs:past_paper;pu-csp:past_paper;pu-css:past_paper;pu-cse:past_paper;pu-gs:past_paper;pu-com:past_paper
pu-verbal-reasoning-ch6-q26,verbal-reasoning-synonyms-antonyms-q26,Verbal Reasoning,pu-verbal-reasoning,6,synonyms,Synonyms,topic,Choose the synonym of PREPOSTEROUS:,Ceremonious,Ridiculous,Judicious,Formal,,b,PREPOSTEROUS means utterly absurd or contrary to reason; its synonym is 'ridiculous'.,easy,,pu-dogar,pu-e:past_paper;pu-m:past_paper;pu-ahs:past_paper;pu-csp:past_paper;pu-css:past_paper;pu-cse:past_paper;pu-gs:past_paper;pu-com:past_paper
pu-verbal-reasoning-ch6-q27,verbal-reasoning-synonyms-antonyms-q27,Verbal Reasoning,pu-verbal-reasoning,6,synonyms,Synonyms,topic,Choose the synonym of DOMINION:,Realm,Issue,Separation,Recreation,,a,DOMINION means territory under a ruler's control; its synonym is 'realm'.,easy,,pu-dogar,pu-e:past_paper;pu-m:past_paper;pu-ahs:past_paper;pu-csp:past_paper;pu-css:past_paper;pu-cse:past_paper;pu-gs:past_paper;pu-com:past_paper
pu-verbal-reasoning-ch6-q28,verbal-reasoning-synonyms-antonyms-q28,Verbal Reasoning,pu-verbal-reasoning,6,synonyms,Synonyms,topic,Choose the synonym of ATTEST:,Enlarge,Assign,Corroborate,Allure,,c,ATTEST means to confirm the truth of something; its synonym is 'corroborate'.,easy,,pu-dogar,pu-e:past_paper;pu-m:past_paper;pu-ahs:past_paper;pu-csp:past_paper;pu-css:past_paper;pu-cse:past_paper;pu-gs:past_paper;pu-com:past_paper
pu-verbal-reasoning-ch6-q29,verbal-reasoning-synonyms-antonyms-q29,Verbal Reasoning,pu-verbal-reasoning,6,synonyms,Synonyms,topic,Choose the synonym of QUALM:,Attribute,Altercation,Scruple,Crisis,,c,QUALM means a feeling of doubt or unease about doing something; its synonym is 'scruple'.,easy,,pu-dogar,pu-e:past_paper;pu-m:past_paper;pu-ahs:past_paper;pu-csp:past_paper;pu-css:past_paper;pu-cse:past_paper;pu-gs:past_paper;pu-com:past_paper
pu-verbal-reasoning-ch6-q30,verbal-reasoning-synonyms-antonyms-q30,Verbal Reasoning,pu-verbal-reasoning,6,synonyms,Synonyms,topic,It is amazing how such a MOTLEY group could get along so well. Choose the word closest in meaning to the underlined word 'motley'.,Confused,Promiscuous,Assorted,Heterogeneous,,d,"'motley' means made up of very different, incongruous elements; its synonym is 'heterogeneous'.",easy,,pu-dogar,pu-e:past_paper;pu-m:past_paper;pu-ahs:past_paper;pu-csp:past_paper;pu-css:past_paper;pu-cse:past_paper;pu-gs:past_paper;pu-com:past_paper
pu-verbal-reasoning-ch6-q31,verbal-reasoning-synonyms-antonyms-q31,Verbal Reasoning,pu-verbal-reasoning,6,synonyms,Synonyms,topic,His speech was nothing but a string of PLATITUDES. Choose the word closest in meaning to the underlined word 'platitudes'.,Humorous anecdotes,Noble sentiments,Stereotyped statements,Grand statements,,c,"'platitudes' means overused, unoriginal remarks; its synonym is 'stereotyped statements'.",easy,,pu-dogar,pu-e:past_paper;pu-m:past_paper;pu-ahs:past_paper;pu-csp:past_paper;pu-css:past_paper;pu-cse:past_paper;pu-gs:past_paper;pu-com:past_paper
pu-verbal-reasoning-ch6-q32,verbal-reasoning-synonyms-antonyms-q32,Verbal Reasoning,pu-verbal-reasoning,6,synonyms,Synonyms,topic,This was her MAIDEN performance and she did very well. Choose the word closest in meaning to the underlined word 'maiden'.,Primary,First,Girlish,Fresh,,b,"'maiden' (here, of a performance) means the very first; its synonym is 'first'.",easy,,pu-dogar,pu-e:past_paper;pu-m:past_paper;pu-ahs:past_paper;pu-csp:past_paper;pu-css:past_paper;pu-cse:past_paper;pu-gs:past_paper;pu-com:past_paper
pu-verbal-reasoning-ch6-q33,verbal-reasoning-synonyms-antonyms-q33,Verbal Reasoning,pu-verbal-reasoning,6,synonyms,Synonyms,topic,He wrote a SCATHING review of the prize-winning novel. Choose the word closest in meaning to the underlined word 'scathing'.,Subjective,Unbalanced,Scornful,Biased,,c,'scathing' means harshly critical; its synonym is 'scornful'.,easy,,pu-dogar,pu-e:past_paper;pu-m:past_paper;pu-ahs:past_paper;pu-csp:past_paper;pu-css:past_paper;pu-cse:past_paper;pu-gs:past_paper;pu-com:past_paper
pu-verbal-reasoning-ch6-q34,verbal-reasoning-synonyms-antonyms-q34,Verbal Reasoning,pu-verbal-reasoning,6,synonyms,Synonyms,topic,She is METICULOUS about her appearance. Choose the word closest in meaning to the underlined word 'meticulous'.,Worried,Careful,Proud,Methodical,,d,'meticulous' means showing great attention to detail; its synonym is 'methodical'.,easy,,pu-dogar,pu-e:past_paper;pu-m:past_paper;pu-ahs:past_paper;pu-csp:past_paper;pu-css:past_paper;pu-cse:past_paper;pu-gs:past_paper;pu-com:past_paper
pu-verbal-reasoning-ch6-q35,verbal-reasoning-synonyms-antonyms-q35,Verbal Reasoning,pu-verbal-reasoning,6,synonyms,Synonyms,topic,The cancer of domestic misery CORRODED his whole existence. Choose the word closest in meaning to the underlined word 'corroded'.,Affected,Afflicted,Disrupted,Destroyed,,d,'corroded' (figuratively) means gradually destroyed or worn away; the closest synonym here is 'destroyed'.,easy,,pu-dogar,pu-e:past_paper;pu-m:past_paper;pu-ahs:past_paper;pu-csp:past_paper;pu-css:past_paper;pu-cse:past_paper;pu-gs:past_paper;pu-com:past_paper
pu-verbal-reasoning-ch6-q36,verbal-reasoning-synonyms-antonyms-q36,Verbal Reasoning,pu-verbal-reasoning,6,synonyms,Synonyms,topic,He suffered from EXCRUCIATING pain after he got home from the hospital. Choose the word closest in meaning to the underlined word 'excruciating'.,Abrupt,Severe,Imaginary,Mild,,b,'excruciating' means intensely painful; its synonym is 'severe'.,medium,,pu-dogar,pu-e:past_paper;pu-m:past_paper;pu-ahs:past_paper;pu-csp:past_paper;pu-css:past_paper;pu-cse:past_paper;pu-gs:past_paper;pu-com:past_paper
pu-verbal-reasoning-ch6-q37,verbal-reasoning-synonyms-antonyms-q37,Verbal Reasoning,pu-verbal-reasoning,6,synonyms,Synonyms,topic,His CANDID opinions have won him many friends. Choose the word closest in meaning to the underlined word 'candid'.,Frank,Generous,Courteous,Kind,,a,'candid' means open and honest; its synonym is 'frank'.,easy,,pu-dogar,pu-e:past_paper;pu-m:past_paper;pu-ahs:past_paper;pu-csp:past_paper;pu-css:past_paper;pu-cse:past_paper;pu-gs:past_paper;pu-com:past_paper
pu-verbal-reasoning-ch6-q38,verbal-reasoning-synonyms-antonyms-q38,Verbal Reasoning,pu-verbal-reasoning,6,synonyms,Synonyms,topic,I am disgusted by our OUTRAGEOUS behaviour. Choose the word closest in meaning to the underlined word 'outrageous'.,Threatening,Shocking,Unbecoming,Unacceptable,,b,'outrageous' means shockingly bad or unacceptable; its synonym is 'shocking'.,easy,,pu-dogar,pu-e:past_paper;pu-m:past_paper;pu-ahs:past_paper;pu-csp:past_paper;pu-css:past_paper;pu-cse:past_paper;pu-gs:past_paper;pu-com:past_paper
pu-verbal-reasoning-ch6-q39,verbal-reasoning-synonyms-antonyms-q39,Verbal Reasoning,pu-verbal-reasoning,6,synonyms,Synonyms,topic,We repeatedly asked the girl why she was crying but she said that she did not want to ENTANGLE us in her affairs. Choose the word closest in meaning to the underlined word 'entangle'.,Induce,Involve,Impress,Entrap,,b,'entangle' means to involve someone in a complicated situation; its synonym is 'involve'.,medium,,pu-dogar,pu-e:past_paper;pu-m:past_paper;pu-ahs:past_paper;pu-csp:past_paper;pu-css:past_paper;pu-cse:past_paper;pu-gs:past_paper;pu-com:past_paper
pu-verbal-reasoning-ch6-q40,verbal-reasoning-synonyms-antonyms-q40,Verbal Reasoning,pu-verbal-reasoning,6,synonyms,Synonyms,topic,His performance in the examination STUNNED his friends. Choose the word closest in meaning to the underlined word 'stunned'.,Subdued,Angered,Stupefied,Surprised,,c,'stunned' means shocked into silence or amazement; its synonym is 'stupefied'.,easy,,pu-dogar,pu-e:past_paper;pu-m:past_paper;pu-ahs:past_paper;pu-csp:past_paper;pu-css:past_paper;pu-cse:past_paper;pu-gs:past_paper;pu-com:past_paper
pu-verbal-reasoning-ch6-q41,verbal-reasoning-synonyms-antonyms-q41,Verbal Reasoning,pu-verbal-reasoning,6,synonyms,Synonyms,topic,More effective measures should be adopted for the CONSERVATION for forest. Choose the word closest in meaning to the underlined word 'conservation'.,Supervision,Propagation,Cultivation,Protection,,d,'conservation' means the protection of something valuable; its synonym is 'protection'.,medium,,pu-dogar,pu-e:past_paper;pu-m:past_paper;pu-ahs:past_paper;pu-csp:past_paper;pu-css:past_paper;pu-cse:past_paper;pu-gs:past_paper;pu-com:past_paper
pu-verbal-reasoning-ch6-q42,verbal-reasoning-synonyms-antonyms-q42,Verbal Reasoning,pu-verbal-reasoning,6,synonyms,Synonyms,topic,Will you please RECTIFY the mistake?. Choose the word closest in meaning to the underlined word 'rectify'.,Correct,Regularize,Condone,Clarify,,a,'rectify' means to put right; its synonym is 'correct'.,easy,,pu-dogar,pu-e:past_paper;pu-m:past_paper;pu-ahs:past_paper;pu-csp:past_paper;pu-css:past_paper;pu-cse:past_paper;pu-gs:past_paper;pu-com:past_paper
pu-verbal-reasoning-ch6-q43,verbal-reasoning-synonyms-antonyms-q43,Verbal Reasoning,pu-verbal-reasoning,6,synonyms,Synonyms,topic,Death is INEVITABLE. Choose the word closest in meaning to the underlined word 'inevitable'.,Imminent,Uncontrollable,Unavoidable,Unconquerable,,c,"'inevitable' means certain to happen, unavoidable; its synonym is 'unavoidable'.",easy,,pu-dogar,pu-e:past_paper;pu-m:past_paper;pu-ahs:past_paper;pu-csp:past_paper;pu-css:past_paper;pu-cse:past_paper;pu-gs:past_paper;pu-com:past_paper
pu-verbal-reasoning-ch6-q44,verbal-reasoning-synonyms-antonyms-q44,Verbal Reasoning,pu-verbal-reasoning,6,synonyms,Synonyms,topic,Some people try to spread ANARCHY in the country. Choose the word closest in meaning to the underlined word 'anarchy'.,Lawlessness,Disaffection,Violence,Hatred,,a,'anarchy' means a state of disorder due to absence of authority; its synonym is 'lawlessness'.,easy,,pu-dogar,pu-e:past_paper;pu-m:past_paper;pu-ahs:past_paper;pu-csp:past_paper;pu-css:past_paper;pu-cse:past_paper;pu-gs:past_paper;pu-com:past_paper
pu-verbal-reasoning-ch6-q45,verbal-reasoning-synonyms-antonyms-q45,Verbal Reasoning,pu-verbal-reasoning,6,synonyms,Synonyms,topic,The meeting came to an ABRUPT end. Choose the word closest in meaning to the underlined word 'abrupt'.,A sad,An awful,An unexpected,A sudden,,d,'abrupt' means sudden and unexpected; its synonym is 'a sudden (end)'.,easy,,pu-dogar,pu-e:past_paper;pu-m:past_paper;pu-ahs:past_paper;pu-csp:past_paper;pu-css:past_paper;pu-cse:past_paper;pu-gs:past_paper;pu-com:past_paper
pu-verbal-reasoning-ch6-q46,verbal-reasoning-synonyms-antonyms-q46,Verbal Reasoning,pu-verbal-reasoning,6,synonyms,Synonyms,topic,He is very IMPULSIVE in everything he does. Choose the word closest in meaning to the underlined word 'impulsive'.,Impressive,Rash,Wary,Deliberate,,b,'impulsive' means acting on sudden urges without thinking; its synonym is 'rash'.,easy,,pu-dogar,pu-e:past_paper;pu-m:past_paper;pu-ahs:past_paper;pu-csp:past_paper;pu-css:past_paper;pu-cse:past_paper;pu-gs:past_paper;pu-com:past_paper
pu-verbal-reasoning-ch6-q47,verbal-reasoning-synonyms-antonyms-q47,Verbal Reasoning,pu-verbal-reasoning,6,synonyms,Synonyms,topic,"Because of his HAUGHTY temperament, he cannot have many friends. Choose the word closest in meaning to the underlined word 'haughty'.",Impatient,Violent,Ill-natured,Arrogant,,d,'haughty' means arrogantly superior; its synonym is 'arrogant'.,easy,,pu-dogar,pu-e:past_paper;pu-m:past_paper;pu-ahs:past_paper;pu-csp:past_paper;pu-css:past_paper;pu-cse:past_paper;pu-gs:past_paper;pu-com:past_paper
pu-verbal-reasoning-ch6-q48,verbal-reasoning-synonyms-antonyms-q48,Verbal Reasoning,pu-verbal-reasoning,6,synonyms,Synonyms,topic,He is often accused of having a VINDICTIVE attitude towards his critics. Choose the word closest in meaning to the underlined word 'vindictive'.,Revengeful,Rude,Cruel,Harsh,,a,'vindictive' means having a strong desire for revenge; its synonym is 'revengeful'.,medium,,pu-dogar,pu-e:past_paper;pu-m:past_paper;pu-ahs:past_paper;pu-csp:past_paper;pu-css:past_paper;pu-cse:past_paper;pu-gs:past_paper;pu-com:past_paper
pu-verbal-reasoning-ch6-q49,verbal-reasoning-synonyms-antonyms-q49,Verbal Reasoning,pu-verbal-reasoning,6,synonyms,Synonyms,topic,The travel agent will CONFIRM my reservations for next week's flight to London. Choose the word closest in meaning to the underlined word 'confirm'.,Ratify,Verify,Obtain,Approve,,b,'confirm' means to state something is definitely true; its synonym is 'verify'.,medium,,pu-dogar,pu-e:past_paper;pu-m:past_paper;pu-ahs:past_paper;pu-csp:past_paper;pu-css:past_paper;pu-cse:past_paper;pu-gs:past_paper;pu-com:past_paper
pu-verbal-reasoning-ch6-q50,verbal-reasoning-synonyms-antonyms-q50,Verbal Reasoning,pu-verbal-reasoning,6,synonyms,Synonyms,topic,He kept his eyes peeled and his ears pricked for some important CLUE. Choose the word closest in meaning to the underlined word 'clue'.,Signal,Intimation,Inkling,Hint,,d,'clue' means a piece of information that helps solve a problem; its synonym is 'hint'.,easy,,pu-dogar,pu-e:past_paper;pu-m:past_paper;pu-ahs:past_paper;pu-csp:past_paper;pu-css:past_paper;pu-cse:past_paper;pu-gs:past_paper;pu-com:past_paper
pu-verbal-reasoning-ch6-q51,verbal-reasoning-synonyms-antonyms-q51,Verbal Reasoning,pu-verbal-reasoning,6,synonyms,Synonyms,topic,WEIRD noises came from the haunted house. Choose the word closest in meaning to the underlined word 'weird'.,Unnatural,Frightening,Unpleasant,Beastly,,a,'weird' means strange or bizarre; its synonym is 'unnatural'.,easy,,pu-dogar,pu-e:past_paper;pu-m:past_paper;pu-ahs:past_paper;pu-csp:past_paper;pu-css:past_paper;pu-cse:past_paper;pu-gs:past_paper;pu-com:past_paper
pu-verbal-reasoning-ch6-q52,verbal-reasoning-synonyms-antonyms-q52,Verbal Reasoning,pu-verbal-reasoning,6,synonyms,Synonyms,topic,The guests were offended by his UNCOUTH manners. Choose the word closest in meaning to the underlined word 'uncouth'.,Ungracious,Undesirable,Dirty,Wasteful,,a,'uncouth' means lacking good manners; its synonym is 'ungracious'.,easy,,pu-dogar,pu-e:past_paper;pu-m:past_paper;pu-ahs:past_paper;pu-csp:past_paper;pu-css:past_paper;pu-cse:past_paper;pu-gs:past_paper;pu-com:past_paper
pu-verbal-reasoning-ch6-q53,verbal-reasoning-synonyms-antonyms-q53,Verbal Reasoning,pu-verbal-reasoning,6,synonyms,Synonyms,topic,His dress was IMMACULATE. Choose the word closest in meaning to the underlined word 'immaculate'.,Simple,Gorgeous,Coloured,Spotless,,d,'immaculate' means perfectly clean and neat; its synonym is 'spotless'.,easy,,pu-dogar,pu-e:past_paper;pu-m:past_paper;pu-ahs:past_paper;pu-csp:past_paper;pu-css:past_paper;pu-cse:past_paper;pu-gs:past_paper;pu-com:past_paper
pu-verbal-reasoning-ch6-q54,verbal-reasoning-synonyms-antonyms-q54,Verbal Reasoning,pu-verbal-reasoning,6,synonyms,Synonyms,topic,The man VEHEMENTLY denied all the charges of corruption that were levelled against him. Choose the word closest in meaning to the underlined word 'vehemently'.,Forcefully,Hysterically,Serenely,Devoutly,,a,'vehemently' means with intense feeling or force; its synonym is 'forcefully'.,medium,,pu-dogar,pu-e:past_paper;pu-m:past_paper;pu-ahs:past_paper;pu-csp:past_paper;pu-css:past_paper;pu-cse:past_paper;pu-gs:past_paper;pu-com:past_paper
pu-verbal-reasoning-ch6-q55,verbal-reasoning-synonyms-antonyms-q55,Verbal Reasoning,pu-verbal-reasoning,6,synonyms,Synonyms,topic,Plants that grow and exist in desert have highly specialized means of adapting themselves to the ARID environment. Choose the word closest in meaning to the underlined word 'arid'.,Dry,Withering,Unless,Unproductive,,a,'arid' means extremely dry; its synonym is 'dry'.,medium,,pu-dogar,pu-e:past_paper;pu-m:past_paper;pu-ahs:past_paper;pu-csp:past_paper;pu-css:past_paper;pu-cse:past_paper;pu-gs:past_paper;pu-com:past_paper
pu-verbal-reasoning-ch6-q56,verbal-reasoning-synonyms-antonyms-q56,Verbal Reasoning,pu-verbal-reasoning,6,synonyms,Synonyms,topic,He was trying to put across his ideas to his audience.,To influence,To convince,To cross,To covey,,b,"'Put across' means to communicate something successfully so others understand or are persuaded — i.e., 'to convince'. Option d contains a typo ('covey' instead of 'convey') making it unreliable.",easy,,pu-dogar,pu-e:past_paper;pu-m:past_paper;pu-ahs:past_paper;pu-csp:past_paper;pu-css:past_paper;pu-cse:past_paper;pu-gs:past_paper;pu-com:past_paper
pu-verbal-reasoning-ch6-q57,verbal-reasoning-synonyms-antonyms-q57,Verbal Reasoning,pu-verbal-reasoning,6,synonyms,Synonyms,topic,The growing DISPARITY between the rich and the poor has been a cause for concern for those who are committed to the establishment of a just and egalitarian social order. Choose the word closest in meaning to the underlined word 'disparity'.,Segregation,Inequality,Diversity,Unity,,b,'disparity' means a great difference; its synonym is 'inequality'.,medium,,pu-dogar,pu-e:past_paper;pu-m:past_paper;pu-ahs:past_paper;pu-csp:past_paper;pu-css:past_paper;pu-cse:past_paper;pu-gs:past_paper;pu-com:past_paper
pu-verbal-reasoning-ch6-q58,verbal-reasoning-synonyms-antonyms-q58,Verbal Reasoning,pu-verbal-reasoning,6,synonyms,Synonyms,topic,Choose the synonym of PLEASURE:,Anxiety,Grief,Happiness,Disappointment,,c,PLEASURE means a feeling of enjoyment; its synonym is 'happiness'.,easy,,pu-dogar,pu-e:past_paper;pu-m:past_paper;pu-ahs:past_paper;pu-csp:past_paper;pu-css:past_paper;pu-cse:past_paper;pu-gs:past_paper;pu-com:past_paper
pu-verbal-reasoning-ch6-q59,verbal-reasoning-synonyms-antonyms-q59,Verbal Reasoning,pu-verbal-reasoning,6,synonyms,Synonyms,topic,Choose the synonym of RIVAL:,Opponent,Associate,Partner,Friend,,a,RIVAL means a competitor for the same goal; its synonym is 'opponent'.,easy,,pu-dogar,pu-e:past_paper;pu-m:past_paper;pu-ahs:past_paper;pu-csp:past_paper;pu-css:past_paper;pu-cse:past_paper;pu-gs:past_paper;pu-com:past_paper
pu-verbal-reasoning-ch6-q60,verbal-reasoning-synonyms-antonyms-q60,Verbal Reasoning,pu-verbal-reasoning,6,synonyms,Synonyms,topic,Choose the synonym of GENERATE:,Produce,Command,Race,Prefer,,a,GENERATE means to bring into existence; its synonym is 'produce'.,easy,,pu-dogar,pu-e:past_paper;pu-m:past_paper;pu-ahs:past_paper;pu-csp:past_paper;pu-css:past_paper;pu-cse:past_paper;pu-gs:past_paper;pu-com:past_paper
pu-verbal-reasoning-ch6-q61,verbal-reasoning-synonyms-antonyms-q61,Verbal Reasoning,pu-verbal-reasoning,6,synonyms,Synonyms,topic,Choose the synonym of ACUTE:,Curious,Severe,Accidental,Rice,,b,ACUTE means intense or severe (as in acute pain); its synonym is 'severe'.,easy,,pu-dogar,pu-e:past_paper;pu-m:past_paper;pu-ahs:past_paper;pu-csp:past_paper;pu-css:past_paper;pu-cse:past_paper;pu-gs:past_paper;pu-com:past_paper
pu-verbal-reasoning-ch6-q62,verbal-reasoning-synonyms-antonyms-q62,Verbal Reasoning,pu-verbal-reasoning,6,synonyms,Synonyms,topic,Choose the synonym of LATENT:,Display,Visible,Concealed,Hard,,c,LATENT means present but not yet visible or active; its synonym is 'concealed'.,easy,,pu-dogar,pu-e:past_paper;pu-m:past_paper;pu-ahs:past_paper;pu-csp:past_paper;pu-css:past_paper;pu-cse:past_paper;pu-gs:past_paper;pu-com:past_paper
pu-verbal-reasoning-ch6-q63,verbal-reasoning-synonyms-antonyms-q63,Verbal Reasoning,pu-verbal-reasoning,6,synonyms,Synonyms,topic,Choose the synonym of ROBUST:,Stupid,Able,Useless,Wear,,b,"ROBUST means strong and healthy; the closest synonym among the options is 'able' (capable, strong).",easy,,pu-dogar,pu-e:past_paper;pu-m:past_paper;pu-ahs:past_paper;pu-csp:past_paper;pu-css:past_paper;pu-cse:past_paper;pu-gs:past_paper;pu-com:past_paper
pu-verbal-reasoning-ch6-q65,verbal-reasoning-synonyms-antonyms-q65,Verbal Reasoning,pu-verbal-reasoning,6,synonyms,Synonyms,topic,Choose the synonym of DESTRUCTION:,Replacement,Renovation,Ruin,Restoration,,c,DESTRUCTION means the act of destroying something; its synonym is 'ruin'.,easy,,pu-dogar,pu-e:past_paper;pu-m:past_paper;pu-ahs:past_paper;pu-csp:past_paper;pu-css:past_paper;pu-cse:past_paper;pu-gs:past_paper;pu-com:past_paper
pu-verbal-reasoning-ch6-q66,verbal-reasoning-synonyms-antonyms-q66,Verbal Reasoning,pu-verbal-reasoning,6,synonyms,Synonyms,topic,Choose the synonym of GENUINE:,Proper,Authentic,Germinate,Correction,,b,GENUINE means real and authentic; its synonym is 'authentic'.,easy,,pu-dogar,pu-e:past_paper;pu-m:past_paper;pu-ahs:past_paper;pu-csp:past_paper;pu-css:past_paper;pu-cse:past_paper;pu-gs:past_paper;pu-com:past_paper
pu-verbal-reasoning-ch6-q67,verbal-reasoning-synonyms-antonyms-q67,Verbal Reasoning,pu-verbal-reasoning,6,synonyms,Synonyms,topic,Choose the synonym of IRRELEVANT:,Immature,Not connected,Illegible,Irregular,,b,IRRELEVANT means not connected to the matter at hand; its synonym is 'not connected'.,easy,,pu-dogar,pu-e:past_paper;pu-m:past_paper;pu-ahs:past_paper;pu-csp:past_paper;pu-css:past_paper;pu-cse:past_paper;pu-gs:past_paper;pu-com:past_paper
pu-verbal-reasoning-ch6-q68,verbal-reasoning-synonyms-antonyms-q68,Verbal Reasoning,pu-verbal-reasoning,6,synonyms,Synonyms,topic,Choose the synonym of UGLY:,Fearful,Hateful,Repulsive,Evil,,c,UGLY means unpleasant to look at; its synonym is 'repulsive'.,easy,,pu-dogar,pu-e:past_paper;pu-m:past_paper;pu-ahs:past_paper;pu-csp:past_paper;pu-css:past_paper;pu-cse:past_paper;pu-gs:past_paper;pu-com:past_paper
pu-verbal-reasoning-ch6-q69,verbal-reasoning-synonyms-antonyms-q69,Verbal Reasoning,pu-verbal-reasoning,6,synonyms,Synonyms,topic,Choose the synonym of GRAND:,Aristocratic,Noble,Splendid,Great,,c,GRAND means impressive in size or style; its synonym is 'splendid'.,easy,,pu-dogar,pu-e:past_paper;pu-m:past_paper;pu-ahs:past_paper;pu-csp:past_paper;pu-css:past_paper;pu-cse:past_paper;pu-gs:past_paper;pu-com:past_paper
pu-verbal-reasoning-ch6-q70,verbal-reasoning-synonyms-antonyms-q70,Verbal Reasoning,pu-verbal-reasoning,6,synonyms,Synonyms,topic,Choose the synonym of CAUTIOUSLY:,Somewhat,Secretly,Genuinely,Carefully,,d,"CAUTIOUSLY means in a careful, wary manner; its synonym is 'carefully'.",easy,,pu-dogar,pu-e:past_paper;pu-m:past_paper;pu-ahs:past_paper;pu-csp:past_paper;pu-css:past_paper;pu-cse:past_paper;pu-gs:past_paper;pu-com:past_paper
pu-verbal-reasoning-ch6-q71,verbal-reasoning-synonyms-antonyms-q71,Verbal Reasoning,pu-verbal-reasoning,6,synonyms,Synonyms,topic,Choose the synonym of RELUCTANT:,Ready,Unwilling,Worried,Inclined,,b,RELUCTANT means unwilling or hesitant; its synonym is 'unwilling'.,easy,,pu-dogar,pu-e:past_paper;pu-m:past_paper;pu-ahs:past_paper;pu-csp:past_paper;pu-css:past_paper;pu-cse:past_paper;pu-gs:past_paper;pu-com:past_paper
pu-verbal-reasoning-ch6-q72,verbal-reasoning-synonyms-antonyms-q72,Verbal Reasoning,pu-verbal-reasoning,6,synonyms,Synonyms,topic,Choose the synonym of FALSE:,Defective,Untrue,Incorrect,Inaccurate,,b,FALSE means not true; its synonym is 'untrue'.,easy,,pu-dogar,pu-e:past_paper;pu-m:past_paper;pu-ahs:past_paper;pu-csp:past_paper;pu-css:past_paper;pu-cse:past_paper;pu-gs:past_paper;pu-com:past_paper
pu-verbal-reasoning-ch6-q73,verbal-reasoning-synonyms-antonyms-q73,Verbal Reasoning,pu-verbal-reasoning,6,synonyms,Synonyms,topic,Choose the synonym of CONDEMN:,Underrate,Hate,Blame,Avoid,,c,CONDEMN means to express strong disapproval of; the closest synonym among the options is 'blame'.,easy,,pu-dogar,pu-e:past_paper;pu-m:past_paper;pu-ahs:past_paper;pu-csp:past_paper;pu-css:past_paper;pu-cse:past_paper;pu-gs:past_paper;pu-com:past_paper
pu-verbal-reasoning-ch6-q74,verbal-reasoning-synonyms-antonyms-q74,Verbal Reasoning,pu-verbal-reasoning,6,synonyms,Synonyms,topic,Choose the synonym of INSOLENT:,Nervous,Rude,Proud,Assertive,,b,INSOLENT means disrespectful in speech or manner; its synonym is 'rude'.,easy,,pu-dogar,pu-e:past_paper;pu-m:past_paper;pu-ahs:past_paper;pu-csp:past_paper;pu-css:past_paper;pu-cse:past_paper;pu-gs:past_paper;pu-com:past_paper
pu-verbal-reasoning-ch6-q75,verbal-reasoning-synonyms-antonyms-q75,Verbal Reasoning,pu-verbal-reasoning,6,synonyms,Synonyms,topic,Choose the synonym of LIBERAL:,Generous,Progressive,Educated,Tolerant,,a,"LIBERAL primarily means generous or giving freely; 'generous' is its most direct synonym in standard vocabulary usage. 'Progressive' refers to a political leaning, which is a secondary connotation.",easy,,pu-dogar,pu-e:past_paper;pu-m:past_paper;pu-ahs:past_paper;pu-csp:past_paper;pu-css:past_paper;pu-cse:past_paper;pu-gs:past_paper;pu-com:past_paper
pu-verbal-reasoning-ch6-q76,verbal-reasoning-synonyms-antonyms-q76,Verbal Reasoning,pu-verbal-reasoning,6,synonyms,Synonyms,topic,Choose the synonym of ADVERSITY:,Mediocrity,Misfortune,Failure,Mishap,,b,ADVERSITY means a state of hardship; its synonym is 'misfortune'.,easy,,pu-dogar,pu-e:past_paper;pu-m:past_paper;pu-ahs:past_paper;pu-csp:past_paper;pu-css:past_paper;pu-cse:past_paper;pu-gs:past_paper;pu-com:past_paper
pu-verbal-reasoning-ch6-q77,verbal-reasoning-synonyms-antonyms-q77,Verbal Reasoning,pu-verbal-reasoning,6,synonyms,Synonyms,topic,Choose the synonym of DISTINGUISH:,Darken,Differentiate,Confuse,Abolish,,b,DISTINGUISH means to recognize a difference between things; its synonym is 'differentiate'.,easy,,pu-dogar,pu-e:past_paper;pu-m:past_paper;pu-ahs:past_paper;pu-csp:past_paper;pu-css:past_paper;pu-cse:past_paper;pu-gs:past_paper;pu-com:past_paper
pu-verbal-reasoning-ch6-q78,verbal-reasoning-synonyms-antonyms-q78,Verbal Reasoning,pu-verbal-reasoning,6,synonyms,Synonyms,topic,I shall DISCLOSE your identity if you do not speak the truth. Choose the word closest in meaning to the underlined word 'disclose'.,Reveal,Report,Blackmail,Express,,a,'disclose' means to make known; its synonym is 'reveal'.,easy,,pu-dogar,pu-e:past_paper;pu-m:past_paper;pu-ahs:past_paper;pu-csp:past_paper;pu-css:past_paper;pu-cse:past_paper;pu-gs:past_paper;pu-com:past_paper
pu-verbal-reasoning-ch6-q79,verbal-reasoning-synonyms-antonyms-q79,Verbal Reasoning,pu-verbal-reasoning,6,synonyms,Synonyms,topic,I would not have built a hose here but for the engineer's ASSURANCE that this area never has floods. Choose the word closest in meaning to the underlined word 'assurance'.,Guarantee,Suspicion,Belief,Suggestion,,a,'assurance' means a confident promise; its synonym is 'guarantee'.,medium,,pu-dogar,pu-e:past_paper;pu-m:past_paper;pu-ahs:past_paper;pu-csp:past_paper;pu-css:past_paper;pu-cse:past_paper;pu-gs:past_paper;pu-com:past_paper
pu-verbal-reasoning-ch6-q80,verbal-reasoning-synonyms-antonyms-q80,Verbal Reasoning,pu-verbal-reasoning,6,synonyms,Synonyms,topic,The car accident was the CONSEQUENCE of his carelessness. Choose the word closest in meaning to the underlined word 'consequence'.,Conclusion,End,Proof,Result,,a,'consequence' means a result following from an action; the closest synonym here is 'conclusion'.,easy,,pu-dogar,pu-e:past_paper;pu-m:past_paper;pu-ahs:past_paper;pu-csp:past_paper;pu-css:past_paper;pu-cse:past_paper;pu-gs:past_paper;pu-com:past_paper
pu-verbal-reasoning-ch6-q81,verbal-reasoning-synonyms-antonyms-q81,Verbal Reasoning,pu-verbal-reasoning,6,synonyms,Synonyms,topic,How could the thief gain ACCESS to the bank lockers?. Choose the word closest in meaning to the underlined word 'access'.,Nearness,Entry,Exit,Permission,,a,'access' means the means or opportunity to approach; the closest synonym among the options is 'nearness'.,easy,,pu-dogar,pu-e:past_paper;pu-m:past_paper;pu-ahs:past_paper;pu-csp:past_paper;pu-css:past_paper;pu-cse:past_paper;pu-gs:past_paper;pu-com:past_paper
pu-verbal-reasoning-ch6-q82,verbal-reasoning-synonyms-antonyms-q82,Verbal Reasoning,pu-verbal-reasoning,6,synonyms,Synonyms,topic,The boy is ANXIOUS to learn as much as he can. Choose the word closest in meaning to the underlined word 'anxious'.,Worried,Eager,Forced,Serious,,b,'anxious' (here) means keenly wishing; its synonym is 'eager'.,easy,,pu-dogar,pu-e:past_paper;pu-m:past_paper;pu-ahs:past_paper;pu-csp:past_paper;pu-css:past_paper;pu-cse:past_paper;pu-gs:past_paper;pu-com:past_paper
pu-verbal-reasoning-ch6-q83,verbal-reasoning-synonyms-antonyms-q83,Verbal Reasoning,pu-verbal-reasoning,6,synonyms,Synonyms,topic,Choose the synonym of MOISTURE:,Defect,Dampness,Delicate,Dryness,,b,MOISTURE means a small amount of water present in the air or on a surface; its synonym is 'dampness'.,easy,,pu-dogar,pu-e:past_paper;pu-m:past_paper;pu-ahs:past_paper;pu-csp:past_paper;pu-css:past_paper;pu-cse:past_paper;pu-gs:past_paper;pu-com:past_paper
pu-verbal-reasoning-ch6-q84,verbal-reasoning-synonyms-antonyms-q84,Verbal Reasoning,pu-verbal-reasoning,6,synonyms,Synonyms,topic,Choose the synonym of COUNSEL:,Correct,Publish,Oppose,Advise,,d,COUNSEL (verb) means to give guidance; its synonym is 'advise'.,easy,,pu-dogar,pu-e:past_paper;pu-m:past_paper;pu-ahs:past_paper;pu-csp:past_paper;pu-css:past_paper;pu-cse:past_paper;pu-gs:past_paper;pu-com:past_paper
pu-verbal-reasoning-ch6-q85,verbal-reasoning-synonyms-antonyms-q85,Verbal Reasoning,pu-verbal-reasoning,6,synonyms,Synonyms,topic,Choose the synonym of AUDACIOUS:,Daring,Venture,Obvious,Manifest,,a,AUDACIOUS means willing to take bold risks; its synonym is 'daring'.,easy,,pu-dogar,pu-e:past_paper;pu-m:past_paper;pu-ahs:past_paper;pu-csp:past_paper;pu-css:past_paper;pu-cse:past_paper;pu-gs:past_paper;pu-com:past_paper
pu-verbal-reasoning-ch6-q86,verbal-reasoning-synonyms-antonyms-q86,Verbal Reasoning,pu-verbal-reasoning,6,synonyms,Synonyms,topic,Choose the synonym of CITE:,Place,Sight,Quote,Good,,c,CITE means to quote as evidence; its synonym is 'quote'.,easy,,pu-dogar,pu-e:past_paper;pu-m:past_paper;pu-ahs:past_paper;pu-csp:past_paper;pu-css:past_paper;pu-cse:past_paper;pu-gs:past_paper;pu-com:past_paper
pu-verbal-reasoning-ch6-q87,verbal-reasoning-synonyms-antonyms-q87,Verbal Reasoning,pu-verbal-reasoning,6,synonyms,Synonyms,topic,Choose the synonym of CHAOS:,Mould,Disturb,Inexperienced,Lawlessness,,d,CHAOS means complete disorder; its synonym is 'lawlessness'.,easy,,pu-dogar,pu-e:past_paper;pu-m:past_paper;pu-ahs:past_paper;pu-csp:past_paper;pu-css:past_paper;pu-cse:past_paper;pu-gs:past_paper;pu-com:past_paper
pu-verbal-reasoning-ch6-q88,verbal-reasoning-synonyms-antonyms-q88,Verbal Reasoning,pu-verbal-reasoning,6,synonyms,Synonyms,topic,Choose the synonym of AFFLUENT:,Close,Prosperous,Poor,Talkative,,b,AFFLUENT means wealthy; its synonym is 'prosperous'.,easy,,pu-dogar,pu-e:past_paper;pu-m:past_paper;pu-ahs:past_paper;pu-csp:past_paper;pu-css:past_paper;pu-cse:past_paper;pu-gs:past_paper;pu-com:past_paper
pu-verbal-reasoning-ch6-q89,verbal-reasoning-synonyms-antonyms-q89,Verbal Reasoning,pu-verbal-reasoning,6,synonyms,Synonyms,topic,It was Suhail's PRACTICE to get up early and go for a walk before breakfast. Choose the word closest in meaning to the underlined word 'practice'.,Rule,Fashion,Habit,Convention,,c,Here 'practice' means a customary habit or routine; its synonym is 'habit'.,medium,,pu-dogar,pu-e:past_paper;pu-m:past_paper;pu-ahs:past_paper;pu-csp:past_paper;pu-css:past_paper;pu-cse:past_paper;pu-gs:past_paper;pu-com:past_paper
pu-verbal-reasoning-ch6-q90,verbal-reasoning-synonyms-antonyms-q90,Verbal Reasoning,pu-verbal-reasoning,6,synonyms,Synonyms,topic,Madiha asked Irum not to MEDDLE in her affairs. Choose the word closest in meaning to the underlined word 'meddle'.,Intercede,Impose,Cross,Interfere,,d,'meddle' means to interfere in others' affairs; its synonym is 'interfere'.,easy,,pu-dogar,pu-e:past_paper;pu-m:past_paper;pu-ahs:past_paper;pu-csp:past_paper;pu-css:past_paper;pu-cse:past_paper;pu-gs:past_paper;pu-com:past_paper
pu-verbal-reasoning-ch6-q91,verbal-reasoning-synonyms-antonyms-q91,Verbal Reasoning,pu-verbal-reasoning,6,synonyms,Synonyms,topic,Choose the synonym of CRUEL:,Hateful,Dreadful,Merciless,Indifferent,,c,CRUEL means willing to cause pain or suffering; its synonym is 'merciless'.,easy,,pu-dogar,pu-e:past_paper;pu-m:past_paper;pu-ahs:past_paper;pu-csp:past_paper;pu-css:past_paper;pu-cse:past_paper;pu-gs:past_paper;pu-com:past_paper
pu-verbal-reasoning-ch6-q92,verbal-reasoning-synonyms-antonyms-q92,Verbal Reasoning,pu-verbal-reasoning,6,synonyms,Synonyms,topic,Choose the synonym of MAJESTIC:,Attractive,Interesting,Grand,Extraordinary,,c,"MAJESTIC means having grand, impressive beauty; its synonym is 'grand'.",easy,,pu-dogar,pu-e:past_paper;pu-m:past_paper;pu-ahs:past_paper;pu-csp:past_paper;pu-css:past_paper;pu-cse:past_paper;pu-gs:past_paper;pu-com:past_paper
pu-verbal-reasoning-ch6-q93,verbal-reasoning-synonyms-antonyms-q93,Verbal Reasoning,pu-verbal-reasoning,6,synonyms,Synonyms,topic,Choose the synonym of MARVELLOUS:,Wonderful,Attractive,Charming,Pleasing,,a,MARVELLOUS means causing great wonder; its synonym is 'wonderful'.,easy,,pu-dogar,pu-e:past_paper;pu-m:past_paper;pu-ahs:past_paper;pu-csp:past_paper;pu-css:past_paper;pu-cse:past_paper;pu-gs:past_paper;pu-com:past_paper
pu-verbal-reasoning-ch6-q94,verbal-reasoning-synonyms-antonyms-q94,Verbal Reasoning,pu-verbal-reasoning,6,synonyms,Synonyms,topic,Choose the synonym of JEOPARDY:,Enmity,Danger,Magic,Adventure,,b,JEOPARDY means a situation of serious risk; its synonym is 'danger'.,easy,,pu-dogar,pu-e:past_paper;pu-m:past_paper;pu-ahs:past_paper;pu-csp:past_paper;pu-css:past_paper;pu-cse:past_paper;pu-gs:past_paper;pu-com:past_paper
pu-verbal-reasoning-ch6-q95,verbal-reasoning-synonyms-antonyms-q95,Verbal Reasoning,pu-verbal-reasoning,6,synonyms,Synonyms,topic,Choose the synonym of EMULATE:,Trying to do as well,In spite to win,Enable,Likely to be late,,a,EMULATE means to strive to match or match the achievement of another; its synonym is 'trying to do as well'.,easy,,pu-dogar,pu-e:past_paper;pu-m:past_paper;pu-ahs:past_paper;pu-csp:past_paper;pu-css:past_paper;pu-cse:past_paper;pu-gs:past_paper;pu-com:past_paper
pu-verbal-reasoning-ch6-q96,verbal-reasoning-synonyms-antonyms-q96,Verbal Reasoning,pu-verbal-reasoning,6,synonyms,Synonyms,topic,Choose the synonym of ERADICATE:,Complicate,Dedicate,Indicate,Eliminate,,d,ERADICATE means to destroy completely; its synonym is 'eliminate'.,easy,,pu-dogar,pu-e:past_paper;pu-m:past_paper;pu-ahs:past_paper;pu-csp:past_paper;pu-css:past_paper;pu-cse:past_paper;pu-gs:past_paper;pu-com:past_paper
pu-verbal-reasoning-ch3-q3,verbal-reasoning-antonyms-q1,Verbal Reasoning,pu-verbal-reasoning,3,antonyms,Antonyms,topic,Choose the antonym of ABATE:,Postpone,Abandon,Diminish,increase,,d,ABATE means to diminish or lessen; its antonym is 'increase' (to grow larger or more intense).,easy,,pu-dogar,pu-e:past_paper;pu-m:past_paper;pu-ahs:past_paper;pu-csp:past_paper;pu-css:past_paper;pu-cse:past_paper;pu-gs:past_paper;pu-com:past_paper
pu-verbal-reasoning-ch3-q4,verbal-reasoning-antonyms-q2,Verbal Reasoning,pu-verbal-reasoning,3,antonyms,Antonyms,topic,Choose the antonym of LUCID:,Confusing,Weird,Austere,Bitter,,a,LUCID means clear and easy to understand; its antonym is 'confusing' (difficult to understand).,easy,,pu-dogar,pu-e:past_paper;pu-m:past_paper;pu-ahs:past_paper;pu-csp:past_paper;pu-css:past_paper;pu-cse:past_paper;pu-gs:past_paper;pu-com:past_paper
pu-verbal-reasoning-ch3-q5,verbal-reasoning-antonyms-q3,Verbal Reasoning,pu-verbal-reasoning,3,antonyms,Antonyms,topic,Choose the antonym of AMALGAMATE:,Righteous,Segregate,Blend,Inattentive,,b,AMALGAMATE means to combine or merge; its antonym is 'segregate' (to separate or divide).,easy,,pu-dogar,pu-e:past_paper;pu-m:past_paper;pu-ahs:past_paper;pu-csp:past_paper;pu-css:past_paper;pu-cse:past_paper;pu-gs:past_paper;pu-com:past_paper
pu-verbal-reasoning-ch3-q6,verbal-reasoning-antonyms-q4,Verbal Reasoning,pu-verbal-reasoning,3,antonyms,Antonyms,topic,Choose the antonym of MERCURIAL:,Erratic,Fastidious,Sloppy,Stable,,d,MERCURIAL means unpredictably changeable or volatile; its antonym is 'stable' (steady and unchanging).,easy,,pu-dogar,pu-e:past_paper;pu-m:past_paper;pu-ahs:past_paper;pu-csp:past_paper;pu-css:past_paper;pu-cse:past_paper;pu-gs:past_paper;pu-com:past_paper
pu-verbal-reasoning-ch3-q7,verbal-reasoning-antonyms-q5,Verbal Reasoning,pu-verbal-reasoning,3,antonyms,Antonyms,topic,Choose the antonym of PRUDENT:,Indiscreet,Parochial,Vain,Customary,,a,PRUDENT means acting with careful good judgment; its antonym is 'indiscreet' (lacking caution or good judgment).,easy,,pu-dogar,pu-e:past_paper;pu-m:past_paper;pu-ahs:past_paper;pu-csp:past_paper;pu-css:past_paper;pu-cse:past_paper;pu-gs:past_paper;pu-com:past_paper
pu-verbal-reasoning-ch3-q8,verbal-reasoning-antonyms-q6,Verbal Reasoning,pu-verbal-reasoning,3,antonyms,Antonyms,topic,"We must remember that like all other things, days of PROSPERITY will end too. Choose the word most opposite in meaning to the underlined word 'prosperity'.",Misfortune,Disaster,Adversity,Trouble,,c,"'prosperity' means a flourishing, successful state; its opposite is 'adversity' (hardship or misfortune).",medium,,pu-dogar,pu-e:past_paper;pu-m:past_paper;pu-ahs:past_paper;pu-csp:past_paper;pu-css:past_paper;pu-cse:past_paper;pu-gs:past_paper;pu-com:past_paper
pu-verbal-reasoning-ch3-q9,verbal-reasoning-antonyms-q7,Verbal Reasoning,pu-verbal-reasoning,3,antonyms,Antonyms,topic,The court jester was allowed to make DEROGATORY remarks about the king and yet get away with it. Choose the word most opposite in meaning to the underlined word 'derogatory'.,Humorous,Commendable,Complimentary,Emotional,,c,'derogatory' means insulting or disparaging; its opposite is 'complimentary' (expressing praise).,medium,,pu-dogar,pu-e:past_paper;pu-m:past_paper;pu-ahs:past_paper;pu-csp:past_paper;pu-css:past_paper;pu-cse:past_paper;pu-gs:past_paper;pu-com:past_paper
pu-verbal-reasoning-ch3-q10,verbal-reasoning-antonyms-q8,Verbal Reasoning,pu-verbal-reasoning,3,antonyms,Antonyms,topic,There was a RUEFUL expression on the face of the old lady. Choose the word most opposite in meaning to the underlined word 'rueful'.,Hopeful,Wistful,Sorrowful,Cheerful,,d,"'rueful' means expressing sorrow or regret; its opposite is 'cheerful' (happy, in good spirits).",easy,,pu-dogar,pu-e:past_paper;pu-m:past_paper;pu-ahs:past_paper;pu-csp:past_paper;pu-css:past_paper;pu-cse:past_paper;pu-gs:past_paper;pu-com:past_paper
pu-verbal-reasoning-ch3-q11,verbal-reasoning-antonyms-q9,Verbal Reasoning,pu-verbal-reasoning,3,antonyms,Antonyms,topic,He pleaded for the modernization of the factory ENTHUSIASTICALLY. Choose the word most opposite in meaning to the underlined word 'enthusiastically'.,Dispassionately,Reluctantly,Indifferently,Unconvincingly,,c,'enthusiastically' means with great eagerness; its opposite is 'indifferently' (without interest or concern).,easy,,pu-dogar,pu-e:past_paper;pu-m:past_paper;pu-ahs:past_paper;pu-csp:past_paper;pu-css:past_paper;pu-cse:past_paper;pu-gs:past_paper;pu-com:past_paper
pu-verbal-reasoning-ch3-q12,verbal-reasoning-antonyms-q10,Verbal Reasoning,pu-verbal-reasoning,3,antonyms,Antonyms,topic,The novel is remarkable for its GRAPHIC descriptions of the city's underworld. Choose the word most opposite in meaning to the underlined word 'graphic'.,Vague,Short,Vivid,Prejudiced,,a,"'graphic' means vivid and detailed; its opposite is 'vague' (unclear, lacking detail).",medium,,pu-dogar,pu-e:past_paper;pu-m:past_paper;pu-ahs:past_paper;pu-csp:past_paper;pu-css:past_paper;pu-cse:past_paper;pu-gs:past_paper;pu-com:past_paper
pu-verbal-reasoning-ch3-q13,verbal-reasoning-antonyms-q11,Verbal Reasoning,pu-verbal-reasoning,3,antonyms,Antonyms,topic,Choose the antonym of NEGLECTED:,Defended,Attended,Ignored,None of these,,b,NEGLECTED means ignored or not given proper care; its antonym is 'attended' (given proper care and attention).,easy,,pu-dogar,pu-e:past_paper;pu-m:past_paper;pu-ahs:past_paper;pu-csp:past_paper;pu-css:past_paper;pu-cse:past_paper;pu-gs:past_paper;pu-com:past_paper
pu-verbal-reasoning-ch3-q14,verbal-reasoning-antonyms-q12,Verbal Reasoning,pu-verbal-reasoning,3,antonyms,Antonyms,topic,Choose the antonym of ACCOST:,Avoid,Hate,Accompany,Cajole,,a,ACCOST means to approach and address someone boldly or aggressively; its antonym is 'avoid' (to keep away from).,easy,,pu-dogar,pu-e:past_paper;pu-m:past_paper;pu-ahs:past_paper;pu-csp:past_paper;pu-css:past_paper;pu-cse:past_paper;pu-gs:past_paper;pu-com:past_paper
pu-verbal-reasoning-ch3-q15,verbal-reasoning-antonyms-q13,Verbal Reasoning,pu-verbal-reasoning,3,antonyms,Antonyms,topic,Choose the antonym of RECEDE:,Proceed,Reject,Follow,Welcome,,a,RECEDE means to move back or withdraw; its antonym is 'proceed' (to move forward or continue).,easy,,pu-dogar,pu-e:past_paper;pu-m:past_paper;pu-ahs:past_paper;pu-csp:past_paper;pu-css:past_paper;pu-cse:past_paper;pu-gs:past_paper;pu-com:past_paper
pu-verbal-reasoning-ch3-q16,verbal-reasoning-antonyms-q14,Verbal Reasoning,pu-verbal-reasoning,3,antonyms,Antonyms,topic,Choose the antonym of CLEAN:,Pure,Dirty,Lure,None of these,,b,"The antonym of CLEAN is 'dirty' (soiled or impure). 'Pure' is a synonym, not an antonym.",easy,,pu-dogar,pu-e:past_paper;pu-m:past_paper;pu-ahs:past_paper;pu-csp:past_paper;pu-css:past_paper;pu-cse:past_paper;pu-gs:past_paper;pu-com:past_paper
pu-verbal-reasoning-ch3-q17,verbal-reasoning-antonyms-q15,Verbal Reasoning,pu-verbal-reasoning,3,antonyms,Antonyms,topic,Choose the antonym of POSTPONE:,Schedule,Defer,Accelerate,None of these,,c,POSTPONE means to delay or put off; its antonym is 'accelerate' (to speed up or bring forward in time).,easy,,pu-dogar,pu-e:past_paper;pu-m:past_paper;pu-ahs:past_paper;pu-csp:past_paper;pu-css:past_paper;pu-cse:past_paper;pu-gs:past_paper;pu-com:past_paper
pu-verbal-reasoning-ch3-q18,verbal-reasoning-antonyms-q16,Verbal Reasoning,pu-verbal-reasoning,3,antonyms,Antonyms,topic,Choose the antonym of DEPART:,Depend,Come back,Unknown,Leave,,b,DEPART means to leave; its antonym is 'come back' (to return).,easy,,pu-dogar,pu-e:past_paper;pu-m:past_paper;pu-ahs:past_paper;pu-csp:past_paper;pu-css:past_paper;pu-cse:past_paper;pu-gs:past_paper;pu-com:past_paper
pu-verbal-reasoning-ch3-q19,verbal-reasoning-antonyms-q17,Verbal Reasoning,pu-verbal-reasoning,3,antonyms,Antonyms,topic,Choose the antonym of WAR:,Bomb,Calm,Battle,Peace,,d,The antonym of WAR (armed conflict) is 'peace' (a state of tranquility and absence of conflict).,easy,,pu-dogar,pu-e:past_paper;pu-m:past_paper;pu-ahs:past_paper;pu-csp:past_paper;pu-css:past_paper;pu-cse:past_paper;pu-gs:past_paper;pu-com:past_paper
pu-verbal-reasoning-ch3-q20,verbal-reasoning-antonyms-q18,Verbal Reasoning,pu-verbal-reasoning,3,antonyms,Antonyms,topic,Choose the antonym of MASTER:,Clan,Slave,Plain,Maestro,,b,The antonym of MASTER (one who has authority or ownership) is 'slave' (one who is under the authority or ownership of another).,easy,,pu-dogar,pu-e:past_paper;pu-m:past_paper;pu-ahs:past_paper;pu-csp:past_paper;pu-css:past_paper;pu-cse:past_paper;pu-gs:past_paper;pu-com:past_paper
pu-verbal-reasoning-ch3-q21,verbal-reasoning-antonyms-q19,Verbal Reasoning,pu-verbal-reasoning,3,antonyms,Antonyms,topic,The army had ADEQUATE ammunition for the battle. Choose the word most opposite in meaning to the underlined word 'adequate'.,Insufficient,Poor,Meager,Deficient,,a,'adequate' means sufficient for a purpose; its opposite is 'insufficient' (not enough).,hard,,pu-dogar,pu-e:past_paper;pu-m:past_paper;pu-ahs:past_paper;pu-csp:past_paper;pu-css:past_paper;pu-cse:past_paper;pu-gs:past_paper;pu-com:past_paper
pu-verbal-reasoning-ch3-q23,verbal-reasoning-antonyms-q21,Verbal Reasoning,pu-verbal-reasoning,3,antonyms,Antonyms,topic,The budget was presented with a DEFICIT of crores of rupees. Choose the word most opposite in meaning to the underlined word 'deficit'.,Bonus,Profit,Surplus,None of these,,c,'deficit' means a shortfall or amount by which something falls short; its opposite is 'surplus' (an excess).,easy,,pu-dogar,pu-e:past_paper;pu-m:past_paper;pu-ahs:past_paper;pu-csp:past_paper;pu-css:past_paper;pu-cse:past_paper;pu-gs:past_paper;pu-com:past_paper
pu-verbal-reasoning-ch3-q24,verbal-reasoning-antonyms-q22,Verbal Reasoning,pu-verbal-reasoning,3,antonyms,Antonyms,topic,His style of writing is quite VERBOSE. Choose the word most opposite in meaning to the underlined word 'verbose'.,Short,Precise,Limited,Constricted,,b,'verbose' means using more words than needed; its opposite is 'precise' (concise and exact).,easy,,pu-dogar,pu-e:past_paper;pu-m:past_paper;pu-ahs:past_paper;pu-csp:past_paper;pu-css:past_paper;pu-cse:past_paper;pu-gs:past_paper;pu-com:past_paper
pu-verbal-reasoning-ch3-q25,verbal-reasoning-antonyms-q23,Verbal Reasoning,pu-verbal-reasoning,3,antonyms,Antonyms,topic,The team felt TRIUMPHANT. Choose the word most opposite in meaning to the underlined word 'triumphant'.,Lost,Sad,Defeated,None of these,,c,'triumphant' means feeling victorious; its opposite is 'defeated' (having lost).,easy,,pu-dogar,pu-e:past_paper;pu-m:past_paper;pu-ahs:past_paper;pu-csp:past_paper;pu-css:past_paper;pu-cse:past_paper;pu-gs:past_paper;pu-com:past_paper
pu-verbal-reasoning-ch3-q26,verbal-reasoning-antonyms-q24,Verbal Reasoning,pu-verbal-reasoning,3,antonyms,Antonyms,topic,She had nothing but SCORN for my ideas. Choose the word most opposite in meaning to the underlined word 'scorn'.,Admiration,Agreement,Encouragement,Appreciation,,a,'scorn' means open contempt; its opposite is 'admiration' (respect and approval).,easy,,pu-dogar,pu-e:past_paper;pu-m:past_paper;pu-ahs:past_paper;pu-csp:past_paper;pu-css:past_paper;pu-cse:past_paper;pu-gs:past_paper;pu-com:past_paper
pu-verbal-reasoning-ch3-q27,verbal-reasoning-antonyms-q25,Verbal Reasoning,pu-verbal-reasoning,3,antonyms,Antonyms,topic,He directed a couple of MEDIOCRE films. Choose the word most opposite in meaning to the underlined word 'mediocre'.,Successful,Famous,Outstanding,Noble,,c,"'mediocre' means of only average, unimpressive quality; its opposite is 'outstanding' (exceptionally good).",easy,,pu-dogar,pu-e:past_paper;pu-m:past_paper;pu-ahs:past_paper;pu-csp:past_paper;pu-css:past_paper;pu-cse:past_paper;pu-gs:past_paper;pu-com:past_paper
pu-verbal-reasoning-ch3-q28,verbal-reasoning-antonyms-q26,Verbal Reasoning,pu-verbal-reasoning,3,antonyms,Antonyms,topic,It was a REVOLTING sight. Choose the word most opposite in meaning to the underlined word 'revolting'.,Remarkable,Pleasant,Attractive,None of these,,b,"'revolting' means causing disgust; its opposite is 'pleasant' (agreeable, enjoyable).",easy,,pu-dogar,pu-e:past_paper;pu-m:past_paper;pu-ahs:past_paper;pu-csp:past_paper;pu-css:past_paper;pu-cse:past_paper;pu-gs:past_paper;pu-com:past_paper
pu-verbal-reasoning-ch3-q30,verbal-reasoning-antonyms-q28,Verbal Reasoning,pu-verbal-reasoning,3,antonyms,Antonyms,topic,The witness CORROBORATED word for word the statement of the victim. Choose the word most opposite in meaning to the underlined word 'corroborated'.,Accepted,Denied,Confirmed,None of these,,b,'corroborated' means confirmed or supported with evidence; its opposite is 'denied' (rejected as untrue).,easy,,pu-dogar,pu-e:past_paper;pu-m:past_paper;pu-ahs:past_paper;pu-csp:past_paper;pu-css:past_paper;pu-cse:past_paper;pu-gs:past_paper;pu-com:past_paper
pu-verbal-reasoning-ch3-q31,verbal-reasoning-antonyms-q29,Verbal Reasoning,pu-verbal-reasoning,3,antonyms,Antonyms,topic,"Unlike his sister, he is AFFABLE. Choose the word most opposite in meaning to the underlined word 'affable'.",Gullible,Lovable,Irritable,Reserved,,c,'affable' means friendly and easy to talk to; its opposite is 'irritable' (easily annoyed).,easy,,pu-dogar,pu-e:past_paper;pu-m:past_paper;pu-ahs:past_paper;pu-csp:past_paper;pu-css:past_paper;pu-cse:past_paper;pu-gs:past_paper;pu-com:past_paper
pu-verbal-reasoning-ch3-q32,verbal-reasoning-antonyms-q30,Verbal Reasoning,pu-verbal-reasoning,3,antonyms,Antonyms,topic,The birth of his son decidedly proved to be an AUSPICIOUS event in his life. Choose the word most opposite in meaning to the underlined word 'auspicious'.,Precious,Ominous,Useless,None of these,,b,"'auspicious' means favourable, promising a good outcome; its opposite is 'ominous' (suggesting something bad will happen).",medium,,pu-dogar,pu-e:past_paper;pu-m:past_paper;pu-ahs:past_paper;pu-csp:past_paper;pu-css:past_paper;pu-cse:past_paper;pu-gs:past_paper;pu-com:past_paper
pu-verbal-reasoning-ch3-q33,verbal-reasoning-antonyms-q31,Verbal Reasoning,pu-verbal-reasoning,3,antonyms,Antonyms,topic,It was indeed ARDUOUS to cross streets in Tokyo. Choose the word most opposite in meaning to the underlined word 'arduous'.,Painless,Effortless,Pleasant,Interesting,,c,"'arduous' means difficult and tiring; its opposite is 'pleasant' (agreeable, easy to enjoy).",easy,,pu-dogar,pu-e:past_paper;pu-m:past_paper;pu-ahs:past_paper;pu-csp:past_paper;pu-css:past_paper;pu-cse:past_paper;pu-gs:past_paper;pu-com:past_paper
pu-verbal-reasoning-ch3-q34,verbal-reasoning-antonyms-q32,Verbal Reasoning,pu-verbal-reasoning,3,antonyms,Antonyms,topic,My first speech was a FIASCO. Choose the word most opposite in meaning to the underlined word 'fiasco'.,Success,Joy,Disaster,Fun,,a,'fiasco' means a complete failure; its opposite is 'success' (a favourable outcome).,easy,,pu-dogar,pu-e:past_paper;pu-m:past_paper;pu-ahs:past_paper;pu-csp:past_paper;pu-css:past_paper;pu-cse:past_paper;pu-gs:past_paper;pu-com:past_paper
pu-verbal-reasoning-ch3-q35,verbal-reasoning-antonyms-q33,Verbal Reasoning,pu-verbal-reasoning,3,antonyms,Antonyms,topic,"At first, she was RELUCTANT to accept the appointment in the bank. Choose the word most opposite in meaning to the underlined word 'reluctant'.",Pleased,Excited,Anxious,Willing,,d,'reluctant' means unwilling or hesitant; its opposite is 'willing' (ready and eager).,easy,,pu-dogar,pu-e:past_paper;pu-m:past_paper;pu-ahs:past_paper;pu-csp:past_paper;pu-css:past_paper;pu-cse:past_paper;pu-gs:past_paper;pu-com:past_paper
pu-verbal-reasoning-ch3-q36,verbal-reasoning-antonyms-q34,Verbal Reasoning,pu-verbal-reasoning,3,antonyms,Antonyms,topic,Her knowledge of Urdu appears to be quite SUPERFICIAL. Choose the word most opposite in meaning to the underlined word 'superficial'.,Perfect,Praiseworthy,Deep,Sufficient,,c,"'superficial' means shallow, lacking depth; its opposite is 'deep' (thorough, profound).",easy,,pu-dogar,pu-e:past_paper;pu-m:past_paper;pu-ahs:past_paper;pu-csp:past_paper;pu-css:past_paper;pu-cse:past_paper;pu-gs:past_paper;pu-com:past_paper
pu-verbal-reasoning-ch3-q37,verbal-reasoning-antonyms-q35,Verbal Reasoning,pu-verbal-reasoning,3,antonyms,Antonyms,topic,She appears to be a PHONEY person. Choose the word most opposite in meaning to the underlined word 'phoney'.,Beautiful,Unnatural,Genuine,Unreal,,c,"'phoney' means fake or insincere; its opposite is 'genuine' (real, authentic).",easy,,pu-dogar,pu-e:past_paper;pu-m:past_paper;pu-ahs:past_paper;pu-csp:past_paper;pu-css:past_paper;pu-cse:past_paper;pu-gs:past_paper;pu-com:past_paper
pu-verbal-reasoning-ch3-q38,verbal-reasoning-antonyms-q36,Verbal Reasoning,pu-verbal-reasoning,3,antonyms,Antonyms,topic,"When Akram entered the room, he was in a JUBILANT mood. Choose the word most opposite in meaning to the underlined word 'jubilant'.",Penitent,Serious,Defeated,Depressed,,d,'jubilant' means joyfully triumphant; its opposite is 'depressed' (feeling low and dejected).,easy,,pu-dogar,pu-e:past_paper;pu-m:past_paper;pu-ahs:past_paper;pu-csp:past_paper;pu-css:past_paper;pu-cse:past_paper;pu-gs:past_paper;pu-com:past_paper
pu-verbal-reasoning-ch3-q39,verbal-reasoning-antonyms-q37,Verbal Reasoning,pu-verbal-reasoning,3,antonyms,Antonyms,topic,His speeches were INSIPID. Choose the word most opposite in meaning to the underlined word 'insipid'.,Informative,Lively,Shocking,Insightful,,b,'insipid' means dull and uninteresting; its opposite is 'lively' (full of energy and interest).,easy,,pu-dogar,pu-e:past_paper;pu-m:past_paper;pu-ahs:past_paper;pu-csp:past_paper;pu-css:past_paper;pu-cse:past_paper;pu-gs:past_paper;pu-com:past_paper
pu-verbal-reasoning-ch3-q40,verbal-reasoning-antonyms-q38,Verbal Reasoning,pu-verbal-reasoning,3,antonyms,Antonyms,topic,They have tried their best to PROVOKE the flood victims. Choose the word most opposite in meaning to the underlined word 'provoke'.,Convince,Gratify,Pacify,Attract,,c,'provoke' means to stir up or incite; its opposite is 'pacify' (to calm down).,easy,,pu-dogar,pu-e:past_paper;pu-m:past_paper;pu-ahs:past_paper;pu-csp:past_paper;pu-css:past_paper;pu-cse:past_paper;pu-gs:past_paper;pu-com:past_paper
pu-verbal-reasoning-ch3-q41,verbal-reasoning-antonyms-q39,Verbal Reasoning,pu-verbal-reasoning,3,antonyms,Antonyms,topic,The judge IMPLICATED the investigating officer in the murder. Choose the word most opposite in meaning to the underlined word 'implicated'.,Liberated,Exonerated,Absolved,Explicated,,b,'implicated' means shown to be involved in wrongdoing; its opposite is 'exonerated' (cleared of blame).,easy,,pu-dogar,pu-e:past_paper;pu-m:past_paper;pu-ahs:past_paper;pu-csp:past_paper;pu-css:past_paper;pu-cse:past_paper;pu-gs:past_paper;pu-com:past_paper
pu-verbal-reasoning-ch3-q42,verbal-reasoning-antonyms-q40,Verbal Reasoning,pu-verbal-reasoning,3,antonyms,Antonyms,topic,His comment was considered POINTLESS by the Chairman of the meeting. Choose the word most opposite in meaning to the underlined word 'pointless'.,Significant,Impartial,Objective,Lively,,a,"'pointless' means having no purpose or meaning; its opposite is 'significant' (meaningful, important).",easy,,pu-dogar,pu-e:past_paper;pu-m:past_paper;pu-ahs:past_paper;pu-csp:past_paper;pu-css:past_paper;pu-cse:past_paper;pu-gs:past_paper;pu-com:past_paper
pu-verbal-reasoning-ch3-q43,verbal-reasoning-antonyms-q41,Verbal Reasoning,pu-verbal-reasoning,3,antonyms,Antonyms,topic,The rainfall was PLENTIFUL in this part during the last season. Choose the word most opposite in meaning to the underlined word 'plentiful'.,Small,Rare,Handful,Scanty,,d,"'plentiful' means existing in large quantities; its opposite is 'scanty' (barely sufficient, meagre).",easy,,pu-dogar,pu-e:past_paper;pu-m:past_paper;pu-ahs:past_paper;pu-csp:past_paper;pu-css:past_paper;pu-cse:past_paper;pu-gs:past_paper;pu-com:past_paper
pu-verbal-reasoning-ch3-q44,verbal-reasoning-antonyms-q42,Verbal Reasoning,pu-verbal-reasoning,3,antonyms,Antonyms,topic,I have VAGUE memories of my childhood. Choose the word most opposite in meaning to the underlined word 'vague'.,Profound,Sufficient,Pleasant,Clear,,d,'vague' means unclear or indistinct; its opposite is 'clear' (sharply defined).,easy,,pu-dogar,pu-e:past_paper;pu-m:past_paper;pu-ahs:past_paper;pu-csp:past_paper;pu-css:past_paper;pu-cse:past_paper;pu-gs:past_paper;pu-com:past_paper
pu-verbal-reasoning-ch3-q45,verbal-reasoning-antonyms-q43,Verbal Reasoning,pu-verbal-reasoning,3,antonyms,Antonyms,topic,It was a very DREARY day. Choose the word most opposite in meaning to the underlined word 'dreary'.,Dangerous,Drab,Beautiful,Bright,,d,"'dreary' means dull and gloomy; its opposite is 'bright' (cheerful, full of light).",easy,,pu-dogar,pu-e:past_paper;pu-m:past_paper;pu-ahs:past_paper;pu-csp:past_paper;pu-css:past_paper;pu-cse:past_paper;pu-gs:past_paper;pu-com:past_paper
pu-verbal-reasoning-ch3-q46,verbal-reasoning-antonyms-q44,Verbal Reasoning,pu-verbal-reasoning,3,antonyms,Antonyms,topic,That man is known for his ELEGANCE. Choose the word most opposite in meaning to the underlined word 'elegance'.,Awkwardness,Savagery,Clumsiness,Indelicacy,,a,'elegance' means grace and refinement; its opposite is 'awkwardness' (lack of grace).,easy,,pu-dogar,pu-e:past_paper;pu-m:past_paper;pu-ahs:past_paper;pu-csp:past_paper;pu-css:past_paper;pu-cse:past_paper;pu-gs:past_paper;pu-com:past_paper
pu-verbal-reasoning-ch3-q47,verbal-reasoning-antonyms-q45,Verbal Reasoning,pu-verbal-reasoning,3,antonyms,Antonyms,topic,The decision was DELAYED because of him. Choose the word most opposite in meaning to the underlined word 'delayed'.,Expedited,Triggered,Released,None of these,,a,'delayed' means made to happen later than planned; its opposite is 'expedited' (made to happen faster).,easy,,pu-dogar,pu-e:past_paper;pu-m:past_paper;pu-ahs:past_paper;pu-csp:past_paper;pu-css:past_paper;pu-cse:past_paper;pu-gs:past_paper;pu-com:past_paper
pu-verbal-reasoning-ch3-q48,verbal-reasoning-antonyms-q46,Verbal Reasoning,pu-verbal-reasoning,3,antonyms,Antonyms,topic,The room was filled with a DELICIOUS odour. Choose the word most opposite in meaning to the underlined word 'delicious'.,Strange,Bitter,Repulsive,Unpalatable,,d,"'delicious' (here, of a smell) means highly pleasing; its opposite is 'unpalatable' (unpleasant, distasteful).",easy,,pu-dogar,pu-e:past_paper;pu-m:past_paper;pu-ahs:past_paper;pu-csp:past_paper;pu-css:past_paper;pu-cse:past_paper;pu-gs:past_paper;pu-com:past_paper
pu-verbal-reasoning-ch3-q49,verbal-reasoning-antonyms-q47,Verbal Reasoning,pu-verbal-reasoning,3,antonyms,Antonyms,topic,Silence is this place is MANDATORY. Choose the word most opposite in meaning to the underlined word 'mandatory'.,Optional,Irritating,Imperative,Compulsory,,a,'mandatory' means required by rule; its opposite is 'optional' (a matter of choice).,easy,,pu-dogar,pu-e:past_paper;pu-m:past_paper;pu-ahs:past_paper;pu-csp:past_paper;pu-css:past_paper;pu-cse:past_paper;pu-gs:past_paper;pu-com:past_paper
pu-verbal-reasoning-ch3-q50,verbal-reasoning-antonyms-q48,Verbal Reasoning,pu-verbal-reasoning,3,antonyms,Antonyms,topic,The VERACITY of this statement needs to be tested further. Choose the word most opposite in meaning to the underlined word 'veracity'.,Pretence,Treachery,Dishonesty,Falsity,,d,'veracity' means truthfulness; its opposite is 'falsity' (the state of being untrue).,easy,,pu-dogar,pu-e:past_paper;pu-m:past_paper;pu-ahs:past_paper;pu-csp:past_paper;pu-css:past_paper;pu-cse:past_paper;pu-gs:past_paper;pu-com:past_paper
pu-verbal-reasoning-ch3-q51,verbal-reasoning-antonyms-q49,Verbal Reasoning,pu-verbal-reasoning,3,antonyms,Antonyms,topic,His RADICAL views made him unpopular. Choose the word most opposite in meaning to the underlined word 'radical'.,Conservative,Outmoded,Narrow,Childish,,a,"'radical' means favouring extreme, sweeping change; its opposite is 'conservative' (favouring tradition and caution).",easy,,pu-dogar,pu-e:past_paper;pu-m:past_paper;pu-ahs:past_paper;pu-csp:past_paper;pu-css:past_paper;pu-cse:past_paper;pu-gs:past_paper;pu-com:past_paper
pu-verbal-reasoning-ch3-q53,verbal-reasoning-antonyms-q51,Verbal Reasoning,pu-verbal-reasoning,3,antonyms,Antonyms,topic,Her MODESTY prevented her from making her feelings known to him. Choose the word most opposite in meaning to the underlined word 'modesty'.,Superiority,Arrogance,Vanity,None of these,,c,'modesty' means humility and restraint about one's own qualities; its opposite is 'vanity' (excessive pride in oneself).,easy,,pu-dogar,pu-e:past_paper;pu-m:past_paper;pu-ahs:past_paper;pu-csp:past_paper;pu-css:past_paper;pu-cse:past_paper;pu-gs:past_paper;pu-com:past_paper
pu-verbal-reasoning-ch3-q55,verbal-reasoning-antonyms-q53,Verbal Reasoning,pu-verbal-reasoning,3,antonyms,Antonyms,topic,Choose the antonym of SAGE:,Rogue,Egoist,Fool,Snob,,c,A SAGE is a profoundly wise person; its antonym is 'fool' (a person who lacks wisdom or good judgment).,easy,,pu-dogar,pu-e:past_paper;pu-m:past_paper;pu-ahs:past_paper;pu-csp:past_paper;pu-css:past_paper;pu-cse:past_paper;pu-gs:past_paper;pu-com:past_paper
pu-verbal-reasoning-ch3-q56,verbal-reasoning-antonyms-q54,Verbal Reasoning,pu-verbal-reasoning,3,antonyms,Antonyms,topic,Choose the antonym of MOIST:,Parched,Hard,Dry,Crisp,,c,MOIST means slightly wet; its antonym is 'dry' (free from moisture).,easy,,pu-dogar,pu-e:past_paper;pu-m:past_paper;pu-ahs:past_paper;pu-csp:past_paper;pu-css:past_paper;pu-cse:past_paper;pu-gs:past_paper;pu-com:past_paper
pu-verbal-reasoning-ch3-q57,verbal-reasoning-antonyms-q55,Verbal Reasoning,pu-verbal-reasoning,3,antonyms,Antonyms,topic,Choose the antonym of MASK:,Hit,Expose,Deface,Injure,,b,To MASK is to conceal or cover; its antonym is 'expose' (to reveal or uncover).,easy,,pu-dogar,pu-e:past_paper;pu-m:past_paper;pu-ahs:past_paper;pu-csp:past_paper;pu-css:past_paper;pu-cse:past_paper;pu-gs:past_paper;pu-com:past_paper
pu-verbal-reasoning-ch3-q58,verbal-reasoning-antonyms-q56,Verbal Reasoning,pu-verbal-reasoning,3,antonyms,Antonyms,topic,Choose the antonym of CALLOUS:,Sentimental,Sensitive,Confidence,Capable,,b,CALLOUS means insensitive and cruel; its antonym is 'sensitive' (easily affected by the feelings of others).,easy,,pu-dogar,pu-e:past_paper;pu-m:past_paper;pu-ahs:past_paper;pu-csp:past_paper;pu-css:past_paper;pu-cse:past_paper;pu-gs:past_paper;pu-com:past_paper
pu-verbal-reasoning-ch3-q59,verbal-reasoning-antonyms-q57,Verbal Reasoning,pu-verbal-reasoning,3,antonyms,Antonyms,topic,Choose the antonym of BEGUILE:,Cheat,Smile,Flatter,Persuade,,a,"BEGUILE means to charm, enchant, or deceive — a synonym is to Cheat. OCR answer key had ""d"" (Persuade) which is incorrect.",easy,,pu-dogar,pu-e:past_paper;pu-m:past_paper;pu-ahs:past_paper;pu-csp:past_paper;pu-css:past_paper;pu-cse:past_paper;pu-gs:past_paper;pu-com:past_paper
pu-verbal-reasoning-ch3-q60,verbal-reasoning-antonyms-q58,Verbal Reasoning,pu-verbal-reasoning,3,antonyms,Antonyms,topic,Choose the antonym of VIRTUE:,Vice,Wickedness,Crime,Fraud,,a,VIRTUE means moral goodness or a good quality; its antonym is 'vice' (a moral failing or bad habit).,easy,,pu-dogar,pu-e:past_paper;pu-m:past_paper;pu-ahs:past_paper;pu-csp:past_paper;pu-css:past_paper;pu-cse:past_paper;pu-gs:past_paper;pu-com:past_paper
pu-verbal-reasoning-ch3-q61,verbal-reasoning-antonyms-q59,Verbal Reasoning,pu-verbal-reasoning,3,antonyms,Antonyms,topic,Choose the antonym of VENERATE:,Criticize,Abuse,Accuse,Defame,,b,VENERATE means to regard with deep respect and reverence; its antonym is 'abuse' (to treat with disrespect or cruelty).,easy,,pu-dogar,pu-e:past_paper;pu-m:past_paper;pu-ahs:past_paper;pu-csp:past_paper;pu-css:past_paper;pu-cse:past_paper;pu-gs:past_paper;pu-com:past_paper
pu-verbal-reasoning-ch3-q62,verbal-reasoning-antonyms-q60,Verbal Reasoning,pu-verbal-reasoning,3,antonyms,Antonyms,topic,Choose the antonym of SHALLOW:,Deep,Hidden,High,Hollow,,a,SHALLOW means having little depth (literal or figurative); its antonym is 'deep'.,easy,,pu-dogar,pu-e:past_paper;pu-m:past_paper;pu-ahs:past_paper;pu-csp:past_paper;pu-css:past_paper;pu-cse:past_paper;pu-gs:past_paper;pu-com:past_paper
pu-verbal-reasoning-ch3-q63,verbal-reasoning-antonyms-q61,Verbal Reasoning,pu-verbal-reasoning,3,antonyms,Antonyms,topic,Choose the antonym of REWARD:,Forfeiture,Penalty,Demotion,Retribution,,b,A REWARD is something given in recognition of good behaviour or achievement; its antonym is 'penalty' (a punishment for wrongdoing).,easy,,pu-dogar,pu-e:past_paper;pu-m:past_paper;pu-ahs:past_paper;pu-csp:past_paper;pu-css:past_paper;pu-cse:past_paper;pu-gs:past_paper;pu-com:past_paper
pu-verbal-reasoning-ch3-q64,verbal-reasoning-antonyms-q62,Verbal Reasoning,pu-verbal-reasoning,3,antonyms,Antonyms,topic,Choose the antonym of FOREIGNER:,Alien,Native,Stranger,National,,b,The antonym of FOREIGNER (someone from another country) is 'native' (someone born in and belonging to the place in question).,easy,,pu-dogar,pu-e:past_paper;pu-m:past_paper;pu-ahs:past_paper;pu-csp:past_paper;pu-css:past_paper;pu-cse:past_paper;pu-gs:past_paper;pu-com:past_paper
pu-verbal-reasoning-ch3-q65,verbal-reasoning-antonyms-q63,Verbal Reasoning,pu-verbal-reasoning,3,antonyms,Antonyms,topic,Choose the antonym of GATHER:,Separate,Scatter,Suspend,None of these,,b,GATHER means to bring together in one place; its antonym is 'scatter' (to spread apart).,easy,,pu-dogar,pu-e:past_paper;pu-m:past_paper;pu-ahs:past_paper;pu-csp:past_paper;pu-css:past_paper;pu-cse:past_paper;pu-gs:past_paper;pu-com:past_paper
pu-verbal-reasoning-ch3-q66,verbal-reasoning-antonyms-q64,Verbal Reasoning,pu-verbal-reasoning,3,antonyms,Antonyms,topic,Choose the antonym of CONCEALED:,Opened,Disclosed,Released,Publicized,,b,CONCEALED means hidden from view; its antonym is 'disclosed' (made known or revealed).,easy,,pu-dogar,pu-e:past_paper;pu-m:past_paper;pu-ahs:past_paper;pu-csp:past_paper;pu-css:past_paper;pu-cse:past_paper;pu-gs:past_paper;pu-com:past_paper
pu-verbal-reasoning-ch3-q67,verbal-reasoning-antonyms-q65,Verbal Reasoning,pu-verbal-reasoning,3,antonyms,Antonyms,topic,Choose the antonym of INNOCENT:,Guilty,Corrupt,Sinful,Deadly,,a,INNOCENT means free of guilt; its antonym is 'guilty' (responsible for wrongdoing).,easy,,pu-dogar,pu-e:past_paper;pu-m:past_paper;pu-ahs:past_paper;pu-csp:past_paper;pu-css:past_paper;pu-cse:past_paper;pu-gs:past_paper;pu-com:past_paper
pu-verbal-reasoning-ch3-q68,verbal-reasoning-antonyms-q66,Verbal Reasoning,pu-verbal-reasoning,3,antonyms,Antonyms,topic,Choose the antonym of JUBILANT:,Quiet,Disturbed,Gloomy,Scared,,c,JUBILANT means feeling great joy; its antonym is 'gloomy' (sad and dispirited).,easy,,pu-dogar,pu-e:past_paper;pu-m:past_paper;pu-ahs:past_paper;pu-csp:past_paper;pu-css:past_paper;pu-cse:past_paper;pu-gs:past_paper;pu-com:past_paper
pu-verbal-reasoning-ch3-q69,verbal-reasoning-antonyms-q67,Verbal Reasoning,pu-verbal-reasoning,3,antonyms,Antonyms,topic,Choose the antonym of RESERVED:,Popular,Likeable,Talkative,None of these,,c,RESERVED means reluctant to reveal thoughts or feelings; its antonym is 'talkative' (open and chatty).,easy,,pu-dogar,pu-e:past_paper;pu-m:past_paper;pu-ahs:past_paper;pu-csp:past_paper;pu-css:past_paper;pu-cse:past_paper;pu-gs:past_paper;pu-com:past_paper
pu-verbal-reasoning-ch3-q71,verbal-reasoning-antonyms-q69,Verbal Reasoning,pu-verbal-reasoning,3,antonyms,Antonyms,topic,Choose the antonym of VICTORY:,Fortune,Success,Defeat,Progress,,c,VICTORY means a win or triumph; its antonym is 'defeat' (a loss).,easy,,pu-dogar,pu-e:past_paper;pu-m:past_paper;pu-ahs:past_paper;pu-csp:past_paper;pu-css:past_paper;pu-cse:past_paper;pu-gs:past_paper;pu-com:past_paper
pu-verbal-reasoning-ch3-q72,verbal-reasoning-antonyms-q70,Verbal Reasoning,pu-verbal-reasoning,3,antonyms,Antonyms,topic,Choose the antonym of LOOSE:,Excellent,Joined,Tight,None of these,,c,LOOSE means not tightly fixed or fitted; its antonym is 'tight'.,easy,,pu-dogar,pu-e:past_paper;pu-m:past_paper;pu-ahs:past_paper;pu-csp:past_paper;pu-css:past_paper;pu-cse:past_paper;pu-gs:past_paper;pu-com:past_paper
pu-verbal-reasoning-ch3-q73,verbal-reasoning-antonyms-q71,Verbal Reasoning,pu-verbal-reasoning,3,antonyms,Antonyms,topic,Choose the antonym of ACCORD:,Difference,Agreement,Failure,Disagreement,,d,ACCORD means agreement or harmony; its antonym is 'disagreement' (a lack of consensus or harmony).,easy,,pu-dogar,pu-e:past_paper;pu-m:past_paper;pu-ahs:past_paper;pu-csp:past_paper;pu-css:past_paper;pu-cse:past_paper;pu-gs:past_paper;pu-com:past_paper
pu-verbal-reasoning-ch3-q75,verbal-reasoning-antonyms-q73,Verbal Reasoning,pu-verbal-reasoning,3,antonyms,Antonyms,topic,He has the habit of MAGNIFYING other's mistakes. Choose the word most opposite in meaning to the underlined word 'magnifying'.,Enlarging,Discriminating,Reducing,Denying,,c,"'magnifying' here means exaggerating or enlarging; its opposite is 'reducing' (making smaller, downplaying).",easy,,pu-dogar,pu-e:past_paper;pu-m:past_paper;pu-ahs:past_paper;pu-csp:past_paper;pu-css:past_paper;pu-cse:past_paper;pu-gs:past_paper;pu-com:past_paper
pu-verbal-reasoning-ch3-q76,verbal-reasoning-antonyms-q74,Verbal Reasoning,pu-verbal-reasoning,3,antonyms,Antonyms,topic,He has a DEFINITE idea of what he wants in life. Choose the word most opposite in meaning to the underlined word 'definite'.,Coward,Debtor,Vague,Deficit,,c,"'definite' means clearly stated or decided; its opposite is 'vague' (unclear, indefinite).",easy,,pu-dogar,pu-e:past_paper;pu-m:past_paper;pu-ahs:past_paper;pu-csp:past_paper;pu-css:past_paper;pu-cse:past_paper;pu-gs:past_paper;pu-com:past_paper
pu-verbal-reasoning-ch3-q77,verbal-reasoning-antonyms-q75,Verbal Reasoning,pu-verbal-reasoning,3,antonyms,Antonyms,topic,"As a novelist, Abdullah Hussain based his narrative on FACTS. Choose the word most opposite in meaning to the underlined word 'facts'.",Darkness,Fiction,Story,None of these,,b,"The passage contrasts a narrative 'based on facts' with one that is not; the opposite of 'facts' here is 'fiction' (invented, not real).",easy,,pu-dogar,pu-e:past_paper;pu-m:past_paper;pu-ahs:past_paper;pu-csp:past_paper;pu-css:past_paper;pu-cse:past_paper;pu-gs:past_paper;pu-com:past_paper
pu-verbal-reasoning-ch3-q78,verbal-reasoning-antonyms-q76,Verbal Reasoning,pu-verbal-reasoning,3,antonyms,Antonyms,topic,The boss works in this office in a HOSTILE environment. Choose the word most opposite in meaning to the underlined word 'hostile'.,Friendly,Malicious,Doubtful,Cooperative,,a,'hostile' means unfriendly or antagonistic; its opposite is 'friendly' (kind and welcoming).,easy,,pu-dogar,pu-e:past_paper;pu-m:past_paper;pu-ahs:past_paper;pu-csp:past_paper;pu-css:past_paper;pu-cse:past_paper;pu-gs:past_paper;pu-com:past_paper
pu-verbal-reasoning-ch3-q79,verbal-reasoning-antonyms-q77,Verbal Reasoning,pu-verbal-reasoning,3,antonyms,Antonyms,topic,His principles are FLEXIBLE. Choose the word most opposite in meaning to the underlined word 'flexible'.,Strong,Powerful,Hard,Rigid,,d,"'flexible' means adaptable, able to change; its opposite is 'rigid' (fixed, unwilling to change).",easy,,pu-dogar,pu-e:past_paper;pu-m:past_paper;pu-ahs:past_paper;pu-csp:past_paper;pu-css:past_paper;pu-cse:past_paper;pu-gs:past_paper;pu-com:past_paper
pu-verbal-reasoning-ch3-q80,verbal-reasoning-antonyms-q78,Verbal Reasoning,pu-verbal-reasoning,3,antonyms,Antonyms,topic,The president's message of congratulations gave a BOOST to the morale of the team. Choose the word most opposite in meaning to the underlined word 'boost'.,Rebuke,Obstruction,Discouragement,Hinder,,c,'boost' means to raise or improve; its opposite is 'discouragement' (a lowering of morale).,medium,,pu-dogar,pu-e:past_paper;pu-m:past_paper;pu-ahs:past_paper;pu-csp:past_paper;pu-css:past_paper;pu-cse:past_paper;pu-gs:past_paper;pu-com:past_paper
pu-verbal-reasoning-ch3-q81,verbal-reasoning-antonyms-q79,Verbal Reasoning,pu-verbal-reasoning,3,antonyms,Antonyms,topic,Choose the antonym of LOUDER:,Noisy,Softer,Smaller,Little,,b,LOUDER means having greater volume or intensity of sound; its antonym is 'softer' (having less volume).,easy,,pu-dogar,pu-e:past_paper;pu-m:past_paper;pu-ahs:past_paper;pu-csp:past_paper;pu-css:past_paper;pu-cse:past_paper;pu-gs:past_paper;pu-com:past_paper
pu-verbal-reasoning-ch3-q82,verbal-reasoning-antonyms-q80,Verbal Reasoning,pu-verbal-reasoning,3,antonyms,Antonyms,topic,Choose the antonym of LOW:,Below,Above,Down,High,,d,"LOW means not high in position, degree, or amount; its antonym is 'high'.",easy,,pu-dogar,pu-e:past_paper;pu-m:past_paper;pu-ahs:past_paper;pu-csp:past_paper;pu-css:past_paper;pu-cse:past_paper;pu-gs:past_paper;pu-com:past_paper
pu-verbal-reasoning-ch3-q83,verbal-reasoning-antonyms-q81,Verbal Reasoning,pu-verbal-reasoning,3,antonyms,Antonyms,topic,Choose the antonym of ANSWER:,Reply,Question,Interrogation,Return,,b,"ANSWER is a response to something asked; its antonym is 'question' (something asked, to which an answer replies).",easy,,pu-dogar,pu-e:past_paper;pu-m:past_paper;pu-ahs:past_paper;pu-csp:past_paper;pu-css:past_paper;pu-cse:past_paper;pu-gs:past_paper;pu-com:past_paper
pu-verbal-reasoning-ch3-q84,verbal-reasoning-antonyms-q82,Verbal Reasoning,pu-verbal-reasoning,3,antonyms,Antonyms,topic,Choose the antonym of PUNISH:,Sympathy,Help,Cruel,Pity,,a,"PUNISH means to penalize someone for wrongdoing; the closest opposite among the options is 'sympathy' (a compassionate, non-punitive response), though a stricter antonym would be 'forgive' or 'reward'.",easy,,pu-dogar,pu-e:past_paper;pu-m:past_paper;pu-ahs:past_paper;pu-csp:past_paper;pu-css:past_paper;pu-cse:past_paper;pu-gs:past_paper;pu-com:past_paper
pu-verbal-reasoning-ch3-q85,verbal-reasoning-antonyms-q83,Verbal Reasoning,pu-verbal-reasoning,3,antonyms,Antonyms,topic,This is not ideology but PRAGMATIC language teaching. Choose the word most opposite in meaning to the underlined word 'pragmatic'.,Improper,Imperfect,Impossible,Impractical,,d,"'pragmatic' means practical, dealing with things sensibly; its opposite is 'impractical' (unworkable, unrealistic).",easy,,pu-dogar,pu-e:past_paper;pu-m:past_paper;pu-ahs:past_paper;pu-csp:past_paper;pu-css:past_paper;pu-cse:past_paper;pu-gs:past_paper;pu-com:past_paper
pu-verbal-reasoning-ch3-q86,verbal-reasoning-antonyms-q84,Verbal Reasoning,pu-verbal-reasoning,3,antonyms,Antonyms,topic,There are reports that many poor people ABANDON female children. Choose the word most opposite in meaning to the underlined word 'abandon'.,Reject,Keep,Help,Like,,b,"'abandon' means to give up or desert; its opposite is 'keep' (to retain, hold on to).",easy,,pu-dogar,pu-e:past_paper;pu-m:past_paper;pu-ahs:past_paper;pu-csp:past_paper;pu-css:past_paper;pu-cse:past_paper;pu-gs:past_paper;pu-com:past_paper
pu-verbal-reasoning-ch3-q87,verbal-reasoning-antonyms-q85,Verbal Reasoning,pu-verbal-reasoning,3,antonyms,Antonyms,topic,Earthquakes are FREQUENT in Japan. Choose the word most opposite in meaning to the underlined word 'frequent'.,Rare,Unusual,Few,Extinct,,a,'frequent' means happening often; its opposite is 'rare' (happening seldom).,easy,,pu-dogar,pu-e:past_paper;pu-m:past_paper;pu-ahs:past_paper;pu-csp:past_paper;pu-css:past_paper;pu-cse:past_paper;pu-gs:past_paper;pu-com:past_paper
pu-verbal-reasoning-ch3-q88,verbal-reasoning-antonyms-q86,Verbal Reasoning,pu-verbal-reasoning,3,antonyms,Antonyms,topic,Machine civilization has made human life ARTIFICIAL. Choose the word most opposite in meaning to the underlined word 'artificial'.,TRUE,Genuine,Natural,Authentic,,b,"'artificial' means man-made, not natural; its opposite is 'genuine' (real, authentic).",easy,,pu-dogar,pu-e:past_paper;pu-m:past_paper;pu-ahs:past_paper;pu-csp:past_paper;pu-css:past_paper;pu-cse:past_paper;pu-gs:past_paper;pu-com:past_paper
pu-verbal-reasoning-ch3-q89,verbal-reasoning-antonyms-q87,Verbal Reasoning,pu-verbal-reasoning,3,antonyms,Antonyms,topic,The Minister is OPTIMISTIC about the new project just launched. Choose the word most opposite in meaning to the underlined word 'optimistic'.,Stoical,Pessimistic,Cynical,Dubious,,b,'optimistic' means hopeful about the future; its opposite is 'pessimistic' (expecting the worst).,easy,,pu-dogar,pu-e:past_paper;pu-m:past_paper;pu-ahs:past_paper;pu-csp:past_paper;pu-css:past_paper;pu-cse:past_paper;pu-gs:past_paper;pu-com:past_paper
pu-verbal-reasoning-ch3-q90,verbal-reasoning-antonyms-q88,Verbal Reasoning,pu-verbal-reasoning,3,antonyms,Antonyms,topic,All the runners started SIMULTANEOUSLY. Choose the word most opposite in meaning to the underlined word 'simultaneously'.,Fully,Frequently,Separately,Momentarily,,c,"'simultaneously' means at the same time; its opposite is 'separately' (one after another, individually).",easy,,pu-dogar,pu-e:past_paper;pu-m:past_paper;pu-ahs:past_paper;pu-csp:past_paper;pu-css:past_paper;pu-cse:past_paper;pu-gs:past_paper;pu-com:past_paper
pu-verbal-reasoning-ch3-q91,verbal-reasoning-antonyms-q89,Verbal Reasoning,pu-verbal-reasoning,3,antonyms,Antonyms,topic,He was ACQUITTED of the charge of theft. Choose the word most opposite in meaning to the underlined word 'acquitted'.,Dissociated,Convicted,Exonerated,Released,,b,'acquitted' means declared not guilty; its opposite is 'convicted' (declared guilty).,easy,,pu-dogar,pu-e:past_paper;pu-m:past_paper;pu-ahs:past_paper;pu-csp:past_paper;pu-css:past_paper;pu-cse:past_paper;pu-gs:past_paper;pu-com:past_paper
pu-verbal-reasoning-ch3-q92,verbal-reasoning-antonyms-q90,Verbal Reasoning,pu-verbal-reasoning,3,antonyms,Antonyms,topic,The police tried to find out the RIGHTFUL owner of the ornaments left in the train. Choose the word most opposite in meaning to the underlined word 'rightful'.,Indefinite,Unlawful,Claimant,Mistaken,,b,'rightful' means having a legitimate claim; its opposite is 'unlawful' (not legally sanctioned).,medium,,pu-dogar,pu-e:past_paper;pu-m:past_paper;pu-ahs:past_paper;pu-csp:past_paper;pu-css:past_paper;pu-cse:past_paper;pu-gs:past_paper;pu-com:past_paper
pu-verbal-reasoning-ch3-q93,verbal-reasoning-antonyms-q91,Verbal Reasoning,pu-verbal-reasoning,3,antonyms,Antonyms,topic,The students ASSEMBLED in the meeting hall. Choose the word most opposite in meaning to the underlined word 'assembled'.,Eliminated,Diffused,Dispersed,Removed,,c,"'assembled' means gathered together; its opposite is 'dispersed' (scattered, spread apart).",easy,,pu-dogar,pu-e:past_paper;pu-m:past_paper;pu-ahs:past_paper;pu-csp:past_paper;pu-css:past_paper;pu-cse:past_paper;pu-gs:past_paper;pu-com:past_paper
pu-verbal-reasoning-ch3-q94,verbal-reasoning-antonyms-q92,Verbal Reasoning,pu-verbal-reasoning,3,antonyms,Antonyms,topic,The children are playing in the NEARBY park. Choose the word most opposite in meaning to the underlined word 'nearby'.,Different,Separate,Close,Distant,,d,'nearby' means close in distance; its opposite is 'distant' (far away).,easy,,pu-dogar,pu-e:past_paper;pu-m:past_paper;pu-ahs:past_paper;pu-csp:past_paper;pu-css:past_paper;pu-cse:past_paper;pu-gs:past_paper;pu-com:past_paper
pu-verbal-reasoning-ch3-q95,verbal-reasoning-antonyms-q93,Verbal Reasoning,pu-verbal-reasoning,3,antonyms,Antonyms,topic,Life in the villages is very DULL. Choose the word most opposite in meaning to the underlined word 'dull'.,Pleasant,Bluffing,Wasteful,Serious,,a,"'dull' means boring, lacking excitement; its opposite is 'pleasant' (agreeable, enjoyable).",easy,,pu-dogar,pu-e:past_paper;pu-m:past_paper;pu-ahs:past_paper;pu-csp:past_paper;pu-css:past_paper;pu-cse:past_paper;pu-gs:past_paper;pu-com:past_paper
pu-verbal-reasoning-ch3-q96,verbal-reasoning-antonyms-q94,Verbal Reasoning,pu-verbal-reasoning,3,antonyms,Antonyms,topic,Choose the antonym of GUILTY:,Right,Correct,TRUE,Innocent,,d,GUILTY means responsible for an offence; its antonym is 'innocent' (free of guilt).,easy,,pu-dogar,pu-e:past_paper;pu-m:past_paper;pu-ahs:past_paper;pu-csp:past_paper;pu-css:past_paper;pu-cse:past_paper;pu-gs:past_paper;pu-com:past_paper
pu-verbal-reasoning-ch3-q97,verbal-reasoning-antonyms-q95,Verbal Reasoning,pu-verbal-reasoning,3,antonyms,Antonyms,topic,Choose the antonym of DESTROY:,Invest,Ignorant,Create,Make,,c,DESTROY means to demolish or ruin completely; its antonym is 'create' (to bring into existence).,easy,,pu-dogar,pu-e:past_paper;pu-m:past_paper;pu-ahs:past_paper;pu-csp:past_paper;pu-css:past_paper;pu-cse:past_paper;pu-gs:past_paper;pu-com:past_paper
pu-verbal-reasoning-ch3-q98,verbal-reasoning-antonyms-q96,Verbal Reasoning,pu-verbal-reasoning,3,antonyms,Antonyms,topic,Choose the antonym of VIGILANT:,Careless,Iresponsible,Ignorant,Innocent,,a,"VIGILANT means watchful and alert to danger; its antonym is 'careless' (inattentive, unwatchful).",easy,,pu-dogar,pu-e:past_paper;pu-m:past_paper;pu-ahs:past_paper;pu-csp:past_paper;pu-css:past_paper;pu-cse:past_paper;pu-gs:past_paper;pu-com:past_paper
pu-verbal-reasoning-ch4-q7,verbal-reasoning-sentence-completion-q1,Verbal Reasoning,pu-verbal-reasoning,4,sentence-completion,Sentence Completion,topic,"Male and female loons tend to act _____, actively helping each other forage for food to feed their young.",aggressively,surreptitiously,cooperatively,defensively,erratically,c,"Loons 'actively helping each other forage' shows they act cooperatively, not aggressively or defensively.",medium,,pu-dogar,pu-e:past_paper;pu-m:past_paper;pu-ahs:past_paper;pu-csp:past_paper;pu-css:past_paper;pu-cse:past_paper;pu-gs:past_paper;pu-com:past_paper
pu-verbal-reasoning-ch4-q8,verbal-reasoning-sentence-completion-q2,Verbal Reasoning,pu-verbal-reasoning,4,sentence-completion,Sentence Completion,topic,"My grandmother, who never spent a dime and rarely talked, was considered both _____ and _____.",miserly . . taciturn,frugal . . effusive,stingy . . garrulous,thrifty . . raucous,munificent . . reticent,a,'Never spent a dime' fits 'miserly' (stingy) and 'rarely talked' fits 'taciturn' (uncommunicative).,medium,,pu-dogar,pu-e:past_paper;pu-m:past_paper;pu-ahs:past_paper;pu-csp:past_paper;pu-css:past_paper;pu-cse:past_paper;pu-gs:past_paper;pu-com:past_paper
pu-verbal-reasoning-ch4-q9,verbal-reasoning-sentence-completion-q3,Verbal Reasoning,pu-verbal-reasoning,4,sentence-completion,Sentence Completion,topic,"After witnessing a number of territorial skirmishes, Dr. Jarmen had to change his earlier opinion that these particular breeds of chipmunk were always _____ animals.",curious,harsh,quarreling,peaceful,warring,d,The territorial skirmishes forced Dr. Jarmen to revise his earlier belief that the chipmunks were always 'peaceful' animals.,medium,,pu-dogar,pu-e:past_paper;pu-m:past_paper;pu-ahs:past_paper;pu-csp:past_paper;pu-css:past_paper;pu-cse:past_paper;pu-gs:past_paper;pu-com:past_paper
pu-verbal-reasoning-ch4-q10,verbal-reasoning-sentence-completion-q4,Verbal Reasoning,pu-verbal-reasoning,4,sentence-completion,Sentence Completion,topic,"Although teasers for the film were absolutely _____, the film itself was well presented, well timed, and represented a rather _____ work.",scintillating . . blasé,tasteless . . amateur,risqué . . bawdy,breathtaking . . familiar,crude . . polished,e,"'Crude' captures the tasteless teasers, while 'polished' matches a film that was 'well presented, well timed' — a contrast introduced by 'although'.",medium,,pu-dogar,pu-e:past_paper;pu-m:past_paper;pu-ahs:past_paper;pu-csp:past_paper;pu-css:past_paper;pu-cse:past_paper;pu-gs:past_paper;pu-com:past_paper
pu-verbal-reasoning-ch4-q11,verbal-reasoning-sentence-completion-q5,Verbal Reasoning,pu-verbal-reasoning,4,sentence-completion,Sentence Completion,topic,"Football players, generally known for their elevated testosterone levels, would see crying as _____ unmanly rather than a humanistic trait _____ by either sex.",sickeningly . . thwarted,inherently . . experienced,inexplicably . . enjoyed,intentionally . . fostered,plausibly . . envisioned,b,'Inherently' fits 'rather than' contrasting with a trait 'experienced' by both sexes — crying is seen as fundamentally unmanly rather than a shared human trait.,medium,,pu-dogar,pu-e:past_paper;pu-m:past_paper;pu-ahs:past_paper;pu-csp:past_paper;pu-css:past_paper;pu-cse:past_paper;pu-gs:past_paper;pu-com:past_paper
pu-verbal-reasoning-ch4-q12,verbal-reasoning-sentence-completion-q6,Verbal Reasoning,pu-verbal-reasoning,4,sentence-completion,Sentence Completion,topic,"Despite the fact that Frank Lloyd Wright communities are almost _____, they leave behind a _____ legacy of architecture and furniture design.",obsolete . . transitory,dormant . . modest,extinct . . vital,self-sufficient . . prodigious,isolated . . robust,c,"'Extinct' fits communities that are 'almost' gone, while 'vital' fits a legacy that is still very much alive.",medium,,pu-dogar,pu-e:past_paper;pu-m:past_paper;pu-ahs:past_paper;pu-csp:past_paper;pu-css:past_paper;pu-cse:past_paper;pu-gs:past_paper;pu-com:past_paper
pu-verbal-reasoning-ch4-q14,verbal-reasoning-sentence-completion-q8,Verbal Reasoning,pu-verbal-reasoning,4,sentence-completion,Sentence Completion,topic,The _____ lecture hall could seat the entire graduating class including guests; some said it was even _____.,burgeoning . . elaborate,bodacious . . monumental,elaborate . . haughty,commodious . . enormous,capacious . . minuscule,d,"'Commodious' (spacious) fits a hall that could seat the whole class, and 'enormous' extends that idea.",medium,,pu-dogar,pu-e:past_paper;pu-m:past_paper;pu-ahs:past_paper;pu-csp:past_paper;pu-css:past_paper;pu-cse:past_paper;pu-gs:past_paper;pu-com:past_paper
pu-verbal-reasoning-ch4-q15,verbal-reasoning-sentence-completion-q9,Verbal Reasoning,pu-verbal-reasoning,4,sentence-completion,Sentence Completion,topic,"The secretary _____ agreed to _____ the president's decision, knowing that the information was less than factual and against her basic beliefs regarding deceptive sales practices.",grudgingly . . abide by,willingly . . support,secretively . . acknowledge,maliciously . . sway,furtively . . foster,a,"'Grudgingly' fits a secretary who disagreed with the decision, and 'abide by' fits agreeing to follow it despite her reservations.",medium,,pu-dogar,pu-e:past_paper;pu-m:past_paper;pu-ahs:past_paper;pu-csp:past_paper;pu-css:past_paper;pu-cse:past_paper;pu-gs:past_paper;pu-com:past_paper
pu-verbal-reasoning-ch4-q16,verbal-reasoning-sentence-completion-q10,Verbal Reasoning,pu-verbal-reasoning,4,sentence-completion,Sentence Completion,topic,"Either the fishing at Redington Beach is _____, or I went there on an off day.",plentiful,overrated,caustic,sporadic,invigorating,b,The 'either/or' structure contrasts a report of the fishing's reputation ('overrated') against the writer's own experience ('an off day').,medium,,pu-dogar,pu-e:past_paper;pu-m:past_paper;pu-ahs:past_paper;pu-csp:past_paper;pu-css:past_paper;pu-cse:past_paper;pu-gs:past_paper;pu-com:past_paper
pu-verbal-reasoning-ch4-q17,verbal-reasoning-sentence-completion-q11,Verbal Reasoning,pu-verbal-reasoning,4,sentence-completion,Sentence Completion,topic,His _____ remarks really detracted from the overall speech; he should not have so readily strayed from his subject.,repugnant,digressive,redundant,innocuous,enigmatic,b,'Digressive' (straying off-topic) matches 'strayed from his subject' in the second half of the sentence.,medium,,pu-dogar,pu-e:past_paper;pu-m:past_paper;pu-ahs:past_paper;pu-csp:past_paper;pu-css:past_paper;pu-cse:past_paper;pu-gs:past_paper;pu-com:past_paper
pu-verbal-reasoning-ch4-q18,verbal-reasoning-sentence-completion-q12,Verbal Reasoning,pu-verbal-reasoning,4,sentence-completion,Sentence Completion,topic,"He acted with great _____, as if he were a diplomat without regard for crimination.",emotion,restraint,concern,statesmanship,disdain,e,'Disdain' fits acting like an aloof diplomat who shows no concern ('without regard') for blame.,medium,,pu-dogar,pu-e:past_paper;pu-m:past_paper;pu-ahs:past_paper;pu-csp:past_paper;pu-css:past_paper;pu-cse:past_paper;pu-gs:past_paper;pu-com:past_paper
pu-verbal-reasoning-ch4-q19,verbal-reasoning-sentence-completion-q13,Verbal Reasoning,pu-verbal-reasoning,4,sentence-completion,Sentence Completion,topic,"As I was describing my encounter with the alien, he had the most _____ stare, as if he didn't believe a word I was saying.",amazing,dumbfounded,incredulous,blank,obdurate,c,'Incredulous' (disbelieving) fits a stare that suggests he 'didn't believe a word' being said.,medium,,pu-dogar,pu-e:past_paper;pu-m:past_paper;pu-ahs:past_paper;pu-csp:past_paper;pu-css:past_paper;pu-cse:past_paper;pu-gs:past_paper;pu-com:past_paper
pu-verbal-reasoning-ch4-q20,verbal-reasoning-sentence-completion-q14,Verbal Reasoning,pu-verbal-reasoning,4,sentence-completion,Sentence Completion,topic,The _____ of horns heard while gridlocked at the traffic jam was as discordant as an untamed orchestral performance.,blaring,harmonic,sequencing,cacophony,syncopated,d,"A 'cacophony' is a harsh, discordant mixture of sounds — perfectly matching 'as discordant as an untamed orchestral performance'.",medium,,pu-dogar,pu-e:past_paper;pu-m:past_paper;pu-ahs:past_paper;pu-csp:past_paper;pu-css:past_paper;pu-cse:past_paper;pu-gs:past_paper;pu-com:past_paper
pu-verbal-reasoning-ch4-q21,verbal-reasoning-sentence-completion-q15,Verbal Reasoning,pu-verbal-reasoning,4,sentence-completion,Sentence Completion,topic,"Her ______ demeanor was understandable given the loss of her brother; indeed, most of us were rather ______.",lachrymose... dolorous,reprehensible... enigmatic,subtle... raucous,determined... committed,displaced... focused,a,"'Lachrymose' (tearful) fits a demeanor understandable after losing a brother, and 'dolorous' (sorrowful) fits how 'most of us' felt too.",medium,,pu-dogar,pu-e:past_paper;pu-m:past_paper;pu-ahs:past_paper;pu-csp:past_paper;pu-css:past_paper;pu-cse:past_paper;pu-gs:past_paper;pu-com:past_paper
pu-verbal-reasoning-ch4-q22,verbal-reasoning-sentence-completion-q16,Verbal Reasoning,pu-verbal-reasoning,4,sentence-completion,Sentence Completion,topic,"It was a rather ______ mystery, full of twists and turns and surprises and ______ most difficult to predict.",tawdry... foreshadowing,knotty... nuances,subtle... characters,obvious... reversals,easily understood... clever redirections,b,"'Knotty' (complicated) fits a mystery 'full of twists and turns', and 'nuances' fits subtle details 'difficult to predict'.",medium,,pu-dogar,pu-e:past_paper;pu-m:past_paper;pu-ahs:past_paper;pu-csp:past_paper;pu-css:past_paper;pu-cse:past_paper;pu-gs:past_paper;pu-com:past_paper
pu-verbal-reasoning-ch4-q23,verbal-reasoning-sentence-completion-q17,Verbal Reasoning,pu-verbal-reasoning,4,sentence-completion,Sentence Completion,topic,"He is the ______ of evil; he lies, cheats, steals, murders, and boasts of his anti-societal behavior.",antithesis,plaintiff,epitome,harbinger,picture,c,"'Epitome' means the perfect embodiment of a quality — here, of evil, as shown by his lying, cheating, and boasting.",medium,,pu-dogar,pu-e:past_paper;pu-m:past_paper;pu-ahs:past_paper;pu-csp:past_paper;pu-css:past_paper;pu-cse:past_paper;pu-gs:past_paper;pu-com:past_paper
pu-verbal-reasoning-ch4-q24,verbal-reasoning-sentence-completion-q18,Verbal Reasoning,pu-verbal-reasoning,4,sentence-completion,Sentence Completion,topic,It is commonly believed that statesman Frederick Douglass ______ patterned his autobiography after the ______ of the former slave Olaudah Equiano.,effectively... notations,knowingly... diary,accidentally... writings,intentionally... narrative,expectantly... accomplishments,d,"'Intentionally' fits deliberately patterning his work, and 'narrative' fits the first-person life story he patterned it after.",medium,,pu-dogar,pu-e:past_paper;pu-m:past_paper;pu-ahs:past_paper;pu-csp:past_paper;pu-css:past_paper;pu-cse:past_paper;pu-gs:past_paper;pu-com:past_paper
pu-verbal-reasoning-ch4-q25,verbal-reasoning-sentence-completion-q19,Verbal Reasoning,pu-verbal-reasoning,4,sentence-completion,Sentence Completion,topic,"Legislative leaders found it desirable to ______ prohibition, partially in order to recover revenue from taxation on spirits.",enforce,abrogate,stave,modify,obdurate,b,To 'abrogate' means to officially repeal or abolish a law or agreement. Legislative leaders abrogating prohibition to recover tax revenue is historically accurate (US 21st Amendment) and linguistically correct.,medium,,pu-dogar,pu-e:past_paper;pu-m:past_paper;pu-ahs:past_paper;pu-csp:past_paper;pu-css:past_paper;pu-cse:past_paper;pu-gs:past_paper;pu-com:past_paper
pu-verbal-reasoning-ch4-q26,verbal-reasoning-sentence-completion-q20,Verbal Reasoning,pu-verbal-reasoning,4,sentence-completion,Sentence Completion,topic,"It is incomprehensible that the tax codes should be such a ______ instead of a straightforward bracket based on gross earnings, notwithstanding deductions.",farce,joke,labyrinth,calamity,malfeasance,c,"'Labyrinth' (a confusing maze) contrasts with 'a straightforward bracket', matching the tax code's needless complexity.",medium,,pu-dogar,pu-e:past_paper;pu-m:past_paper;pu-ahs:past_paper;pu-csp:past_paper;pu-css:past_paper;pu-cse:past_paper;pu-gs:past_paper;pu-com:past_paper
pu-verbal-reasoning-ch4-q27,verbal-reasoning-sentence-completion-q21,Verbal Reasoning,pu-verbal-reasoning,4,sentence-completion,Sentence Completion,topic,"The editorial, in obvious opposition to the article appearing in yesterday's newspaper, was well-written, well-documented, factual, and non-confrontational, the only intent of which seemed to ______ the article.",repudiate,contradict,correct,lend credence,show support,a,"'Repudiate' (reject, deny) fits an editorial 'in obvious opposition to' the earlier article.",medium,,pu-dogar,pu-e:past_paper;pu-m:past_paper;pu-ahs:past_paper;pu-csp:past_paper;pu-css:past_paper;pu-cse:past_paper;pu-gs:past_paper;pu-com:past_paper
pu-verbal-reasoning-ch4-q28,verbal-reasoning-sentence-completion-q22,Verbal Reasoning,pu-verbal-reasoning,4,sentence-completion,Sentence Completion,topic,"It is within the ______ years that wisdom evidences itself, when those long in tooth, grayed-in hair, and physically feeble demonstrate knowledge that is only paid for with the price of age.",latent,dormant,transcended,tenacious,crepuscular,e,"'Crepuscular' means twilight-like; here it is used figuratively for the 'twilight' (later) years of life, when wisdom is said to appear.",medium,,pu-dogar,pu-e:past_paper;pu-m:past_paper;pu-ahs:past_paper;pu-csp:past_paper;pu-css:past_paper;pu-cse:past_paper;pu-gs:past_paper;pu-com:past_paper
pu-verbal-reasoning-ch4-q29,verbal-reasoning-sentence-completion-q23,Verbal Reasoning,pu-verbal-reasoning,4,sentence-completion,Sentence Completion,topic,"Now is not the time for ______ decisions, but ______ in our cause for freedom.",difficult... acquiescence,peaceful... tenacity,austere... commitment,tentative... resolution,weak... discourse,d,"'Tentative' (hesitant) contrasts with 'resolution' (firm resolve), matching 'now is not the time for X, but Y'.",medium,,pu-dogar,pu-e:past_paper;pu-m:past_paper;pu-ahs:past_paper;pu-csp:past_paper;pu-css:past_paper;pu-cse:past_paper;pu-gs:past_paper;pu-com:past_paper
pu-verbal-reasoning-ch4-q30,verbal-reasoning-sentence-completion-q24,Verbal Reasoning,pu-verbal-reasoning,4,sentence-completion,Sentence Completion,topic,"In order to ______ ratings, the incumbent directed party loyalists to flood the media with ______ about recent developments in job creation.",bolster... accolades,improve... talk,explain... data,nullify... falsehoods,mollify... rumors,a,"'Bolster' (strengthen) fits raising ratings, and 'accolades' (praise) fits favourable talk about job creation.",medium,,pu-dogar,pu-e:past_paper;pu-m:past_paper;pu-ahs:past_paper;pu-csp:past_paper;pu-css:past_paper;pu-cse:past_paper;pu-gs:past_paper;pu-com:past_paper
pu-verbal-reasoning-ch7-q1,verbal-reasoning-sentence-completion-with-grammatical-words-q1,Verbal Reasoning,pu-verbal-reasoning,7,sentence-completion,Sentence Completion,topic,Truth or Love in grammar is ______:,Noun,Verb,Asbstract noun,Concrete,,c,"'Truth' and 'Love' name qualities/ideas rather than physical things, which makes them abstract nouns.",easy,,pu-dogar,pu-e:past_paper;pu-m:past_paper;pu-ahs:past_paper;pu-csp:past_paper;pu-css:past_paper;pu-cse:past_paper;pu-gs:past_paper;pu-com:past_paper
pu-verbal-reasoning-ch7-q2,verbal-reasoning-sentence-completion-with-grammatical-words-q2,Verbal Reasoning,pu-verbal-reasoning,7,sentence-completion,Sentence Completion,topic,"Who, which or what are ______:",Relative Pronouns,Interrogative pronouns,Indefinite pronouns,Reciprocal pronouns,,b,"'Who', 'which', and 'what' are used to ask questions, making them interrogative pronouns.",easy,,pu-dogar,pu-e:past_paper;pu-m:past_paper;pu-ahs:past_paper;pu-csp:past_paper;pu-css:past_paper;pu-cse:past_paper;pu-gs:past_paper;pu-com:past_paper
pu-verbal-reasoning-ch7-q3,verbal-reasoning-sentence-completion-with-grammatical-words-q3,Verbal Reasoning,pu-verbal-reasoning,7,sentence-completion,Sentence Completion,topic,"A word that expresses an action, an occurrence or a state of being called ______:",Noun,Verb,Pronoun,Adjective,,b,"A word expressing an action, occurrence, or state of being is, by definition, a verb.",medium,,pu-dogar,pu-e:past_paper;pu-m:past_paper;pu-ahs:past_paper;pu-csp:past_paper;pu-css:past_paper;pu-cse:past_paper;pu-gs:past_paper;pu-com:past_paper
pu-verbal-reasoning-ch7-q4,verbal-reasoning-sentence-completion-with-grammatical-words-q4,Verbal Reasoning,pu-verbal-reasoning,7,sentence-completion,Sentence Completion,topic,Friday prayer is ______ adjective:,Descriptive,Proper,Limiting,Article,,b,"'Friday' is a specific (proper) name used to describe the prayer, making it a proper adjective.",easy,,pu-dogar,pu-e:past_paper;pu-m:past_paper;pu-ahs:past_paper;pu-csp:past_paper;pu-css:past_paper;pu-cse:past_paper;pu-gs:past_paper;pu-com:past_paper
pu-verbal-reasoning-ch7-q5,verbal-reasoning-sentence-completion-with-grammatical-words-q5,Verbal Reasoning,pu-verbal-reasoning,7,sentence-completion,Sentence Completion,topic,______ is an indefinite Pronoun.,My self,This book,Every one,Who,,c,"'Every one' does not refer to a specific person, making it an indefinite pronoun.",easy,,pu-dogar,pu-e:past_paper;pu-m:past_paper;pu-ahs:past_paper;pu-csp:past_paper;pu-css:past_paper;pu-cse:past_paper;pu-gs:past_paper;pu-com:past_paper
pu-verbal-reasoning-ch7-q6,verbal-reasoning-sentence-completion-with-grammatical-words-q6,Verbal Reasoning,pu-verbal-reasoning,7,sentence-completion,Sentence Completion,topic,------ is a Relative Pronoun?,My self,This book,Every one,Who,None of these,d,"'Who' introduces a relative clause referring back to a noun, making it a relative pronoun.",easy,,pu-dogar,pu-e:past_paper;pu-m:past_paper;pu-ahs:past_paper;pu-csp:past_paper;pu-css:past_paper;pu-cse:past_paper;pu-gs:past_paper;pu-com:past_paper
pu-verbal-reasoning-ch7-q7,verbal-reasoning-sentence-completion-with-grammatical-words-q7,Verbal Reasoning,pu-verbal-reasoning,7,sentence-completion,Sentence Completion,topic,"""Mr. Aslam has telephoned his son once a week for years"" is a ------ tense.",Present prefect,Present,Past,Future,None of these,a,"'Has telephoned ... for years' describes an action continuing from the past into the present, which is the present perfect tense.",medium,,pu-dogar,pu-e:past_paper;pu-m:past_paper;pu-ahs:past_paper;pu-csp:past_paper;pu-css:past_paper;pu-cse:past_paper;pu-gs:past_paper;pu-com:past_paper
pu-verbal-reasoning-ch7-q8,verbal-reasoning-sentence-completion-with-grammatical-words-q8,Verbal Reasoning,pu-verbal-reasoning,7,sentence-completion,Sentence Completion,topic,"""Mr. Aslam talks to his son on the telephone daily"" is a ------ tense.",Present perfect,Present,Past,Past perfect,None of these,b,"'Talks ... daily' describes a habitual action, which is expressed in the simple present tense.",medium,,pu-dogar,pu-e:past_paper;pu-m:past_paper;pu-ahs:past_paper;pu-csp:past_paper;pu-css:past_paper;pu-cse:past_paper;pu-gs:past_paper;pu-com:past_paper
pu-verbal-reasoning-ch7-q9,verbal-reasoning-sentence-completion-with-grammatical-words-q9,Verbal Reasoning,pu-verbal-reasoning,7,sentence-completion,Sentence Completion,topic,"Objectives limiting the meaning of a noun showing either possession, demonstration, or number are called:",Limiting adjective,Descriptive adjective,Proper adjective,Indicative adjective,None of these,c,"Adjectives that limit a noun by possession, demonstration, or number (rather than describing a quality) are called proper adjectives in this classification.",medium,,pu-dogar,pu-e:past_paper;pu-m:past_paper;pu-ahs:past_paper;pu-csp:past_paper;pu-css:past_paper;pu-cse:past_paper;pu-gs:past_paper;pu-com:past_paper
pu-verbal-reasoning-ch7-q11,verbal-reasoning-sentence-completion-with-grammatical-words-q11,Verbal Reasoning,pu-verbal-reasoning,7,sentence-completion,Sentence Completion,topic,The experienced judge usually does not jump ________ the conclusions.,At,On,For,To,None of these,a,'Jump at conclusions' (idiom) means to judge hastily without enough evidence.,easy,,pu-dogar,pu-e:past_paper;pu-m:past_paper;pu-ahs:past_paper;pu-csp:past_paper;pu-css:past_paper;pu-cse:past_paper;pu-gs:past_paper;pu-com:past_paper
pu-verbal-reasoning-ch7-q12,verbal-reasoning-sentence-completion-with-grammatical-words-q12,Verbal Reasoning,pu-verbal-reasoning,7,sentence-completion,Sentence Completion,topic,The hypocrite ________ the feelings which he does not possess but which he feels he should display.,Conceals,Condones,Betrays,Stimulate,None of these,d,'Stimulate' fits best: the hypocrite artificially produces (stimulates) feelings he doesn't genuinely have but wants to display.,medium,,pu-dogar,pu-e:past_paper;pu-m:past_paper;pu-ahs:past_paper;pu-csp:past_paper;pu-css:past_paper;pu-cse:past_paper;pu-gs:past_paper;pu-com:past_paper
pu-verbal-reasoning-ch7-q13,verbal-reasoning-sentence-completion-with-grammatical-words-q13,Verbal Reasoning,pu-verbal-reasoning,7,sentence-completion,Sentence Completion,topic,"Adolf Hitler had his detractors, but his critics have had amazingly ________ success at shaking his self confidence or ________ his reputation.","Great, repairing","Small, enhancing","Little, denting","doctors, heroism",None of these,c,"'Little' fits 'amazingly ... success' (i.e., barely any success), and 'denting' fits the idea of only slightly damaging his reputation.",medium,,pu-dogar,pu-e:past_paper;pu-m:past_paper;pu-ahs:past_paper;pu-csp:past_paper;pu-css:past_paper;pu-cse:past_paper;pu-gs:past_paper;pu-com:past_paper
pu-verbal-reasoning-ch7-q14,verbal-reasoning-sentence-completion-with-grammatical-words-q14,Verbal Reasoning,pu-verbal-reasoning,7,sentence-completion,Sentence Completion,topic,Scientists and ________ tracking down germs have shown ________ in their fight against disease.,"Surgeons, boldness","Dentists, skill","Artists, skill","Doctor, heroism",None of these,d,"'Doctor' fits the group tracking down germs alongside scientists, and 'heroism' fits their fight against disease.",medium,,pu-dogar,pu-e:past_paper;pu-m:past_paper;pu-ahs:past_paper;pu-csp:past_paper;pu-css:past_paper;pu-cse:past_paper;pu-gs:past_paper;pu-com:past_paper
pu-verbal-reasoning-ch7-q15,verbal-reasoning-sentence-completion-with-grammatical-words-q15,Verbal Reasoning,pu-verbal-reasoning,7,sentence-completion,Sentence Completion,topic,"Critics of the law and order situation, in Pakistan argue that, rather than aiding people's efforts to protect their lives, police ________ their freedom.",Seep,Suppress,Renew,Abet,None of these,b,'Suppress' fits critics' argument that police restrict rather than protect people's freedom.,medium,,pu-dogar,pu-e:past_paper;pu-m:past_paper;pu-ahs:past_paper;pu-csp:past_paper;pu-css:past_paper;pu-cse:past_paper;pu-gs:past_paper;pu-com:past_paper
pu-verbal-reasoning-ch7-q16,verbal-reasoning-sentence-completion-with-grammatical-words-q16,Verbal Reasoning,pu-verbal-reasoning,7,sentence-completion,Sentence Completion,topic,The politicians speech usually contains nothing but empty promises ________ and chinches.,Cadre,Platitudes,Nuance,Threats,None of these,b,"'Platitudes' (overused, empty remarks) fits alongside 'empty promises' and 'chinches' (clichés).",medium,,pu-dogar,pu-e:past_paper;pu-m:past_paper;pu-ahs:past_paper;pu-csp:past_paper;pu-css:past_paper;pu-cse:past_paper;pu-gs:past_paper;pu-com:past_paper
pu-verbal-reasoning-ch7-q17,verbal-reasoning-sentence-completion-with-grammatical-words-q17,Verbal Reasoning,pu-verbal-reasoning,7,sentence-completion,Sentence Completion,topic,"By virtue of much practice in computer, Mr. Azhar became ________ and was able to manipulate his mechanical tools with either hand.",Practical,Ambidextrous,Ambivalent,Tricky,None of these,b,"'Ambidextrous' fits being able to use either hand equally well, as stated in the sentence.",medium,,pu-dogar,pu-e:past_paper;pu-m:past_paper;pu-ahs:past_paper;pu-csp:past_paper;pu-css:past_paper;pu-cse:past_paper;pu-gs:past_paper;pu-com:past_paper
pu-verbal-reasoning-ch7-q18,verbal-reasoning-sentence-completion-with-grammatical-words-q18,Verbal Reasoning,pu-verbal-reasoning,7,sentence-completion,Sentence Completion,topic,The poetess Parveen Shakar received little honour in her lifetime but has gained considerable fame:,Privately,Prematurely,Previously,Posthumously,None of these,d,"'Posthumously' fits gaining fame after death, contrasting with 'little honour in her lifetime'.",medium,,pu-dogar,pu-e:past_paper;pu-m:past_paper;pu-ahs:past_paper;pu-csp:past_paper;pu-css:past_paper;pu-cse:past_paper;pu-gs:past_paper;pu-com:past_paper
pu-verbal-reasoning-ch7-q19,verbal-reasoning-sentence-completion-with-grammatical-words-q19,Verbal Reasoning,pu-verbal-reasoning,7,sentence-completion,Sentence Completion,topic,"Quaid-e-Azam library kept the old books, not for any ________ value they had but for purely ________ reasons.","Intrinsic, sentimental","Potential, monetary","Financial, Pecuniary","Personal, accidental",None of these,c,"'Financial' and 'pecuniary' both relate to money, fitting a contrast between the books' monetary value and the reason they were kept for reasons unrelated to it.",medium,,pu-dogar,pu-e:past_paper;pu-m:past_paper;pu-ahs:past_paper;pu-csp:past_paper;pu-css:past_paper;pu-cse:past_paper;pu-gs:past_paper;pu-com:past_paper
pu-verbal-reasoning-ch7-q20,verbal-reasoning-sentence-completion-with-grammatical-words-q20,Verbal Reasoning,pu-verbal-reasoning,7,sentence-completion,Sentence Completion,topic,Techniques for preserving and storing blood plasma for emergency use in Pakistan proved so ________ that it became ________ for the present bank blood system used by the Red Crescent.,"effective, model","urgent, pattern","innocuous, excuse","complex, blueprint",None of these,c,'Innocuous' (harmless) and 'excuse' fit a technique so unremarkable that it merely became a justification for continuing the existing blood bank system.,medium,,pu-dogar,pu-e:past_paper;pu-m:past_paper;pu-ahs:past_paper;pu-csp:past_paper;pu-css:past_paper;pu-cse:past_paper;pu-gs:past_paper;pu-com:past_paper
pu-verbal-reasoning-ch7-q21,verbal-reasoning-sentence-completion-with-grammatical-words-q21,Verbal Reasoning,pu-verbal-reasoning,7,sentence-completion,Sentence Completion,topic,"Because Azad saw no ________ to the task assigned to him, he worked at it in a very ________ way.","end, rigid","Point, perfunctory","method, dutiful","Purpose, diligent",None of these,a,"'End' (purpose) fits seeing no point to the task, and 'rigid' fits a stiff, unmotivated way of working.",medium,,pu-dogar,pu-e:past_paper;pu-m:past_paper;pu-ahs:past_paper;pu-csp:past_paper;pu-css:past_paper;pu-cse:past_paper;pu-gs:past_paper;pu-com:past_paper
pu-verbal-reasoning-ch7-q22,verbal-reasoning-sentence-completion-with-grammatical-words-q22,Verbal Reasoning,pu-verbal-reasoning,7,sentence-completion,Sentence Completion,topic,The fact is that pain is the body's early warning system loss of ________ in the extremities leaves a person ________ injuring him:,"Agony, incapable of","Feeling, habituated to","Sensation, vulnerable to","Movement, prone to",None of these,c,"'Sensation' fits loss of feeling, and 'vulnerable to' fits being at risk of injuring oneself without that warning sensation.",medium,,pu-dogar,pu-e:past_paper;pu-m:past_paper;pu-ahs:past_paper;pu-csp:past_paper;pu-css:past_paper;pu-cse:past_paper;pu-gs:past_paper;pu-com:past_paper
pu-verbal-reasoning-ch7-q23,verbal-reasoning-sentence-completion-with-grammatical-words-q23,Verbal Reasoning,pu-verbal-reasoning,7,sentence-completion,Sentence Completion,topic,"Luckily, Rehana was ________ her accomplishments probably unwilling to ________ before her friends.","excited by, praise","uncertain of, conceal","unaware of, conceal","deprecatory about, flaunt",,c,"'Unaware of' fits not recognizing her own accomplishments, and 'conceal' fits being unwilling to hide something she isn't even aware of showing.",hard,,pu-dogar,pu-e:past_paper;pu-m:past_paper;pu-ahs:past_paper;pu-csp:past_paper;pu-css:past_paper;pu-cse:past_paper;pu-gs:past_paper;pu-com:past_paper
pu-verbal-reasoning-ch7-q24,verbal-reasoning-sentence-completion-with-grammatical-words-q24,Verbal Reasoning,pu-verbal-reasoning,7,sentence-completion,Sentence Completion,topic,Wooden surface was glued ________ the steel surface.,With in,Against,On to,In to,None of these,b,'Against' is the correct preposition for one surface being glued onto another.,easy,,pu-dogar,pu-e:past_paper;pu-m:past_paper;pu-ahs:past_paper;pu-csp:past_paper;pu-css:past_paper;pu-cse:past_paper;pu-gs:past_paper;pu-com:past_paper
pu-verbal-reasoning-ch7-q25,verbal-reasoning-sentence-completion-with-grammatical-words-q25,Verbal Reasoning,pu-verbal-reasoning,7,sentence-completion,Sentence Completion,topic,________ is a person who dabbles in art and letters.,Philosopher,Philistine,Chauvinist,Dilettante,None of these,d,A 'dilettante' is someone who dabbles in art and letters without serious commitment or expertise.,easy,,pu-dogar,pu-e:past_paper;pu-m:past_paper;pu-ahs:past_paper;pu-csp:past_paper;pu-css:past_paper;pu-cse:past_paper;pu-gs:past_paper;pu-com:past_paper
pu-verbal-reasoning-ch7-q26,verbal-reasoning-sentence-completion-with-grammatical-words-q26,Verbal Reasoning,pu-verbal-reasoning,7,sentence-completion,Sentence Completion,topic,"The committee censured the member, noting that his behaviour was the very ________ of ethical conduct.",Essence,Embodiment,Nature,Antithesis,None of these,d,'Antithesis' means the direct opposite; the member's behaviour was the opposite of ethical conduct.,medium,,pu-dogar,pu-e:past_paper;pu-m:past_paper;pu-ahs:past_paper;pu-csp:past_paper;pu-css:past_paper;pu-cse:past_paper;pu-gs:past_paper;pu-com:past_paper
pu-verbal-reasoning-ch7-q27,verbal-reasoning-sentence-completion-with-grammatical-words-q27,Verbal Reasoning,pu-verbal-reasoning,7,sentence-completion,Sentence Completion,topic,Stand here ________ I speak:,While,As,When,The time,None of these,a,'While' correctly introduces a clause describing an action happening at the same time ('stand here while I speak').,easy,,pu-dogar,pu-e:past_paper;pu-m:past_paper;pu-ahs:past_paper;pu-csp:past_paper;pu-css:past_paper;pu-cse:past_paper;pu-gs:past_paper;pu-com:past_paper
pu-verbal-reasoning-ch7-q28,verbal-reasoning-sentence-completion-with-grammatical-words-q28,Verbal Reasoning,pu-verbal-reasoning,7,sentence-completion,Sentence Completion,topic,The tapeworm is an example of ________ organism:,Parasitic,Protozoan,Exemplary,Hospitable,None of these,a,"The tapeworm lives on/in a host organism, making it a parasitic organism.",easy,,pu-dogar,pu-e:past_paper;pu-m:past_paper;pu-ahs:past_paper;pu-csp:past_paper;pu-css:past_paper;pu-cse:past_paper;pu-gs:past_paper;pu-com:past_paper
pu-verbal-reasoning-ch7-q29,verbal-reasoning-sentence-completion-with-grammatical-words-q29,Verbal Reasoning,pu-verbal-reasoning,7,sentence-completion,Sentence Completion,topic,"Although leprosy is not highly contagious disease, those who have contracted it have always been pariahs and ________ by others.",Ostracized,Accepted,Sheltered,Admonished,None of these,a,"'Ostracized' fits being excluded/shunned by others, matching 'pariahs' earlier in the sentence.",medium,,pu-dogar,pu-e:past_paper;pu-m:past_paper;pu-ahs:past_paper;pu-csp:past_paper;pu-css:past_paper;pu-cse:past_paper;pu-gs:past_paper;pu-com:past_paper
pu-verbal-reasoning-ch7-q30,verbal-reasoning-sentence-completion-with-grammatical-words-q30,Verbal Reasoning,pu-verbal-reasoning,7,sentence-completion,Sentence Completion,topic,"Although the novel was generally boring and awkwardly written, there were ________ passages of power and lyricism which hinted at the author's ________:",Occasional: Potential,Frequent: Malevolence,Static: Style,Ill conceived: Superficiality,Contrived: ignorance,a,"'Occasional' fits passages that appear now and then in an otherwise boring novel, and 'potential' fits a hint of the author's promise.",medium,,pu-dogar,pu-e:past_paper;pu-m:past_paper;pu-ahs:past_paper;pu-csp:past_paper;pu-css:past_paper;pu-cse:past_paper;pu-gs:past_paper;pu-com:past_paper
pu-verbal-reasoning-ch7-q31,verbal-reasoning-sentence-completion-with-grammatical-words-q31,Verbal Reasoning,pu-verbal-reasoning,7,sentence-completion,Sentence Completion,topic,"Although the manager of the corporation was wrong, his stubborn refusal to ________ or even to compromise ________ an already tense situation:",Arbitrate: Thwarted,Capitulate: Exacerbated,Censure: Rectified,Mandate: Violated,Scrutinize: Contained,b,"'Capitulate' (give in) fits his stubborn refusal to yield, and 'exacerbated' fits worsening an already tense situation.",medium,,pu-dogar,pu-e:past_paper;pu-m:past_paper;pu-ahs:past_paper;pu-csp:past_paper;pu-css:past_paper;pu-cse:past_paper;pu-gs:past_paper;pu-com:past_paper
pu-verbal-reasoning-ch7-q32,verbal-reasoning-sentence-completion-with-grammatical-words-q32,Verbal Reasoning,pu-verbal-reasoning,7,sentence-completion,Sentence Completion,topic,Portraits painted in Pakistan are quite charming but ________ and demonstrate the isolation of Pakistani painter. They show little or no ________ of the development of painting in Asia:,Grotesque: Concern,Frivolous: Affirmation,Deliberate: Domination,Sophisticated: Consideration,Primitive: knowledge,e,"'Primitive' fits charming but unsophisticated portraits, and 'knowledge' fits the painters' isolation from wider artistic developments in Asia.",medium,,pu-dogar,pu-e:past_paper;pu-m:past_paper;pu-ahs:past_paper;pu-csp:past_paper;pu-css:past_paper;pu-cse:past_paper;pu-gs:past_paper;pu-com:past_paper
pu-verbal-reasoning-ch7-q33,verbal-reasoning-sentence-completion-with-grammatical-words-q33,Verbal Reasoning,pu-verbal-reasoning,7,sentence-completion,Sentence Completion,topic,"The design of the building was magnificent, but its classical lines seemed almost ________ and out of place in the business district which was ________ ultramodern steel and glass sky scrapers.",Garish: Beleaguered,Anachronistic: Replete with,Untoward: Bereft of,Grotesque: Enhanced by,Sanguine: Populated by,b,"'Anachronistic' (belonging to a different era) fits classical lines feeling out of place, and 'replete with' fits a district full of ultramodern skyscrapers.",medium,,pu-dogar,pu-e:past_paper;pu-m:past_paper;pu-ahs:past_paper;pu-csp:past_paper;pu-css:past_paper;pu-cse:past_paper;pu-gs:past_paper;pu-com:past_paper
pu-verbal-reasoning-ch7-q34,verbal-reasoning-sentence-completion-with-grammatical-words-q34,Verbal Reasoning,pu-verbal-reasoning,7,sentence-completion,Sentence Completion,topic,"Animal behaviorists theories that dogs are more ________ then cats because they are pack animals whereas cats, solitary hunters are more independent and ________ therefore less likely to try to please their owners.",Precocious: Complex,Aggressive: Obsequious,Tractable: Obdurate,Intelligent: Resilient,Formidable: Reliable,c,"'Tractable' (easily managed) fits pack-oriented dogs, and 'obdurate' (stubborn) fits independent, solitary cats.",medium,,pu-dogar,pu-e:past_paper;pu-m:past_paper;pu-ahs:past_paper;pu-csp:past_paper;pu-css:past_paper;pu-cse:past_paper;pu-gs:past_paper;pu-com:past_paper
pu-verbal-reasoning-ch5-q7,verbal-reasoning-comprehension-q2,Verbal Reasoning,pu-verbal-reasoning,5,sentence-completion,Sentence Completion,topic,"Although the jury thought the defendant had been somewhat less than ----- in his testimony, the ----- summary of the defense attorney finally convinced them of her client's innocence.",Interesting: Lack luster,Candid: Persuasive,Convincing: Inordinate,Honest: Confusing,Forth right: Irrational,b,"'Candid' fits testimony that was 'less than' honest, and 'persuasive' fits a summary that convinced the jury despite that.",medium,,pu-dogar,pu-e:past_paper;pu-m:past_paper;pu-ahs:past_paper;pu-csp:past_paper;pu-css:past_paper;pu-cse:past_paper;pu-gs:past_paper;pu-com:past_paper
pu-verbal-reasoning-ch5-q8,verbal-reasoning-comprehension-q3,Verbal Reasoning,pu-verbal-reasoning,5,sentence-completion,Sentence Completion,topic,The guests invited to meet the famous critic were ----- by a charm which contrasted sharply with the ----- of his writing:,Appalled: Inadequacy,Frustrated: Wittiness,Deceived: Elegance,Delighted: Venom,Enthralled: Lucidity,d,"'Delighted' fits guests charmed by him, contrasting with the 'venom' (bitterness) of his writing.",medium,,pu-dogar,pu-e:past_paper;pu-m:past_paper;pu-ahs:past_paper;pu-csp:past_paper;pu-css:past_paper;pu-cse:past_paper;pu-gs:past_paper;pu-com:past_paper
pu-verbal-reasoning-ch5-q9,verbal-reasoning-comprehension-q4,Verbal Reasoning,pu-verbal-reasoning,5,sentence-completion,Sentence Completion,topic,The term Indian is a misnomer for the Native American introduced by Columbus and ----- by historians.,Eradicated,Arbitrated,Infiltrated,Perpetuated,Coerced,d,'Perpetuated' fits a mistaken term that historians kept in continued use rather than corrected.,medium,,pu-dogar,pu-e:past_paper;pu-m:past_paper;pu-ahs:past_paper;pu-csp:past_paper;pu-css:past_paper;pu-cse:past_paper;pu-gs:past_paper;pu-com:past_paper
pu-verbal-reasoning-ch5-q10,verbal-reasoning-comprehension-q5,Verbal Reasoning,pu-verbal-reasoning,5,sentence-completion,Sentence Completion,topic,"In his private life he was quite ----- but he gave large sums of money to charities, so most people thought of him as a------.",Pusillanimous: Charlatan,Immodest: Chauvinist,Flamboyant: Savant,Sinister: Mercenary,Miser: Philanthropist,e,"'Miser' fits someone stingy in private life, and 'philanthropist' fits how he was seen publicly because of his large charitable donations.",medium,,pu-dogar,pu-e:past_paper;pu-m:past_paper;pu-ahs:past_paper;pu-csp:past_paper;pu-css:past_paper;pu-cse:past_paper;pu-gs:past_paper;pu-com:past_paper
pu-verbal-reasoning-ch5-q11,verbal-reasoning-comprehension-q6,Verbal Reasoning,pu-verbal-reasoning,5,sentence-completion,Sentence Completion,topic,"Although Mozart's music suggests a composer of great ----- and seriousness, his letters imply that he was naive and----------.",Erudition: Grave,Sophistication: uncouth,Fortitude: Macabre,Levity: Sanctimonious,Fragility: Pensive,b,"'Sophistication' fits what his music suggests, contrasting with 'uncouth' (unrefined), which is what his letters imply about him.",medium,,pu-dogar,pu-e:past_paper;pu-m:past_paper;pu-ahs:past_paper;pu-csp:past_paper;pu-css:past_paper;pu-cse:past_paper;pu-gs:past_paper;pu-com:past_paper
pu-verbal-reasoning-ch5-q12,verbal-reasoning-comprehension-q7,Verbal Reasoning,pu-verbal-reasoning,5,sentence-completion,Sentence Completion,topic,"Although he had inherited a substantial amount of money, his ----- soon led to his filing for bankruptcy.",Prodigality,Volubility,Tenacity,Fastidiousness,Animosity,a,'Prodigality' (wasteful extravagance) fits someone who inherited money but still ended up bankrupt.,medium,,pu-dogar,pu-e:past_paper;pu-m:past_paper;pu-ahs:past_paper;pu-csp:past_paper;pu-css:past_paper;pu-cse:past_paper;pu-gs:past_paper;pu-com:past_paper
pu-verbal-reasoning-ch5-q13,verbal-reasoning-comprehension-q8,Verbal Reasoning,pu-verbal-reasoning,5,sentence-completion,Sentence Completion,topic,"Recent studies demonstrate that personal memory is actually quite ------, subject to contamination and reshaping so that aspects of a person's memory are apt to be ------ or erroneous.",Implausible: Inaccurate,Volatile: Subjective,Malleable: Insensitive,Inhibited: Recalcitrant,Comprehensive: Reflective,b,"'Volatile' fits memory that is unstable and easily changed, and 'subjective' fits the resulting inaccuracies.",medium,,pu-dogar,pu-e:past_paper;pu-m:past_paper;pu-ahs:past_paper;pu-csp:past_paper;pu-css:past_paper;pu-cse:past_paper;pu-gs:past_paper;pu-com:past_paper
pu-verbal-reasoning-ch5-q14,verbal-reasoning-comprehension-q9,Verbal Reasoning,pu-verbal-reasoning,5,sentence-completion,Sentence Completion,topic,"Despite the millions of rupees spent on the improvements, the telephone system in Pakistan remains ------ and continues to ------ the citizens who depend on it.",Primitive: trouble,Bombastic: up set,Suspicious: connect,Outdated: elate,Impartial: vex,a,"'Primitive' (outdated) fits a telephone system that hasn't improved despite spending, and 'trouble' fits its effect on citizens.",medium,,pu-dogar,pu-e:past_paper;pu-m:past_paper;pu-ahs:past_paper;pu-csp:past_paper;pu-css:past_paper;pu-cse:past_paper;pu-gs:past_paper;pu-com:past_paper
pu-verbal-reasoning-ch5-q15,verbal-reasoning-comprehension-q10,Verbal Reasoning,pu-verbal-reasoning,5,sentence-completion,Sentence Completion,topic,"Contrary to popular opinion, bats are not generally aggressive and rabid, most are shy and-------:",Turgid,Disfigured,Punctual,Innocuous,Depraved,d,'Innocuous' (harmless) directly contrasts with the popular but mistaken belief that bats are aggressive and rabid.,medium,,pu-dogar,pu-e:past_paper;pu-m:past_paper;pu-ahs:past_paper;pu-csp:past_paper;pu-css:past_paper;pu-cse:past_paper;pu-gs:past_paper;pu-com:past_paper
pu-verbal-reasoning-ch5-q16,verbal-reasoning-comprehension-q11,Verbal Reasoning,pu-verbal-reasoning,5,sentence-completion,Sentence Completion,topic,"Unlike the images in the symbolist poetry which are often vague and ------, the images of surrealist poetry are startlingly, ------ and bold.",Extraneous: furtive,Trivial: inadvertent,Obscure: concrete,Spectacular: Pallid,Symmetrical-virulent,c,"'Obscure' fits vague symbolist images, contrasting with 'concrete', which fits the startling, bold surrealist images.",medium,,pu-dogar,pu-e:past_paper;pu-m:past_paper;pu-ahs:past_paper;pu-csp:past_paper;pu-css:past_paper;pu-cse:past_paper;pu-gs:past_paper;pu-com:past_paper
pu-verbal-reasoning-ch5-q17,verbal-reasoning-comprehension-q12,Verbal Reasoning,pu-verbal-reasoning,5,sentence-completion,Sentence Completion,topic,"A good trial lawyer will argue only what is central to an issue, eliminating ------ information or anything else which might ------ the client.",Seminal: amuse,Extraneous: jeopardize,Erratic: enhance,Prodigious: extol,Reprehensible: initiate,b,"'Extraneous' (irrelevant) fits information a good lawyer would eliminate, and 'jeopardize' fits protecting the client from risk.",medium,,pu-dogar,pu-e:past_paper;pu-m:past_paper;pu-ahs:past_paper;pu-csp:past_paper;pu-css:past_paper;pu-cse:past_paper;pu-gs:past_paper;pu-com:past_paper
pu-verbal-reasoning-ch5-q19,verbal-reasoning-comprehension-q14,Verbal Reasoning,pu-verbal-reasoning,5,sentence-completion,Sentence Completion,topic,"Pollen grains and spores that are 200 million years old are now being extracted from shale and are ------ the theory that the break up of the continents occurred in stages infact, it seems that the break ups occurred almost ------",Refining: blatantly,Reshaping: simultaneously,Countermanding: imperceptibly,Forging: vicariously,Supporting: haphazardly,b,"'Reshaping' fits new evidence changing a theory, and 'simultaneously' fits the continents breaking up at nearly the same time.",medium,,pu-dogar,pu-e:past_paper;pu-m:past_paper;pu-ahs:past_paper;pu-csp:past_paper;pu-css:past_paper;pu-cse:past_paper;pu-gs:past_paper;pu-com:past_paper
pu-verbal-reasoning-ch5-q21,verbal-reasoning-comprehension-q16,Verbal Reasoning,pu-verbal-reasoning,5,sentence-completion,Sentence Completion,topic,Execution by the lethal injection although horrifying is certainly more civilized than the ------ penalty of death by torture or dismemberment:,Pervasive,Viler,Humane,Prolific,None of these,b,'Viler' (more cruel/vile) fits contrasting lethal injection with the crueller historical penalty of torture or dismemberment.,medium,,pu-dogar,pu-e:past_paper;pu-m:past_paper;pu-ahs:past_paper;pu-csp:past_paper;pu-css:past_paper;pu-cse:past_paper;pu-gs:past_paper;pu-com:past_paper
pu-verbal-reasoning-ch5-q93,claude-gen-p1-q1,Verbal Reasoning,pu-verbal-reasoning,5,comprehension,Comprehension,topic,"Pakistan faces a persistent energy shortfall that affects households, factories, and hospitals alike. In recent years, however, solar power has emerged as an unlikely solution, spreading not through large state-led projects but through the initiative of ordinary citizens and small businesses. Falling prices for solar panels, driven mainly by manufacturing in China, have made rooftop installations affordable even for lower middle-class households, who install panels to escape frequent and costly grid outages. Unlike a centrally planned rollout, this growth has been fragmented and largely unregulated, creating challenges for utility companies that must still maintain the grid for those who cannot afford to leave it. Critics argue that this piecemeal approach benefits primarily those who can pay for the initial investment, while the poorest households, unable to afford panels, remain dependent on an increasingly strained public grid. Even so, few dispute that solar power has quietly become one of the country's fastest-growing energy sources, driven less by government policy than by ordinary people responding to necessity.

Q: The passage is primarily concerned with:",The technical process of manufacturing solar panels,How solar power has spread in Pakistan largely through individual initiative rather than government planning,The complete failure of Pakistan's electricity grid,A comparison between Pakistani and Chinese energy policy,,b,"The passage's central theme, stated in the opening and closing lines, is that solar power's growth was 'driven less by government policy than by ordinary people responding to necessity' — i.e. individual initiative, not central planning.",easy,,claude-generated,
pu-verbal-reasoning-ch5-q94,claude-gen-p1-q2,Verbal Reasoning,pu-verbal-reasoning,5,comprehension,Comprehension,topic,"Pakistan faces a persistent energy shortfall that affects households, factories, and hospitals alike. In recent years, however, solar power has emerged as an unlikely solution, spreading not through large state-led projects but through the initiative of ordinary citizens and small businesses. Falling prices for solar panels, driven mainly by manufacturing in China, have made rooftop installations affordable even for lower middle-class households, who install panels to escape frequent and costly grid outages. Unlike a centrally planned rollout, this growth has been fragmented and largely unregulated, creating challenges for utility companies that must still maintain the grid for those who cannot afford to leave it. Critics argue that this piecemeal approach benefits primarily those who can pay for the initial investment, while the poorest households, unable to afford panels, remain dependent on an increasingly strained public grid. Even so, few dispute that solar power has quietly become one of the country's fastest-growing energy sources, driven less by government policy than by ordinary people responding to necessity.

Q: It can be inferred from the passage that the poorest households:",Have benefited most from falling solar panel prices,Are largely unaffected by grid outages,Remain more dependent on the public grid than wealthier households,Have received the largest government subsidies for solar power,,c,"The passage states the poorest households, 'unable to afford panels, remain dependent on an increasingly strained public grid' — the opposite of wealthier households who can afford to install their own panels.",medium,,claude-generated,
pu-verbal-reasoning-ch5-q95,claude-gen-p1-q3,Verbal Reasoning,pu-verbal-reasoning,5,comprehension,Comprehension,topic,"Pakistan faces a persistent energy shortfall that affects households, factories, and hospitals alike. In recent years, however, solar power has emerged as an unlikely solution, spreading not through large state-led projects but through the initiative of ordinary citizens and small businesses. Falling prices for solar panels, driven mainly by manufacturing in China, have made rooftop installations affordable even for lower middle-class households, who install panels to escape frequent and costly grid outages. Unlike a centrally planned rollout, this growth has been fragmented and largely unregulated, creating challenges for utility companies that must still maintain the grid for those who cannot afford to leave it. Critics argue that this piecemeal approach benefits primarily those who can pay for the initial investment, while the poorest households, unable to afford panels, remain dependent on an increasingly strained public grid. Even so, few dispute that solar power has quietly become one of the country's fastest-growing energy sources, driven less by government policy than by ordinary people responding to necessity.

Q: As used in the passage, the word 'fragmented' most nearly means:","Broken into disconnected, uncoordinated parts",Extremely fast-growing,Illegal,Environmentally friendly,,a,"'Fragmented' is contrasted with 'a centrally planned rollout' in the same sentence, so it describes growth that happened in scattered, uncoordinated pieces rather than as a single organized effort.",medium,,claude-generated,
pu-verbal-reasoning-ch5-q96,claude-gen-p1-q4,Verbal Reasoning,pu-verbal-reasoning,5,comprehension,Comprehension,topic,"Pakistan faces a persistent energy shortfall that affects households, factories, and hospitals alike. In recent years, however, solar power has emerged as an unlikely solution, spreading not through large state-led projects but through the initiative of ordinary citizens and small businesses. Falling prices for solar panels, driven mainly by manufacturing in China, have made rooftop installations affordable even for lower middle-class households, who install panels to escape frequent and costly grid outages. Unlike a centrally planned rollout, this growth has been fragmented and largely unregulated, creating challenges for utility companies that must still maintain the grid for those who cannot afford to leave it. Critics argue that this piecemeal approach benefits primarily those who can pay for the initial investment, while the poorest households, unable to afford panels, remain dependent on an increasingly strained public grid. Even so, few dispute that solar power has quietly become one of the country's fastest-growing energy sources, driven less by government policy than by ordinary people responding to necessity.

Q: According to the passage, what has mainly driven falling solar panel prices?",Pakistani government subsidies,Manufacturing in China,Reduced demand for solar energy,New environmental regulations,,b,The passage directly states that falling prices were 'driven mainly by manufacturing in China'.,easy,,claude-generated,
pu-verbal-reasoning-ch5-q97,claude-gen-p2-q1,Verbal Reasoning,pu-verbal-reasoning,5,comprehension,Comprehension,topic,"When I was a boy, our small town had only one library, a single narrow room attached to the old municipal building, with a ceiling fan that groaned more than it cooled. The librarian, a stern woman named Miss Rasheeda, never smiled, yet she remembered the name of every child who borrowed a book and would set aside new arrivals for those she judged serious readers. I did not think of myself as one of them; I visited mostly to escape the afternoon heat. It was only years later, sorting through boxes after her retirement, that I found a small notebook in which she had recorded, in a careful hand, the books each of us had read and, beside certain names, brief notes such as 'ready for harder books now.' Beside my own name she had written nothing for two years, and then, quite suddenly, 'finally reading properly.' I have never been able to decide whether I became a reader because of that room, or whether she simply recognized, long before I did, that I already was one.

Q: The passage is best described as:",A formal history of a public library system,A personal recollection about a librarian's quiet influence on the narrator,An argument for building more libraries in small towns,A biography of Miss Rasheeda,,b,"The passage is written in the first person as a memory ('When I was a boy...') and centres on how the narrator came to see the librarian's quiet attention to his reading — a personal recollection, not a formal history, argument, or biography.",easy,,claude-generated,
pu-verbal-reasoning-ch5-q98,claude-gen-p2-q2,Verbal Reasoning,pu-verbal-reasoning,5,comprehension,Comprehension,topic,"When I was a boy, our small town had only one library, a single narrow room attached to the old municipal building, with a ceiling fan that groaned more than it cooled. The librarian, a stern woman named Miss Rasheeda, never smiled, yet she remembered the name of every child who borrowed a book and would set aside new arrivals for those she judged serious readers. I did not think of myself as one of them; I visited mostly to escape the afternoon heat. It was only years later, sorting through boxes after her retirement, that I found a small notebook in which she had recorded, in a careful hand, the books each of us had read and, beside certain names, brief notes such as 'ready for harder books now.' Beside my own name she had written nothing for two years, and then, quite suddenly, 'finally reading properly.' I have never been able to decide whether I became a reader because of that room, or whether she simply recognized, long before I did, that I already was one.

Q: The narrator's discovery of the notebook suggests that Miss Rasheeda:",Disliked most of the children who visited the library,Was indifferent to which books the children read,"Paid close, quiet attention to each child's reading progress",Kept the notebook to report to the children’s parents,,c,"The notebook recorded, 'in a careful hand,' the books each child read along with progress notes like 'ready for harder books now' — evidence of careful, ongoing attention she never openly showed.",medium,,claude-generated,
pu-verbal-reasoning-ch5-q99,claude-gen-p2-q3,Verbal Reasoning,pu-verbal-reasoning,5,comprehension,Comprehension,topic,"When I was a boy, our small town had only one library, a single narrow room attached to the old municipal building, with a ceiling fan that groaned more than it cooled. The librarian, a stern woman named Miss Rasheeda, never smiled, yet she remembered the name of every child who borrowed a book and would set aside new arrivals for those she judged serious readers. I did not think of myself as one of them; I visited mostly to escape the afternoon heat. It was only years later, sorting through boxes after her retirement, that I found a small notebook in which she had recorded, in a careful hand, the books each of us had read and, beside certain names, brief notes such as 'ready for harder books now.' Beside my own name she had written nothing for two years, and then, quite suddenly, 'finally reading properly.' I have never been able to decide whether I became a reader because of that room, or whether she simply recognized, long before I did, that I already was one.

Q: As used in the passage, 'stern' most nearly means:",Warm and affectionate,Serious and strict in manner,Forgetful,Talkative,,b,"'Stern' describes Miss Rasheeda, who 'never smiled' — consistent with a serious, strict manner, the opposite of warmth or talkativeness.",easy,,claude-generated,
pu-verbal-reasoning-ch5-q100,claude-gen-p2-q4,Verbal Reasoning,pu-verbal-reasoning,5,comprehension,Comprehension,topic,"When I was a boy, our small town had only one library, a single narrow room attached to the old municipal building, with a ceiling fan that groaned more than it cooled. The librarian, a stern woman named Miss Rasheeda, never smiled, yet she remembered the name of every child who borrowed a book and would set aside new arrivals for those she judged serious readers. I did not think of myself as one of them; I visited mostly to escape the afternoon heat. It was only years later, sorting through boxes after her retirement, that I found a small notebook in which she had recorded, in a careful hand, the books each of us had read and, beside certain names, brief notes such as 'ready for harder books now.' Beside my own name she had written nothing for two years, and then, quite suddenly, 'finally reading properly.' I have never been able to decide whether I became a reader because of that room, or whether she simply recognized, long before I did, that I already was one.

Q: The narrator's final statement ('I have never been able to decide...') mainly conveys:",Certainty that the library was solely responsible for his love of reading,Regret about not visiting the library more often,Reflective uncertainty about how much credit the librarian deserves for his becoming a reader,Criticism of Miss Rasheeda's teaching methods,,c,"The narrator says he 'never been able to decide' whether the room made him a reader or whether Miss Rasheeda simply recognized what he already was — an open, reflective uncertainty, not a firm claim, regret, or criticism.",medium,,claude-generated,
